ride_id,bike_id,station_start,station_end,started_at,ended_at,user_type
r-00001,b-141,Syntagma,Piraeus,2026-01-30 10:25:00,2026-01-30 10:42:00,subscriber
r-00002,b-280,Monastiraki,Piraeus,2026-01-11 11:48:00,2026-01-11 12:08:00,subscriber
r-00003,b-048,Syntagma,Monastiraki,2026-01-28 04:58:00,2026-01-28 05:55:00,subscriber
r-00004,b-102,Syntagma,Gazi,2026-01-11 22:07:00,2026-01-11 23:14:00,casual
r-00005,b-004,Akropoli,Kifisia,2026-01-11 08:46:00,2026-01-11 09:46:00,subscriber
r-00006,b-111,Akropoli,Monastiraki,2026-01-20 13:36:00,2026-01-20 14:22:00,casual
r-00007,b-184,Piraeus,Syntagma,2026-01-05 23:38:00,2026-01-05 23:52:00,casual
r-00008,b-236,Syntagma,Piraeus,2026-01-28 19:25:00,2026-01-28 20:01:00,subscriber
r-00009,b-186,Akropoli,Kifisia,2026-01-18 13:27:00,2026-01-18 13:40:00,subscriber
r-00010,b-149,Panepistimio,Kifisia,2026-01-04 11:58:00,2026-01-04 12:06:00,subscriber
r-00011,b-233,Piraeus,Omonia,2026-01-11 22:16:00,2026-01-11 22:31:00,casual
r-00012,b-137,Gazi,Monastiraki,2026-01-08 17:39:00,2026-01-08 18:29:00,subscriber
r-00013,b-126,Omonia,Gazi,2026-01-29 01:20:00,2026-01-29 02:44:00,subscriber
r-00014,b-286,Akropoli,Piraeus,2026-01-22 08:54:00,2026-01-22 09:45:00,subscriber
r-00015,b-017,Panepistimio,Kifisia,2026-01-16 02:12:00,2026-01-16 02:22:00,casual
r-00016,b-291,Monastiraki,Omonia,2026-01-19 14:10:00,2026-01-19 14:47:00,casual
r-00017,b-235,Kifisia,Panepistimio,2026-01-11 00:14:00,2026-01-11 01:40:00,subscriber
r-00018,b-288,Panepistimio,Piraeus,2026-01-13 09:19:00,2026-01-13 09:39:00,casual
r-00019,b-113,Piraeus,Omonia,2026-01-27 22:31:00,2026-01-27 23:28:00,subscriber
r-00020,b-025,Monastiraki,Kifisia,2026-01-24 12:32:00,2026-01-24 13:38:00,subscriber
r-00021,b-217,Omonia,Kifisia,2026-01-08 06:56:00,2026-01-08 08:19:00,subscriber
r-00022,b-129,Kifisia,Akropoli,2026-01-18 20:16:00,2026-01-18 21:07:00,subscriber
r-00023,b-175,Akropoli,Kifisia,2026-01-06 13:07:00,2026-01-06 14:37:00,subscriber
r-00024,b-002,Omonia,Akropoli,2026-01-14 16:34:00,2026-01-14 17:32:00,casual
r-00025,b-153,Monastiraki,Kifisia,2026-01-24 02:46:00,2026-01-24 03:11:00,subscriber
r-00026,b-272,Omonia,Gazi,2026-01-08 06:56:00,2026-01-08 07:46:00,subscriber
r-00027,b-058,Kifisia,Syntagma,2026-01-28 14:12:00,2026-01-28 14:56:00,casual
r-00028,b-291,Syntagma,Omonia,2026-01-15 07:53:00,2026-01-15 08:26:00,subscriber
r-00029,b-273,Monastiraki,Kifisia,2026-01-05 05:33:00,2026-01-05 06:38:00,subscriber
r-00030,b-085,Kifisia,Akropoli,2026-01-07 04:14:00,2026-01-07 05:41:00,casual
r-00031,b-277,Piraeus,Monastiraki,2026-01-25 08:21:00,2026-01-25 09:41:00,subscriber
r-00032,b-265,Gazi,Panepistimio,2026-01-15 12:28:00,2026-01-15 13:22:00,casual
r-00033,b-174,Panepistimio,Syntagma,2026-01-06 20:10:00,2026-01-06 20:44:00,subscriber
r-00034,b-113,Panepistimio,Gazi,2026-01-28 02:35:00,2026-01-28 03:48:00,subscriber
r-00035,b-035,Syntagma,Omonia,2026-01-04 13:32:00,2026-01-04 14:55:00,subscriber
r-00036,b-249,Panepistimio,Omonia,2026-01-16 08:54:00,2026-01-16 09:06:00,subscriber
r-00037,b-243,Kifisia,Monastiraki,2026-01-25 20:59:00,2026-01-25 21:18:00,casual
r-00038,b-221,Monastiraki,Piraeus,2026-01-09 23:58:00,2026-01-10 00:13:00,casual
r-00039,b-028,Kifisia,Piraeus,2026-01-20 14:39:00,2026-01-20 15:34:00,subscriber
r-00040,b-056,Gazi,Kifisia,2026-01-04 02:12:00,2026-01-04 03:06:00,subscriber
r-00041,b-217,Kifisia,Monastiraki,2026-01-10 01:16:00,2026-01-10 01:43:00,subscriber
r-00042,b-039,Panepistimio,Kifisia,2026-01-14 00:14:00,2026-01-14 01:16:00,casual
r-00043,b-277,Syntagma,Piraeus,2026-01-26 09:06:00,2026-01-26 09:21:00,subscriber
r-00044,b-249,Omonia,Akropoli,2026-01-05 13:52:00,2026-01-05 14:25:00,casual
r-00045,b-195,Syntagma,Omonia,2026-01-11 01:28:00,2026-01-11 02:22:00,subscriber
r-00046,b-217,Kifisia,Omonia,2026-01-19 02:26:00,2026-01-19 03:02:00,casual
r-00047,b-030,Akropoli,Monastiraki,2026-01-08 09:04:00,2026-01-08 09:31:00,subscriber
r-00048,b-245,Syntagma,Gazi,2026-01-15 14:32:00,2026-01-15 14:42:00,subscriber
r-00049,b-096,Monastiraki,Kifisia,2026-01-03 22:07:00,2026-01-03 23:15:00,subscriber
r-00050,b-062,Panepistimio,Akropoli,2026-01-28 09:56:00,2026-01-28 10:07:00,subscriber
r-00051,b-042,Syntagma,Gazi,2026-01-27 16:20:00,2026-01-27 17:39:00,casual
r-00052,b-105,Gazi,Omonia,2026-01-31 06:01:00,2026-01-31 07:18:00,casual
r-00053,b-154,Piraeus,Monastiraki,2026-01-12 04:42:00,2026-01-12 05:18:00,casual
r-00054,b-289,Syntagma,Akropoli,2026-01-15 17:20:00,2026-01-15 17:32:00,subscriber
r-00055,b-136,Panepistimio,Gazi,2026-01-04 16:01:00,2026-01-04 17:12:00,subscriber
r-00056,b-146,Panepistimio,Omonia,2026-01-17 05:12:00,2026-01-17 05:23:00,subscriber
r-00057,b-271,Akropoli,Gazi,2026-01-21 06:36:00,2026-01-21 07:48:00,subscriber
r-00058,b-136,Monastiraki,Omonia,2026-01-26 13:46:00,2026-01-26 14:27:00,subscriber
r-00059,b-145,Omonia,Panepistimio,2026-01-06 04:54:00,2026-01-06 06:07:00,subscriber
r-00060,b-251,Akropoli,Gazi,2026-01-16 22:31:00,2026-01-16 23:00:00,casual
r-00061,b-142,Piraeus,Kifisia,2026-01-03 15:29:00,2026-01-03 15:43:00,subscriber
r-00062,b-135,Omonia,Piraeus,2026-01-01 11:52:00,2026-01-01 12:37:00,subscriber
r-00063,b-005,Piraeus,Akropoli,2026-01-21 10:36:00,2026-01-21 11:49:00,subscriber
r-00064,b-190,Syntagma,Kifisia,2026-01-04 18:11:00,2026-01-04 18:33:00,subscriber
r-00065,b-187,Syntagma,Panepistimio,2026-01-20 21:26:00,2026-01-20 21:45:00,subscriber
r-00066,b-053,Panepistimio,Piraeus,2026-01-17 14:49:00,2026-01-17 15:18:00,casual
r-00067,b-084,Omonia,Monastiraki,2026-01-26 19:32:00,2026-01-26 20:27:00,subscriber
r-00068,b-171,Omonia,Piraeus,2026-01-20 02:20:00,2026-01-20 02:26:00,casual
r-00069,b-056,Omonia,Kifisia,2026-01-12 15:03:00,2026-01-12 15:40:00,casual
r-00070,b-236,Panepistimio,Monastiraki,2026-01-03 02:17:00,2026-01-03 03:20:00,casual
r-00071,b-099,Panepistimio,Syntagma,2026-01-15 05:20:00,2026-01-15 05:52:00,casual
r-00072,b-143,Monastiraki,Kifisia,2026-01-16 06:32:00,2026-01-16 07:10:00,casual
r-00073,b-275,Piraeus,Gazi,2026-01-30 12:40:00,2026-01-30 13:48:00,casual
r-00074,b-298,Akropoli,Monastiraki,2026-01-02 14:08:00,2026-01-02 14:25:00,casual
r-00075,b-161,Piraeus,Omonia,2026-01-03 01:47:00,2026-01-03 02:03:00,casual
r-00076,b-296,Monastiraki,Akropoli,2026-01-28 22:08:00,2026-01-28 23:16:00,subscriber
r-00077,b-267,Piraeus,Syntagma,2026-01-12 22:13:00,2026-01-12 22:21:00,subscriber
r-00078,b-170,Monastiraki,Piraeus,2026-01-17 21:49:00,2026-01-17 22:47:00,casual
r-00079,b-210,Akropoli,Piraeus,2026-01-07 00:07:00,2026-01-07 00:48:00,casual
r-00080,b-216,Omonia,Monastiraki,2026-01-19 15:31:00,2026-01-19 16:11:00,casual
r-00081,b-281,Akropoli,Panepistimio,2026-01-09 06:05:00,2026-01-09 07:26:00,subscriber
r-00082,b-297,Panepistimio,Akropoli,2026-01-15 03:54:00,2026-01-15 04:33:00,casual
r-00083,b-110,Kifisia,Gazi,2026-01-22 11:53:00,2026-01-22 12:52:00,casual
r-00084,b-264,Monastiraki,Panepistimio,2026-01-09 01:20:00,2026-01-09 02:47:00,casual
r-00085,b-102,Akropoli,Monastiraki,2026-01-05 14:00:00,2026-01-05 14:33:00,subscriber
r-00086,b-038,Panepistimio,Akropoli,2026-01-02 10:40:00,2026-01-02 10:48:00,casual
r-00087,b-197,Panepistimio,Piraeus,2026-01-20 04:40:00,2026-01-20 06:03:00,casual
r-00088,b-003,Omonia,Piraeus,2026-01-19 12:31:00,2026-01-19 13:05:00,subscriber
r-00089,b-266,Omonia,Kifisia,2026-01-20 16:22:00,2026-01-20 16:53:00,casual
r-00090,b-063,Panepistimio,Kifisia,2026-01-03 14:51:00,2026-01-03 16:05:00,casual
r-00091,b-227,Gazi,Kifisia,2026-01-07 09:38:00,2026-01-07 10:40:00,casual
r-00092,b-244,Omonia,Piraeus,2026-01-26 06:25:00,2026-01-26 07:25:00,casual
r-00093,b-267,Akropoli,Kifisia,2026-01-13 03:06:00,2026-01-13 03:40:00,casual
r-00094,b-040,Akropoli,Panepistimio,2026-01-29 20:34:00,2026-01-29 21:07:00,casual
r-00095,b-277,Gazi,Omonia,2026-01-12 00:07:00,2026-01-12 00:44:00,subscriber
r-00096,b-079,Panepistimio,Akropoli,2026-01-07 15:08:00,2026-01-07 15:30:00,subscriber
r-00097,b-278,Piraeus,Omonia,2026-01-04 06:09:00,2026-01-04 07:05:00,casual
r-00098,b-216,Panepistimio,Kifisia,2026-01-20 06:08:00,2026-01-20 06:18:00,casual
r-00099,b-004,Piraeus,Panepistimio,2026-01-27 21:58:00,2026-01-27 22:03:00,casual
r-00100,b-280,Piraeus,Akropoli,2026-01-14 22:09:00,2026-01-14 23:01:00,subscriber
r-00101,b-249,Akropoli,Panepistimio,2026-01-23 13:16:00,2026-01-23 13:47:00,subscriber
r-00102,b-085,Piraeus,Gazi,2026-01-19 00:44:00,2026-01-19 01:30:00,casual
r-00103,b-289,Syntagma,Akropoli,2026-01-07 03:24:00,2026-01-07 04:46:00,subscriber
r-00104,b-237,Piraeus,Monastiraki,2026-01-05 03:41:00,2026-01-05 05:06:00,subscriber
r-00105,b-109,Piraeus,Omonia,2026-01-03 14:55:00,2026-01-03 15:31:00,casual
r-00106,b-216,Piraeus,Omonia,2026-01-16 05:00:00,2026-01-16 05:46:00,casual
r-00107,b-277,Syntagma,Piraeus,2026-01-05 01:27:00,2026-01-05 02:30:00,subscriber
r-00108,b-021,Monastiraki,Kifisia,2026-01-17 06:15:00,2026-01-17 06:46:00,subscriber
r-00109,b-079,Syntagma,Gazi,2026-01-12 14:05:00,2026-01-12 14:33:00,subscriber
r-00110,b-112,Monastiraki,Gazi,2026-01-07 01:52:00,2026-01-07 02:55:00,casual
r-00111,b-059,Omonia,Gazi,2026-01-12 23:53:00,2026-01-13 00:43:00,subscriber
r-00112,b-295,Syntagma,Panepistimio,2026-01-15 11:44:00,2026-01-15 12:00:00,casual
r-00113,b-125,Monastiraki,Gazi,2026-01-19 09:15:00,2026-01-19 09:43:00,subscriber
r-00114,b-290,Monastiraki,Kifisia,2026-01-15 01:24:00,2026-01-15 02:54:00,subscriber
r-00115,b-190,Piraeus,Gazi,2026-01-17 03:14:00,2026-01-17 04:25:00,subscriber
r-00116,b-216,Gazi,Syntagma,2026-01-24 08:38:00,2026-01-24 10:03:00,casual
r-00117,b-236,Gazi,Piraeus,2026-01-06 03:16:00,2026-01-06 04:14:00,subscriber
r-00118,b-276,Akropoli,Gazi,2026-01-21 03:40:00,2026-01-21 04:05:00,casual
r-00119,b-126,Akropoli,Omonia,2026-01-22 11:45:00,2026-01-22 12:43:00,subscriber
r-00120,b-238,Panepistimio,Kifisia,2026-01-14 00:39:00,2026-01-14 01:39:00,casual
r-00121,b-167,Kifisia,Piraeus,2026-01-16 15:26:00,2026-01-16 15:32:00,subscriber
r-00122,b-133,Gazi,Kifisia,2026-01-23 12:32:00,2026-01-23 13:02:00,casual
r-00123,b-006,Akropoli,Gazi,2026-01-14 01:27:00,2026-01-14 02:46:00,subscriber
r-00124,b-285,Piraeus,Panepistimio,2026-01-05 05:30:00,2026-01-05 06:03:00,subscriber
r-00125,b-009,Kifisia,Panepistimio,2026-01-23 00:01:00,2026-01-23 01:26:00,subscriber
r-00126,b-125,Piraeus,Gazi,2026-01-14 17:23:00,2026-01-14 17:54:00,casual
r-00127,b-272,Kifisia,Akropoli,2026-01-27 19:12:00,2026-01-27 20:02:00,casual
r-00128,b-233,Gazi,Omonia,2026-01-20 16:45:00,2026-01-20 17:58:00,casual
r-00129,b-099,Panepistimio,Syntagma,2026-01-15 06:54:00,2026-01-15 07:29:00,casual
r-00130,b-111,Omonia,Monastiraki,2026-01-06 18:35:00,2026-01-06 19:46:00,casual
r-00131,b-100,Akropoli,Syntagma,2026-01-13 22:00:00,2026-01-13 23:18:00,casual
r-00132,b-008,Omonia,Panepistimio,2026-01-11 16:28:00,2026-01-11 17:17:00,subscriber
r-00133,b-150,Syntagma,Gazi,2026-01-13 19:37:00,2026-01-13 19:45:00,subscriber
r-00134,b-007,Monastiraki,Kifisia,2026-01-30 08:43:00,2026-01-30 09:48:00,casual
r-00135,b-095,Kifisia,Omonia,2026-01-22 16:42:00,2026-01-22 17:46:00,subscriber
r-00136,b-034,Monastiraki,Kifisia,2026-01-12 19:46:00,2026-01-12 20:50:00,casual
r-00137,b-077,Syntagma,Omonia,2026-01-23 17:07:00,2026-01-23 17:19:00,casual
r-00138,b-214,Monastiraki,Gazi,2026-01-05 05:02:00,2026-01-05 05:36:00,subscriber
r-00139,b-153,Kifisia,Panepistimio,2026-01-25 02:47:00,2026-01-25 03:38:00,casual
r-00140,b-051,Syntagma,Gazi,2026-01-15 05:33:00,2026-01-15 06:48:00,subscriber
r-00141,b-042,Akropoli,Piraeus,2026-01-29 19:13:00,2026-01-29 19:43:00,subscriber
r-00142,b-002,Monastiraki,Omonia,2026-01-12 05:59:00,2026-01-12 06:24:00,casual
r-00143,b-017,Kifisia,Omonia,2026-01-21 20:04:00,2026-01-21 21:23:00,subscriber
r-00144,b-120,Kifisia,Syntagma,2026-01-14 10:41:00,2026-01-14 11:20:00,casual
r-00145,b-059,Panepistimio,Akropoli,2026-01-29 18:43:00,2026-01-29 20:01:00,subscriber
r-00146,b-073,Akropoli,Kifisia,2026-01-30 19:23:00,2026-01-30 19:45:00,subscriber
r-00147,b-292,Akropoli,Gazi,2026-01-04 01:08:00,2026-01-04 01:32:00,casual
r-00148,b-156,Kifisia,Gazi,2026-01-21 07:40:00,2026-01-21 07:58:00,casual
r-00149,b-042,Kifisia,Panepistimio,2026-01-13 17:21:00,2026-01-13 18:28:00,subscriber
r-00150,b-047,Akropoli,Syntagma,2026-01-20 23:53:00,2026-01-21 00:37:00,subscriber
r-00151,b-138,Syntagma,Kifisia,2026-01-27 12:16:00,2026-01-27 13:34:00,subscriber
r-00152,b-093,Kifisia,Omonia,2026-01-09 07:21:00,2026-01-09 08:24:00,casual
r-00153,b-179,Monastiraki,Akropoli,2026-01-30 05:21:00,2026-01-30 06:26:00,casual
r-00154,b-083,Monastiraki,Kifisia,2026-01-16 12:03:00,2026-01-16 12:47:00,casual
r-00155,b-206,Akropoli,Piraeus,2026-01-20 01:37:00,2026-01-20 02:43:00,subscriber
r-00156,b-166,Gazi,Omonia,2026-01-22 00:47:00,2026-01-22 01:01:00,subscriber
r-00157,b-278,Syntagma,Piraeus,2026-01-19 17:28:00,2026-01-19 18:36:00,casual
r-00158,b-186,Panepistimio,Gazi,2026-01-20 03:22:00,2026-01-20 03:31:00,casual
r-00159,b-137,Syntagma,Omonia,2026-01-29 19:06:00,2026-01-29 20:05:00,subscriber
r-00160,b-015,Kifisia,Syntagma,2026-01-14 10:36:00,2026-01-14 11:35:00,subscriber
r-00161,b-209,Syntagma,Gazi,2026-01-08 12:59:00,2026-01-08 13:41:00,subscriber
r-00162,b-079,Kifisia,Syntagma,2026-01-11 13:25:00,2026-01-11 13:42:00,casual
r-00163,b-248,Akropoli,Panepistimio,2026-01-14 14:47:00,2026-01-14 15:55:00,casual
r-00164,b-098,Omonia,Akropoli,2026-01-12 10:13:00,2026-01-12 11:14:00,subscriber
r-00165,b-260,Piraeus,Omonia,2026-01-04 12:15:00,2026-01-04 12:53:00,casual
r-00166,b-297,Akropoli,Kifisia,2026-01-01 10:48:00,2026-01-01 11:27:00,casual
r-00167,b-171,Kifisia,Omonia,2026-01-08 02:18:00,2026-01-08 03:18:00,casual
r-00168,b-123,Panepistimio,Piraeus,2026-01-22 01:21:00,2026-01-22 02:05:00,casual
r-00169,b-243,Syntagma,Panepistimio,2026-01-11 23:06:00,2026-01-12 00:01:00,casual
r-00170,b-019,Omonia,Akropoli,2026-01-18 21:42:00,2026-01-18 23:09:00,subscriber
r-00171,b-052,Gazi,Kifisia,2026-01-24 04:38:00,2026-01-24 05:56:00,casual
r-00172,b-074,Kifisia,Syntagma,2026-01-05 20:54:00,2026-01-05 22:04:00,casual
r-00173,b-136,Monastiraki,Akropoli,2026-01-31 03:11:00,2026-01-31 03:33:00,casual
r-00174,b-169,Monastiraki,Kifisia,2026-01-29 16:45:00,2026-01-29 17:38:00,casual
r-00175,b-278,Kifisia,Piraeus,2026-01-15 17:52:00,2026-01-15 19:15:00,subscriber
r-00176,b-148,Panepistimio,Piraeus,2026-01-29 10:25:00,2026-01-29 10:36:00,subscriber
r-00177,b-052,Monastiraki,Kifisia,2026-01-05 10:43:00,2026-01-05 11:41:00,casual
r-00178,b-167,Syntagma,Monastiraki,2026-01-08 21:42:00,2026-01-08 22:23:00,subscriber
r-00179,b-075,Gazi,Panepistimio,2026-01-14 16:26:00,2026-01-14 17:14:00,subscriber
r-00180,b-090,Omonia,Monastiraki,2026-01-25 12:10:00,2026-01-25 13:05:00,subscriber
r-00181,b-299,Panepistimio,Akropoli,2026-01-29 01:43:00,2026-01-29 02:34:00,subscriber
r-00182,b-131,Akropoli,Panepistimio,2026-01-11 21:36:00,2026-01-11 22:38:00,subscriber
r-00183,b-227,Omonia,Syntagma,2026-01-22 12:10:00,2026-01-22 12:49:00,casual
r-00184,b-129,Piraeus,Gazi,2026-01-28 01:47:00,2026-01-28 02:28:00,casual
r-00185,b-248,Piraeus,Kifisia,2026-01-15 01:59:00,2026-01-15 02:27:00,subscriber
r-00186,b-152,Gazi,Akropoli,2026-01-12 03:05:00,2026-01-12 03:56:00,casual
r-00187,b-005,Piraeus,Omonia,2026-01-02 07:57:00,2026-01-02 09:24:00,subscriber
r-00188,b-118,Akropoli,Kifisia,2026-01-28 22:21:00,2026-01-28 23:27:00,casual
r-00189,b-129,Panepistimio,Gazi,2026-01-11 07:12:00,2026-01-11 08:36:00,subscriber
r-00190,b-226,Syntagma,Panepistimio,2026-01-29 22:12:00,2026-01-29 22:27:00,subscriber
r-00191,b-152,Omonia,Syntagma,2026-01-27 17:02:00,2026-01-27 17:51:00,casual
r-00192,b-277,Panepistimio,Monastiraki,2026-01-20 05:50:00,2026-01-20 06:15:00,casual
r-00193,b-085,Akropoli,Kifisia,2026-01-25 11:49:00,2026-01-25 12:56:00,casual
r-00194,b-059,Gazi,Kifisia,2026-01-23 06:18:00,2026-01-23 06:58:00,casual
r-00195,b-204,Panepistimio,Kifisia,2026-01-04 18:14:00,2026-01-04 18:35:00,casual
r-00196,b-275,Syntagma,Panepistimio,2026-01-05 10:38:00,2026-01-05 11:31:00,subscriber
r-00197,b-196,Akropoli,Gazi,2026-01-22 00:44:00,2026-01-22 01:34:00,casual
r-00198,b-013,Panepistimio,Akropoli,2026-01-06 06:20:00,2026-01-06 07:49:00,casual
r-00199,b-238,Monastiraki,Piraeus,2026-01-29 02:22:00,2026-01-29 02:53:00,casual
r-00200,b-024,Monastiraki,Omonia,2026-01-30 21:08:00,2026-01-30 22:03:00,subscriber
r-00201,b-121,Monastiraki,Syntagma,2026-01-15 04:26:00,2026-01-15 05:32:00,subscriber
r-00202,b-277,Gazi,Piraeus,2026-01-19 00:30:00,2026-01-19 01:31:00,casual
r-00203,b-051,Piraeus,Gazi,2026-01-28 01:31:00,2026-01-28 01:53:00,casual
r-00204,b-190,Akropoli,Syntagma,2026-01-29 08:27:00,2026-01-29 09:22:00,subscriber
r-00205,b-186,Panepistimio,Kifisia,2026-01-21 12:17:00,2026-01-21 13:16:00,subscriber
r-00206,b-204,Gazi,Syntagma,2026-01-18 01:13:00,2026-01-18 02:25:00,casual
r-00207,b-109,Kifisia,Syntagma,2026-01-09 23:19:00,2026-01-09 23:37:00,subscriber
r-00208,b-290,Panepistimio,Monastiraki,2026-01-03 15:14:00,2026-01-03 15:59:00,subscriber
r-00209,b-111,Panepistimio,Gazi,2026-01-04 10:56:00,2026-01-04 12:09:00,subscriber
r-00210,b-075,Syntagma,Panepistimio,2026-01-16 06:52:00,2026-01-16 07:13:00,subscriber
r-00211,b-014,Omonia,Syntagma,2026-01-25 22:03:00,2026-01-25 22:38:00,subscriber
r-00212,b-166,Panepistimio,Gazi,2026-01-02 00:13:00,2026-01-02 01:01:00,subscriber
r-00213,b-216,Syntagma,Omonia,2026-01-09 06:19:00,2026-01-09 06:55:00,subscriber
r-00214,b-186,Kifisia,Piraeus,2026-01-04 05:25:00,2026-01-04 06:28:00,subscriber
r-00215,b-023,Panepistimio,Gazi,2026-01-21 21:42:00,2026-01-21 22:49:00,casual
r-00216,b-246,Syntagma,Monastiraki,2026-01-22 04:18:00,2026-01-22 05:43:00,casual
r-00217,b-228,Monastiraki,Akropoli,2026-01-20 17:36:00,2026-01-20 19:06:00,subscriber
r-00218,b-065,Omonia,Syntagma,2026-01-05 00:14:00,2026-01-05 00:58:00,casual
r-00219,b-272,Gazi,Panepistimio,2026-01-29 17:55:00,2026-01-29 19:19:00,casual
r-00220,b-059,Piraeus,Syntagma,2026-01-21 23:34:00,2026-01-22 00:41:00,subscriber
r-00221,b-174,Panepistimio,Akropoli,2026-01-20 21:45:00,2026-01-20 22:45:00,casual
r-00222,b-219,Monastiraki,Panepistimio,2026-01-19 11:31:00,2026-01-19 12:27:00,casual
r-00223,b-243,Omonia,Piraeus,2026-01-12 22:24:00,2026-01-12 23:14:00,subscriber
r-00224,b-050,Monastiraki,Akropoli,2026-01-05 11:38:00,2026-01-05 11:51:00,casual
r-00225,b-288,Syntagma,Gazi,2026-01-07 06:07:00,2026-01-07 07:21:00,casual
r-00226,b-217,Gazi,Kifisia,2026-01-06 21:30:00,2026-01-06 22:25:00,subscriber
r-00227,b-054,Akropoli,Omonia,2026-01-14 10:10:00,2026-01-14 11:29:00,subscriber
r-00228,b-056,Kifisia,Monastiraki,2026-01-08 09:00:00,2026-01-08 10:27:00,casual
r-00229,b-143,Monastiraki,Kifisia,2026-01-26 15:35:00,2026-01-26 16:25:00,subscriber
r-00230,b-137,Syntagma,Gazi,2026-01-20 20:42:00,2026-01-20 21:56:00,subscriber
r-00231,b-180,Akropoli,Omonia,2026-01-09 13:03:00,2026-01-09 13:40:00,subscriber
r-00232,b-073,Piraeus,Syntagma,2026-01-09 14:08:00,2026-01-09 14:29:00,subscriber
r-00233,b-215,Panepistimio,Akropoli,2026-01-05 12:13:00,2026-01-05 13:23:00,casual
r-00234,b-167,Gazi,Omonia,2026-01-16 20:20:00,2026-01-16 20:43:00,subscriber
r-00235,b-026,Omonia,Kifisia,2026-01-03 17:27:00,2026-01-03 17:49:00,subscriber
r-00236,b-227,Piraeus,Panepistimio,2026-01-13 17:12:00,2026-01-13 18:11:00,casual
r-00237,b-221,Monastiraki,Panepistimio,2026-01-13 18:22:00,2026-01-13 18:52:00,subscriber
r-00238,b-158,Kifisia,Akropoli,2026-01-14 05:22:00,2026-01-14 06:51:00,subscriber
r-00239,b-105,Syntagma,Monastiraki,2026-01-11 08:51:00,2026-01-11 09:44:00,casual
r-00240,b-168,Akropoli,Omonia,2026-01-10 22:43:00,2026-01-10 23:03:00,subscriber
r-00241,b-067,Piraeus,Monastiraki,2026-01-01 16:26:00,2026-01-01 17:32:00,casual
r-00242,b-204,Gazi,Syntagma,2026-01-25 13:43:00,2026-01-25 14:15:00,subscriber
r-00243,b-161,Kifisia,Syntagma,2026-01-21 04:28:00,2026-01-21 04:33:00,casual
r-00244,b-059,Piraeus,Omonia,2026-01-27 10:18:00,2026-01-27 11:12:00,casual
r-00245,b-236,Omonia,Kifisia,2026-01-02 06:46:00,2026-01-02 07:30:00,casual
r-00246,b-224,Monastiraki,Omonia,2026-01-05 08:15:00,2026-01-05 09:13:00,casual
r-00247,b-159,Piraeus,Kifisia,2026-01-25 04:18:00,2026-01-25 04:31:00,casual
r-00248,b-262,Omonia,Syntagma,2026-01-11 10:00:00,2026-01-11 10:45:00,subscriber
r-00249,b-179,Panepistimio,Kifisia,2026-01-25 11:33:00,2026-01-25 12:41:00,casual
r-00250,b-075,Panepistimio,Syntagma,2026-01-30 16:59:00,2026-01-30 17:20:00,casual
r-00251,b-039,Omonia,Kifisia,2026-01-10 07:28:00,2026-01-10 07:53:00,subscriber
r-00252,b-289,Kifisia,Piraeus,2026-01-29 21:53:00,2026-01-29 22:59:00,casual
r-00253,b-162,Gazi,Kifisia,2026-01-27 00:34:00,2026-01-27 01:59:00,subscriber
r-00254,b-156,Kifisia,Panepistimio,2026-01-21 08:20:00,2026-01-21 08:31:00,casual
r-00255,b-038,Gazi,Akropoli,2026-01-28 05:59:00,2026-01-28 06:09:00,casual
r-00256,b-189,Syntagma,Monastiraki,2026-01-22 08:20:00,2026-01-22 09:20:00,casual
r-00257,b-260,Monastiraki,Gazi,2026-01-04 19:48:00,2026-01-04 21:13:00,casual
r-00258,b-293,Syntagma,Akropoli,2026-01-22 09:24:00,2026-01-22 10:41:00,subscriber
r-00259,b-078,Kifisia,Akropoli,2026-01-15 23:11:00,2026-01-16 00:31:00,subscriber
r-00260,b-044,Gazi,Piraeus,2026-01-21 20:05:00,2026-01-21 20:21:00,subscriber
r-00261,b-269,Kifisia,Panepistimio,2026-01-03 02:45:00,2026-01-03 03:19:00,subscriber
r-00262,b-210,Akropoli,Panepistimio,2026-01-17 21:28:00,2026-01-17 22:18:00,casual
r-00263,b-169,Gazi,Syntagma,2026-01-28 13:03:00,2026-01-28 13:12:00,subscriber
r-00264,b-130,Piraeus,Omonia,2026-01-26 17:26:00,2026-01-26 18:55:00,subscriber
r-00265,b-159,Omonia,Panepistimio,2026-01-16 12:07:00,2026-01-16 12:20:00,casual
r-00266,b-287,Monastiraki,Panepistimio,2026-01-07 04:50:00,2026-01-07 06:09:00,casual
r-00267,b-270,Omonia,Piraeus,2026-01-30 14:51:00,2026-01-30 15:36:00,subscriber
r-00268,b-186,Piraeus,Akropoli,2026-01-30 17:37:00,2026-01-30 19:05:00,subscriber
r-00269,b-175,Omonia,Monastiraki,2026-01-17 20:03:00,2026-01-17 20:45:00,casual
r-00270,b-040,Omonia,Monastiraki,2026-01-10 01:43:00,2026-01-10 02:14:00,casual
r-00271,b-173,Syntagma,Piraeus,2026-01-05 22:28:00,2026-01-05 23:35:00,subscriber
r-00272,b-093,Omonia,Monastiraki,2026-01-28 12:21:00,2026-01-28 13:12:00,subscriber
r-00273,b-122,Piraeus,Omonia,2026-01-21 06:03:00,2026-01-21 06:11:00,casual
r-00274,b-274,Kifisia,Monastiraki,2026-01-29 02:55:00,2026-01-29 03:34:00,subscriber
r-00275,b-293,Panepistimio,Omonia,2026-01-15 10:01:00,2026-01-15 11:04:00,casual
r-00276,b-271,Piraeus,Akropoli,2026-01-22 08:16:00,2026-01-22 08:55:00,casual
r-00277,b-129,Omonia,Kifisia,2026-01-08 17:00:00,2026-01-08 17:28:00,subscriber
r-00278,b-053,Gazi,Akropoli,2026-01-30 12:20:00,2026-01-30 13:24:00,subscriber
r-00279,b-231,Omonia,Panepistimio,2026-01-14 07:21:00,2026-01-14 07:34:00,subscriber
r-00280,b-231,Panepistimio,Kifisia,2026-01-21 05:50:00,2026-01-21 06:04:00,casual
r-00281,b-258,Syntagma,Akropoli,2026-01-02 13:07:00,2026-01-02 14:03:00,casual
r-00282,b-115,Monastiraki,Panepistimio,2026-01-12 01:31:00,2026-01-12 02:23:00,subscriber
r-00283,b-075,Gazi,Kifisia,2026-01-15 20:05:00,2026-01-15 20:20:00,subscriber
r-00284,b-072,Kifisia,Gazi,2026-01-03 01:50:00,2026-01-03 02:29:00,casual
r-00285,b-010,Syntagma,Monastiraki,2026-01-21 17:59:00,2026-01-21 19:20:00,casual
r-00286,b-148,Piraeus,Syntagma,2026-01-11 03:33:00,2026-01-11 03:55:00,subscriber
r-00287,b-215,Syntagma,Omonia,2026-01-15 00:56:00,2026-01-15 01:14:00,casual
r-00288,b-275,Kifisia,Akropoli,2026-01-04 04:36:00,2026-01-04 04:53:00,subscriber
r-00289,b-074,Panepistimio,Piraeus,2026-01-30 02:15:00,2026-01-30 03:23:00,casual
r-00290,b-293,Gazi,Monastiraki,2026-01-20 20:50:00,2026-01-20 20:53:00,casual
r-00291,b-185,Monastiraki,Gazi,2026-01-09 20:35:00,2026-01-09 22:03:00,subscriber
r-00292,b-241,Syntagma,Akropoli,2026-01-25 06:35:00,2026-01-25 07:47:00,subscriber
r-00293,b-009,Gazi,Omonia,2026-01-30 06:19:00,2026-01-30 07:11:00,casual
r-00294,b-054,Panepistimio,Piraeus,2026-01-04 09:47:00,2026-01-04 10:34:00,casual
r-00295,b-174,Gazi,Akropoli,2026-01-07 09:43:00,2026-01-07 09:51:00,subscriber
r-00296,b-070,Omonia,Kifisia,2026-01-22 11:29:00,2026-01-22 12:33:00,subscriber
r-00297,b-023,Akropoli,Monastiraki,2026-01-22 03:54:00,2026-01-22 04:01:00,subscriber
r-00298,b-204,Akropoli,Gazi,2026-01-03 05:46:00,2026-01-03 06:29:00,casual
r-00299,b-183,Panepistimio,Omonia,2026-01-12 20:41:00,2026-01-12 20:48:00,subscriber
r-00300,b-189,Akropoli,Syntagma,2026-01-31 04:14:00,2026-01-31 04:59:00,casual
r-00301,b-096,Piraeus,Omonia,2026-01-19 12:55:00,2026-01-19 13:54:00,casual
r-00302,b-043,Akropoli,Kifisia,2026-01-23 23:25:00,2026-01-24 00:15:00,casual
r-00303,b-151,Omonia,Gazi,2026-01-04 22:12:00,2026-01-04 23:10:00,casual
r-00304,b-152,Gazi,Piraeus,2026-01-06 00:03:00,2026-01-06 00:16:00,casual
r-00305,b-228,Piraeus,Monastiraki,2026-01-21 15:03:00,2026-01-21 16:23:00,casual
r-00306,b-223,Gazi,Akropoli,2026-01-21 16:23:00,2026-01-21 16:31:00,casual
r-00307,b-208,Monastiraki,Piraeus,2026-01-30 10:28:00,2026-01-30 10:38:00,casual
r-00308,b-074,Omonia,Syntagma,2026-01-24 16:25:00,2026-01-24 17:54:00,casual
r-00309,b-188,Monastiraki,Omonia,2026-01-02 22:00:00,2026-01-02 22:19:00,casual
r-00310,b-079,Syntagma,Gazi,2026-01-18 18:10:00,2026-01-18 19:25:00,casual
r-00311,b-040,Kifisia,Piraeus,2026-01-18 05:11:00,2026-01-18 06:01:00,subscriber
r-00312,b-143,Piraeus,Omonia,2026-01-25 10:18:00,2026-01-25 11:07:00,subscriber
r-00313,b-266,Omonia,Akropoli,2026-01-06 11:54:00,2026-01-06 12:00:00,casual
r-00314,b-134,Akropoli,Kifisia,2026-01-26 21:29:00,2026-01-26 21:47:00,casual
r-00315,b-252,Akropoli,Piraeus,2026-01-11 02:22:00,2026-01-11 03:43:00,subscriber
r-00316,b-089,Monastiraki,Akropoli,2026-01-06 21:57:00,2026-01-06 22:17:00,casual
r-00317,b-178,Gazi,Piraeus,2026-01-05 07:53:00,2026-01-05 09:23:00,subscriber
r-00318,b-081,Akropoli,Omonia,2026-01-26 08:44:00,2026-01-26 09:56:00,subscriber
r-00319,b-103,Panepistimio,Syntagma,2026-01-17 18:50:00,2026-01-17 19:58:00,subscriber
r-00320,b-284,Syntagma,Panepistimio,2026-01-12 02:34:00,2026-01-12 03:40:00,casual
r-00321,b-045,Omonia,Gazi,2026-01-22 14:31:00,2026-01-22 15:44:00,subscriber
r-00322,b-211,Kifisia,Akropoli,2026-01-15 09:49:00,2026-01-15 10:42:00,casual
r-00323,b-038,Omonia,Panepistimio,2026-01-27 11:56:00,2026-01-27 12:08:00,casual
r-00324,b-283,Gazi,Monastiraki,2026-01-22 12:48:00,2026-01-22 14:18:00,subscriber
r-00325,b-064,Syntagma,Kifisia,2026-01-07 04:56:00,2026-01-07 05:54:00,subscriber
r-00326,b-116,Omonia,Panepistimio,2026-01-15 04:11:00,2026-01-15 04:35:00,casual
r-00327,b-101,Monastiraki,Panepistimio,2026-01-24 22:46:00,2026-01-24 23:25:00,casual
r-00328,b-274,Akropoli,Gazi,2026-01-07 00:43:00,2026-01-07 02:06:00,subscriber
r-00329,b-298,Omonia,Gazi,2026-01-24 04:56:00,2026-01-24 06:21:00,subscriber
r-00330,b-289,Gazi,Kifisia,2026-01-09 02:59:00,2026-01-09 04:26:00,subscriber
r-00331,b-296,Syntagma,Piraeus,2026-01-02 14:59:00,2026-01-02 15:12:00,casual
r-00332,b-016,Piraeus,Akropoli,2026-01-30 23:12:00,2026-01-30 23:41:00,casual
r-00333,b-155,Akropoli,Piraeus,2026-01-29 21:01:00,2026-01-29 22:13:00,casual
r-00334,b-233,Piraeus,Omonia,2026-01-12 11:28:00,2026-01-12 12:58:00,subscriber
r-00335,b-248,Kifisia,Panepistimio,2026-01-04 01:26:00,2026-01-04 01:49:00,casual
r-00336,b-164,Omonia,Panepistimio,2026-01-10 14:50:00,2026-01-10 15:36:00,casual
r-00337,b-288,Gazi,Akropoli,2026-01-19 11:30:00,2026-01-19 11:49:00,subscriber
r-00338,b-137,Kifisia,Syntagma,2026-01-15 20:33:00,2026-01-15 21:06:00,casual
r-00339,b-149,Monastiraki,Syntagma,2026-01-12 14:47:00,2026-01-12 15:08:00,casual
r-00340,b-082,Panepistimio,Kifisia,2026-01-29 08:09:00,2026-01-29 09:05:00,casual
r-00341,b-082,Panepistimio,Kifisia,2026-01-27 14:59:00,2026-01-27 15:42:00,casual
r-00342,b-255,Kifisia,Omonia,2026-01-24 18:13:00,2026-01-24 19:15:00,subscriber
r-00343,b-111,Kifisia,Monastiraki,2026-01-05 10:21:00,2026-01-05 11:14:00,casual
r-00344,b-241,Akropoli,Panepistimio,2026-01-03 13:08:00,2026-01-03 13:17:00,casual
r-00345,b-069,Monastiraki,Akropoli,2026-01-25 18:12:00,2026-01-25 18:16:00,casual
r-00346,b-206,Gazi,Syntagma,2026-01-17 23:31:00,2026-01-18 00:25:00,subscriber
r-00347,b-284,Panepistimio,Omonia,2026-01-27 06:53:00,2026-01-27 08:07:00,casual
r-00348,b-282,Kifisia,Piraeus,2026-01-04 16:18:00,2026-01-04 17:10:00,casual
r-00349,b-050,Monastiraki,Omonia,2026-01-29 16:44:00,2026-01-29 18:14:00,casual
r-00350,b-074,Gazi,Kifisia,2026-01-18 07:37:00,2026-01-18 08:23:00,subscriber
r-00351,b-021,Piraeus,Akropoli,2026-01-28 18:03:00,2026-01-28 19:11:00,subscriber
r-00352,b-243,Gazi,Kifisia,2026-01-03 02:30:00,2026-01-03 02:50:00,casual
r-00353,b-164,Omonia,Panepistimio,2026-01-08 02:40:00,2026-01-08 04:00:00,subscriber
r-00354,b-173,Akropoli,Gazi,2026-01-19 05:12:00,2026-01-19 06:33:00,casual
r-00355,b-009,Kifisia,Piraeus,2026-01-26 22:51:00,2026-01-26 23:32:00,casual
r-00356,b-299,Monastiraki,Akropoli,2026-01-16 09:48:00,2026-01-16 11:17:00,casual
r-00357,b-297,Kifisia,Omonia,2026-01-29 23:19:00,2026-01-29 23:25:00,subscriber
r-00358,b-269,Kifisia,Monastiraki,2026-01-03 16:05:00,2026-01-03 17:22:00,casual
r-00359,b-294,Panepistimio,Syntagma,2026-01-08 01:24:00,2026-01-08 02:54:00,subscriber
r-00360,b-215,Kifisia,Omonia,2026-01-10 00:23:00,2026-01-10 00:28:00,subscriber
r-00361,b-242,Piraeus,Akropoli,2026-01-20 03:03:00,2026-01-20 03:32:00,subscriber
r-00362,b-167,Panepistimio,Gazi,2026-01-07 14:49:00,2026-01-07 15:58:00,casual
r-00363,b-236,Gazi,Monastiraki,2026-01-25 05:57:00,2026-01-25 06:48:00,casual
r-00364,b-248,Akropoli,Gazi,2026-01-26 04:40:00,2026-01-26 05:28:00,subscriber
r-00365,b-153,Akropoli,Monastiraki,2026-01-12 13:15:00,2026-01-12 13:53:00,casual
r-00366,b-179,Gazi,Panepistimio,2026-01-10 18:24:00,2026-01-10 19:29:00,casual
r-00367,b-177,Piraeus,Panepistimio,2026-01-14 10:20:00,2026-01-14 10:38:00,subscriber
r-00368,b-041,Akropoli,Piraeus,2026-01-14 13:15:00,2026-01-14 13:23:00,casual
r-00369,b-246,Akropoli,Piraeus,2026-01-21 11:11:00,2026-01-21 12:37:00,subscriber
r-00370,b-140,Akropoli,Gazi,2026-01-10 12:42:00,2026-01-10 13:53:00,subscriber
r-00371,b-026,Panepistimio,Monastiraki,2026-01-06 07:18:00,2026-01-06 08:39:00,subscriber
r-00372,b-212,Syntagma,Monastiraki,2026-01-30 08:48:00,2026-01-30 09:20:00,casual
r-00373,b-282,Omonia,Syntagma,2026-01-22 19:59:00,2026-01-22 20:14:00,subscriber
r-00374,b-103,Kifisia,Panepistimio,2026-01-19 20:27:00,2026-01-19 21:53:00,casual
r-00375,b-046,Syntagma,Kifisia,2026-01-15 22:48:00,2026-01-15 23:27:00,subscriber
r-00376,b-091,Omonia,Akropoli,2026-01-25 16:31:00,2026-01-25 16:38:00,subscriber
r-00377,b-149,Omonia,Piraeus,2026-01-19 09:37:00,2026-01-19 10:43:00,subscriber
r-00378,b-146,Monastiraki,Panepistimio,2026-01-01 18:07:00,2026-01-01 18:48:00,casual
r-00379,b-259,Kifisia,Monastiraki,2026-01-30 12:29:00,2026-01-30 13:41:00,casual
r-00380,b-084,Monastiraki,Panepistimio,2026-01-13 18:00:00,2026-01-13 18:27:00,casual
r-00381,b-173,Omonia,Syntagma,2026-01-30 20:06:00,2026-01-30 20:41:00,casual
r-00382,b-208,Panepistimio,Monastiraki,2026-01-27 04:10:00,2026-01-27 05:39:00,casual
r-00383,b-049,Monastiraki,Akropoli,2026-01-24 18:49:00,2026-01-24 19:33:00,subscriber
r-00384,b-004,Gazi,Monastiraki,2026-01-07 17:35:00,2026-01-07 18:39:00,casual
r-00385,b-137,Kifisia,Piraeus,2026-01-18 18:57:00,2026-01-18 19:30:00,casual
r-00386,b-185,Syntagma,Panepistimio,2026-01-15 01:48:00,2026-01-15 03:05:00,subscriber
r-00387,b-158,Monastiraki,Akropoli,2026-01-04 03:51:00,2026-01-04 05:19:00,subscriber
r-00388,b-061,Akropoli,Piraeus,2026-01-19 18:49:00,2026-01-19 20:19:00,casual
r-00389,b-069,Panepistimio,Monastiraki,2026-01-18 01:27:00,2026-01-18 02:48:00,casual
r-00390,b-282,Gazi,Panepistimio,2026-01-08 07:19:00,2026-01-08 08:20:00,casual
r-00391,b-127,Panepistimio,Kifisia,2026-01-25 19:06:00,2026-01-25 20:34:00,subscriber
r-00392,b-289,Gazi,Syntagma,2026-01-25 05:59:00,2026-01-25 06:59:00,subscriber
r-00393,b-275,Panepistimio,Gazi,2026-01-04 03:27:00,2026-01-04 04:40:00,subscriber
r-00394,b-106,Kifisia,Syntagma,2026-01-08 19:43:00,2026-01-08 20:27:00,casual
r-00395,b-029,Kifisia,Piraeus,2026-01-05 11:19:00,2026-01-05 12:27:00,casual
r-00396,b-289,Piraeus,Panepistimio,2026-01-07 08:07:00,2026-01-07 09:15:00,subscriber
r-00397,b-012,Akropoli,Piraeus,2026-01-26 18:21:00,2026-01-26 19:23:00,casual
r-00398,b-038,Panepistimio,Gazi,2026-01-12 21:56:00,2026-01-12 21:59:00,subscriber
r-00399,b-031,Monastiraki,Gazi,2026-01-20 14:47:00,2026-01-20 15:34:00,subscriber
r-00400,b-093,Akropoli,Panepistimio,2026-01-22 19:37:00,2026-01-22 19:44:00,subscriber
r-00401,b-196,Piraeus,Omonia,2026-01-30 12:42:00,2026-01-30 14:07:00,casual
r-00402,b-277,Monastiraki,Piraeus,2026-01-18 12:19:00,2026-01-18 13:10:00,subscriber
r-00403,b-276,Monastiraki,Omonia,2026-01-31 01:50:00,2026-01-31 02:37:00,casual
r-00404,b-002,Panepistimio,Kifisia,2026-01-25 09:38:00,2026-01-25 09:57:00,subscriber
r-00405,b-195,Piraeus,Akropoli,2026-01-14 21:53:00,2026-01-14 22:55:00,subscriber
r-00406,b-142,Gazi,Monastiraki,2026-01-12 14:20:00,2026-01-12 15:21:00,subscriber
r-00407,b-009,Piraeus,Akropoli,2026-01-06 11:15:00,2026-01-06 11:22:00,subscriber
r-00408,b-018,Monastiraki,Gazi,2026-01-10 17:05:00,2026-01-10 17:16:00,casual
r-00409,b-023,Syntagma,Omonia,2026-01-28 12:56:00,2026-01-28 14:25:00,casual
r-00410,b-029,Panepistimio,Kifisia,2026-01-21 07:27:00,2026-01-21 07:59:00,subscriber
r-00411,b-295,Panepistimio,Kifisia,2026-01-24 06:23:00,2026-01-24 07:03:00,casual
r-00412,b-155,Gazi,Monastiraki,2026-01-27 14:45:00,2026-01-27 16:04:00,subscriber
r-00413,b-141,Piraeus,Omonia,2026-01-25 01:20:00,2026-01-25 01:51:00,subscriber
r-00414,b-219,Omonia,Piraeus,2026-01-26 16:05:00,2026-01-26 17:23:00,casual
r-00415,b-269,Piraeus,Kifisia,2026-01-03 11:12:00,2026-01-03 11:59:00,casual
r-00416,b-193,Omonia,Panepistimio,2026-01-20 06:44:00,2026-01-20 07:39:00,subscriber
r-00417,b-116,Panepistimio,Kifisia,2026-01-25 19:33:00,2026-01-25 20:36:00,casual
r-00418,b-212,Syntagma,Gazi,2026-01-07 21:40:00,2026-01-07 22:42:00,casual
r-00419,b-125,Omonia,Akropoli,2026-01-26 16:42:00,2026-01-26 17:52:00,casual
r-00420,b-190,Monastiraki,Akropoli,2026-01-10 14:05:00,2026-01-10 14:50:00,subscriber
r-00421,b-194,Syntagma,Panepistimio,2026-01-25 17:03:00,2026-01-25 17:30:00,subscriber
r-00422,b-107,Panepistimio,Akropoli,2026-01-04 15:29:00,2026-01-04 15:56:00,casual
r-00423,b-061,Panepistimio,Monastiraki,2026-01-15 03:09:00,2026-01-15 03:13:00,casual
r-00424,b-123,Panepistimio,Akropoli,2026-01-12 08:58:00,2026-01-12 10:18:00,casual
r-00425,b-184,Kifisia,Akropoli,2026-01-14 05:10:00,2026-01-14 06:01:00,casual
r-00426,b-051,Kifisia,Panepistimio,2026-01-13 05:41:00,2026-01-13 06:30:00,casual
r-00427,b-212,Gazi,Omonia,2026-01-15 21:46:00,2026-01-15 22:15:00,subscriber
r-00428,b-134,Omonia,Syntagma,2026-01-26 22:25:00,2026-01-26 22:56:00,casual
r-00429,b-118,Panepistimio,Omonia,2026-01-14 18:25:00,2026-01-14 18:47:00,casual
r-00430,b-173,Kifisia,Akropoli,2026-01-27 06:21:00,2026-01-27 06:55:00,casual
r-00431,b-087,Kifisia,Panepistimio,2026-01-23 13:42:00,2026-01-23 15:07:00,casual
r-00432,b-278,Kifisia,Monastiraki,2026-01-09 00:52:00,2026-01-09 01:12:00,subscriber
r-00433,b-025,Monastiraki,Kifisia,2026-01-25 04:17:00,2026-01-25 04:24:00,subscriber
r-00434,b-078,Panepistimio,Syntagma,2026-01-20 02:26:00,2026-01-20 02:46:00,subscriber
r-00435,b-031,Kifisia,Omonia,2026-01-11 06:54:00,2026-01-11 08:01:00,casual
r-00436,b-283,Syntagma,Gazi,2026-01-23 12:52:00,2026-01-23 12:57:00,casual
r-00437,b-147,Akropoli,Gazi,2026-01-01 20:56:00,2026-01-01 21:01:00,subscriber
r-00438,b-092,Piraeus,Kifisia,2026-01-24 04:33:00,2026-01-24 06:02:00,subscriber
r-00439,b-099,Omonia,Monastiraki,2026-01-05 17:12:00,2026-01-05 18:22:00,casual
r-00440,b-192,Piraeus,Syntagma,2026-01-17 11:08:00,2026-01-17 11:45:00,casual
r-00441,b-116,Panepistimio,Piraeus,2026-01-22 05:20:00,2026-01-22 06:35:00,casual
r-00442,b-208,Syntagma,Monastiraki,2026-01-05 00:03:00,2026-01-05 01:29:00,casual
r-00443,b-005,Kifisia,Syntagma,2026-01-18 11:58:00,2026-01-18 13:11:00,subscriber
r-00444,b-170,Piraeus,Gazi,2026-01-05 02:18:00,2026-01-05 03:24:00,subscriber
r-00445,b-291,Panepistimio,Monastiraki,2026-01-25 08:53:00,2026-01-25 09:01:00,casual
r-00446,b-144,Monastiraki,Piraeus,2026-01-13 16:06:00,2026-01-13 16:14:00,subscriber
r-00447,b-074,Syntagma,Omonia,2026-01-09 11:54:00,2026-01-09 12:37:00,casual
r-00448,b-124,Omonia,Gazi,2026-01-04 20:02:00,2026-01-04 20:43:00,casual
r-00449,b-072,Piraeus,Kifisia,2026-01-25 22:26:00,2026-01-25 23:11:00,subscriber
r-00450,b-224,Syntagma,Monastiraki,2026-01-24 02:59:00,2026-01-24 03:46:00,subscriber
r-00451,b-168,Piraeus,Kifisia,2026-01-04 19:01:00,2026-01-04 19:47:00,subscriber
r-00452,b-117,Kifisia,Panepistimio,2026-01-30 04:37:00,2026-01-30 05:14:00,casual
r-00453,b-300,Piraeus,Monastiraki,2026-01-26 12:03:00,2026-01-26 12:54:00,casual
r-00454,b-127,Akropoli,Kifisia,2026-01-05 05:36:00,2026-01-05 06:58:00,subscriber
r-00455,b-079,Omonia,Akropoli,2026-01-05 01:36:00,2026-01-05 02:13:00,casual
r-00456,b-003,Monastiraki,Syntagma,2026-01-15 17:53:00,2026-01-15 18:42:00,casual
r-00457,b-068,Akropoli,Syntagma,2026-01-21 13:46:00,2026-01-21 14:35:00,subscriber
r-00458,b-285,Kifisia,Akropoli,2026-01-09 20:40:00,2026-01-09 21:38:00,casual
r-00459,b-284,Monastiraki,Panepistimio,2026-01-06 00:49:00,2026-01-06 00:55:00,subscriber
r-00460,b-198,Gazi,Kifisia,2026-01-28 12:00:00,2026-01-28 13:19:00,subscriber
r-00461,b-044,Piraeus,Kifisia,2026-01-14 14:46:00,2026-01-14 15:41:00,subscriber
r-00462,b-195,Omonia,Piraeus,2026-01-27 08:43:00,2026-01-27 09:52:00,subscriber
r-00463,b-253,Akropoli,Omonia,2026-01-07 15:39:00,2026-01-07 16:16:00,subscriber
r-00464,b-216,Piraeus,Omonia,2026-01-04 05:06:00,2026-01-04 05:30:00,casual
r-00465,b-127,Gazi,Omonia,2026-01-23 08:54:00,2026-01-23 09:06:00,casual
r-00466,b-055,Panepistimio,Akropoli,2026-01-28 08:35:00,2026-01-28 09:56:00,subscriber
r-00467,b-195,Piraeus,Omonia,2026-01-15 04:46:00,2026-01-15 04:49:00,casual
r-00468,b-070,Piraeus,Kifisia,2026-01-21 08:50:00,2026-01-21 09:35:00,casual
r-00469,b-161,Panepistimio,Akropoli,2026-01-15 22:15:00,2026-01-15 23:35:00,subscriber
r-00470,b-252,Akropoli,Piraeus,2026-01-19 10:59:00,2026-01-19 11:42:00,subscriber
r-00471,b-202,Akropoli,Kifisia,2026-01-16 03:57:00,2026-01-16 04:48:00,casual
r-00472,b-280,Panepistimio,Gazi,2026-01-06 12:23:00,2026-01-06 13:38:00,subscriber
r-00473,b-108,Kifisia,Gazi,2026-01-26 08:51:00,2026-01-26 08:57:00,casual
r-00474,b-256,Piraeus,Gazi,2026-01-14 14:12:00,2026-01-14 14:23:00,subscriber
r-00475,b-079,Panepistimio,Omonia,2026-01-30 03:46:00,2026-01-30 04:27:00,casual
r-00476,b-246,Kifisia,Akropoli,2026-01-18 11:46:00,2026-01-18 11:58:00,casual
r-00477,b-019,Piraeus,Akropoli,2026-01-25 15:40:00,2026-01-25 16:47:00,casual
r-00478,b-128,Monastiraki,Syntagma,2026-01-25 18:26:00,2026-01-25 19:45:00,casual
r-00479,b-205,Syntagma,Gazi,2026-01-08 21:41:00,2026-01-08 23:06:00,casual
r-00480,b-133,Syntagma,Monastiraki,2026-01-20 22:10:00,2026-01-20 22:26:00,subscriber
r-00481,b-192,Panepistimio,Akropoli,2026-01-24 13:47:00,2026-01-24 14:56:00,casual
r-00482,b-013,Omonia,Panepistimio,2026-01-22 09:47:00,2026-01-22 11:16:00,casual
r-00483,b-060,Piraeus,Syntagma,2026-01-06 02:11:00,2026-01-06 02:51:00,subscriber
r-00484,b-106,Gazi,Panepistimio,2026-01-17 04:28:00,2026-01-17 05:10:00,casual
r-00485,b-232,Monastiraki,Akropoli,2026-01-17 04:26:00,2026-01-17 05:29:00,casual
r-00486,b-059,Syntagma,Kifisia,2026-01-04 09:22:00,2026-01-04 10:03:00,subscriber
r-00487,b-085,Monastiraki,Piraeus,2026-01-16 22:43:00,2026-01-17 00:08:00,subscriber
r-00488,b-287,Omonia,Panepistimio,2026-01-24 19:36:00,2026-01-24 20:01:00,casual
r-00489,b-095,Piraeus,Gazi,2026-01-22 08:41:00,2026-01-22 09:13:00,subscriber
r-00490,b-015,Piraeus,Panepistimio,2026-01-30 11:34:00,2026-01-30 13:01:00,subscriber
r-00491,b-003,Piraeus,Panepistimio,2026-01-21 19:03:00,2026-01-21 20:21:00,subscriber
r-00492,b-053,Monastiraki,Gazi,2026-01-10 16:46:00,2026-01-10 17:24:00,subscriber
r-00493,b-059,Panepistimio,Akropoli,2026-01-17 23:32:00,2026-01-18 00:16:00,casual
r-00494,b-199,Gazi,Akropoli,2026-01-23 14:38:00,2026-01-23 15:48:00,casual
r-00495,b-235,Gazi,Omonia,2026-01-28 01:09:00,2026-01-28 01:26:00,subscriber
r-00496,b-069,Monastiraki,Piraeus,2026-01-14 20:53:00,2026-01-14 22:14:00,casual
r-00497,b-094,Akropoli,Syntagma,2026-01-06 16:44:00,2026-01-06 17:17:00,casual
r-00498,b-071,Piraeus,Panepistimio,2026-01-07 18:24:00,2026-01-07 19:32:00,casual
r-00499,b-276,Kifisia,Gazi,2026-01-20 14:04:00,2026-01-20 14:30:00,subscriber
r-00500,b-072,Kifisia,Omonia,2026-01-26 14:06:00,2026-01-26 14:30:00,subscriber
r-00501,b-184,Syntagma,Kifisia,2026-01-15 15:36:00,2026-01-15 16:36:00,subscriber
r-00502,b-197,Panepistimio,Kifisia,2026-01-23 09:19:00,2026-01-23 09:39:00,casual
r-00503,b-228,Kifisia,Panepistimio,2026-01-19 22:53:00,2026-01-20 00:23:00,casual
r-00504,b-113,Syntagma,Kifisia,2026-01-08 22:41:00,2026-01-08 22:54:00,casual
r-00505,b-148,Panepistimio,Gazi,2026-01-02 19:42:00,2026-01-02 20:20:00,subscriber
r-00506,b-262,Kifisia,Akropoli,2026-01-22 03:31:00,2026-01-22 04:46:00,subscriber
r-00507,b-279,Akropoli,Kifisia,2026-01-27 09:33:00,2026-01-27 09:50:00,casual
r-00508,b-112,Kifisia,Akropoli,2026-01-26 00:03:00,2026-01-26 00:11:00,casual
r-00509,b-017,Panepistimio,Omonia,2026-01-05 23:51:00,2026-01-06 01:17:00,casual
r-00510,b-061,Monastiraki,Akropoli,2026-01-13 07:03:00,2026-01-13 07:50:00,subscriber
r-00511,b-220,Gazi,Kifisia,2026-01-10 21:14:00,2026-01-10 22:32:00,subscriber
r-00512,b-106,Panepistimio,Kifisia,2026-01-29 09:00:00,2026-01-29 09:20:00,subscriber
r-00513,b-276,Akropoli,Gazi,2026-01-27 06:40:00,2026-01-27 07:27:00,subscriber
r-00514,b-137,Akropoli,Gazi,2026-01-16 01:30:00,2026-01-16 02:10:00,subscriber
r-00515,b-065,Syntagma,Panepistimio,2026-01-07 12:05:00,2026-01-07 13:00:00,subscriber
r-00516,b-127,Gazi,Kifisia,2026-01-12 16:42:00,2026-01-12 17:03:00,casual
r-00517,b-213,Akropoli,Piraeus,2026-01-23 14:37:00,2026-01-23 14:58:00,casual
r-00518,b-264,Monastiraki,Akropoli,2026-01-21 21:41:00,2026-01-21 21:53:00,casual
r-00519,b-298,Kifisia,Omonia,2026-01-18 03:07:00,2026-01-18 04:08:00,subscriber
r-00520,b-033,Gazi,Kifisia,2026-01-05 13:44:00,2026-01-05 14:45:00,casual
r-00521,b-138,Panepistimio,Akropoli,2026-01-11 05:55:00,2026-01-11 06:52:00,casual
r-00522,b-249,Omonia,Gazi,2026-01-14 05:45:00,2026-01-14 06:31:00,casual
r-00523,b-236,Monastiraki,Piraeus,2026-01-03 12:52:00,2026-01-03 13:00:00,subscriber
r-00524,b-001,Kifisia,Panepistimio,2026-01-06 23:42:00,2026-01-07 00:05:00,casual
r-00525,b-141,Akropoli,Monastiraki,2026-01-10 12:59:00,2026-01-10 13:18:00,subscriber
r-00526,b-191,Akropoli,Syntagma,2026-01-31 02:59:00,2026-01-31 03:48:00,subscriber
r-00527,b-120,Akropoli,Piraeus,2026-01-03 16:33:00,2026-01-03 17:26:00,casual
r-00528,b-110,Monastiraki,Syntagma,2026-01-31 03:57:00,2026-01-31 04:11:00,casual
r-00529,b-228,Panepistimio,Gazi,2026-01-04 21:07:00,2026-01-04 21:26:00,subscriber
r-00530,b-217,Monastiraki,Kifisia,2026-01-01 16:48:00,2026-01-01 17:34:00,subscriber
r-00531,b-046,Panepistimio,Akropoli,2026-01-23 01:46:00,2026-01-23 01:58:00,subscriber
r-00532,b-071,Gazi,Omonia,2026-01-06 00:43:00,2026-01-06 01:26:00,casual
r-00533,b-272,Omonia,Syntagma,2026-01-07 09:25:00,2026-01-07 10:50:00,subscriber
r-00534,b-180,Omonia,Akropoli,2026-01-29 02:37:00,2026-01-29 04:03:00,subscriber
r-00535,b-227,Piraeus,Akropoli,2026-01-29 22:01:00,2026-01-29 22:23:00,subscriber
r-00536,b-064,Omonia,Kifisia,2026-01-05 06:41:00,2026-01-05 06:56:00,casual
r-00537,b-072,Gazi,Kifisia,2026-01-17 07:58:00,2026-01-17 08:55:00,subscriber
r-00538,b-284,Monastiraki,Omonia,2026-01-13 22:31:00,2026-01-13 23:56:00,casual
r-00539,b-266,Akropoli,Monastiraki,2026-01-02 13:17:00,2026-01-02 14:44:00,subscriber
r-00540,b-123,Syntagma,Kifisia,2026-01-19 03:53:00,2026-01-19 04:33:00,casual
r-00541,b-037,Panepistimio,Akropoli,2026-01-18 21:29:00,2026-01-18 21:46:00,subscriber
r-00542,b-292,Omonia,Akropoli,2026-01-17 18:24:00,2026-01-17 19:07:00,casual
r-00543,b-242,Omonia,Kifisia,2026-01-17 23:07:00,2026-01-18 00:19:00,subscriber
r-00544,b-135,Monastiraki,Syntagma,2026-01-02 02:13:00,2026-01-02 03:31:00,subscriber
r-00545,b-147,Piraeus,Akropoli,2026-01-03 03:30:00,2026-01-03 03:40:00,casual
r-00546,b-275,Monastiraki,Piraeus,2026-01-20 14:39:00,2026-01-20 15:33:00,subscriber
r-00547,b-262,Akropoli,Syntagma,2026-01-13 23:04:00,2026-01-13 23:17:00,subscriber
r-00548,b-034,Gazi,Panepistimio,2026-01-08 09:42:00,2026-01-08 10:53:00,casual
r-00549,b-045,Syntagma,Omonia,2026-01-21 05:51:00,2026-01-21 06:24:00,casual
r-00550,b-090,Syntagma,Panepistimio,2026-01-06 14:41:00,2026-01-06 15:42:00,subscriber
r-00551,b-255,Syntagma,Omonia,2026-01-01 21:50:00,2026-01-01 22:10:00,casual
r-00552,b-191,Akropoli,Monastiraki,2026-01-25 03:15:00,2026-01-25 04:24:00,subscriber
r-00553,b-220,Syntagma,Panepistimio,2026-01-13 13:33:00,2026-01-13 13:51:00,casual
r-00554,b-296,Akropoli,Piraeus,2026-01-25 04:11:00,2026-01-25 04:22:00,subscriber
r-00555,b-256,Gazi,Syntagma,2026-01-23 21:55:00,2026-01-23 22:56:00,subscriber
r-00556,b-053,Akropoli,Kifisia,2026-01-18 01:36:00,2026-01-18 01:59:00,subscriber
r-00557,b-007,Syntagma,Monastiraki,2026-01-11 17:28:00,2026-01-11 18:36:00,subscriber
r-00558,b-077,Gazi,Panepistimio,2026-01-03 10:13:00,2026-01-03 11:16:00,subscriber
r-00559,b-165,Piraeus,Monastiraki,2026-01-02 22:37:00,2026-01-02 23:50:00,subscriber
r-00560,b-040,Akropoli,Kifisia,2026-01-20 06:39:00,2026-01-20 07:22:00,casual
r-00561,b-115,Syntagma,Omonia,2026-01-06 18:25:00,2026-01-06 19:32:00,subscriber
r-00562,b-145,Kifisia,Piraeus,2026-01-19 13:55:00,2026-01-19 14:06:00,casual
r-00563,b-189,Kifisia,Syntagma,2026-01-16 05:29:00,2026-01-16 05:43:00,subscriber
r-00564,b-125,Akropoli,Piraeus,2026-01-14 14:29:00,2026-01-14 15:44:00,casual
r-00565,b-101,Kifisia,Piraeus,2026-01-18 02:15:00,2026-01-18 03:33:00,subscriber
r-00566,b-120,Piraeus,Syntagma,2026-01-08 04:27:00,2026-01-08 04:30:00,casual
r-00567,b-193,Gazi,Syntagma,2026-01-30 06:37:00,2026-01-30 06:41:00,casual
r-00568,b-252,Panepistimio,Akropoli,2026-01-06 01:32:00,2026-01-06 02:01:00,subscriber
r-00569,b-119,Monastiraki,Syntagma,2026-01-07 19:30:00,2026-01-07 20:08:00,casual
r-00570,b-049,Monastiraki,Gazi,2026-01-18 06:51:00,2026-01-18 07:52:00,subscriber
r-00571,b-291,Monastiraki,Gazi,2026-01-30 08:00:00,2026-01-30 08:53:00,subscriber
r-00572,b-150,Omonia,Monastiraki,2026-01-21 03:07:00,2026-01-21 04:34:00,casual
r-00573,b-232,Gazi,Omonia,2026-01-15 16:04:00,2026-01-15 16:57:00,casual
r-00574,b-300,Panepistimio,Monastiraki,2026-01-11 23:09:00,2026-01-11 23:21:00,subscriber
r-00575,b-239,Omonia,Akropoli,2026-01-08 09:44:00,2026-01-08 10:00:00,casual
r-00576,b-107,Gazi,Kifisia,2026-01-19 20:01:00,2026-01-19 20:19:00,casual
r-00577,b-062,Akropoli,Kifisia,2026-01-15 08:45:00,2026-01-15 09:47:00,subscriber
r-00578,b-021,Akropoli,Kifisia,2026-01-08 12:09:00,2026-01-08 13:39:00,subscriber
r-00579,b-128,Monastiraki,Piraeus,2026-01-16 06:02:00,2026-01-16 06:23:00,casual
r-00580,b-154,Syntagma,Piraeus,2026-01-19 08:48:00,2026-01-19 09:56:00,casual
r-00581,b-232,Piraeus,Kifisia,2026-01-09 05:54:00,2026-01-09 06:00:00,subscriber
r-00582,b-072,Monastiraki,Kifisia,2026-01-05 15:27:00,2026-01-05 16:29:00,subscriber
r-00583,b-102,Panepistimio,Monastiraki,2026-01-01 21:03:00,2026-01-01 21:13:00,casual
r-00584,b-133,Monastiraki,Gazi,2026-01-18 06:35:00,2026-01-18 08:05:00,subscriber
r-00585,b-228,Panepistimio,Piraeus,2026-01-02 07:48:00,2026-01-02 07:59:00,subscriber
r-00586,b-237,Monastiraki,Syntagma,2026-01-05 12:27:00,2026-01-05 13:12:00,subscriber
r-00587,b-203,Piraeus,Kifisia,2026-01-08 23:29:00,2026-01-09 00:45:00,casual
r-00588,b-182,Piraeus,Monastiraki,2026-01-02 16:12:00,2026-01-02 17:03:00,subscriber
r-00589,b-077,Akropoli,Panepistimio,2026-01-09 20:25:00,2026-01-09 21:03:00,subscriber
r-00590,b-152,Panepistimio,Piraeus,2026-01-29 06:46:00,2026-01-29 08:08:00,casual
r-00591,b-045,Kifisia,Syntagma,2026-01-20 02:00:00,2026-01-20 03:13:00,casual
r-00592,b-270,Piraeus,Monastiraki,2026-01-18 18:21:00,2026-01-18 18:41:00,subscriber
r-00593,b-184,Syntagma,Akropoli,2026-01-30 00:57:00,2026-01-30 02:09:00,casual
r-00594,b-258,Gazi,Akropoli,2026-01-26 02:45:00,2026-01-26 03:50:00,casual
r-00595,b-164,Omonia,Syntagma,2026-01-19 00:12:00,2026-01-19 00:49:00,subscriber
r-00596,b-242,Syntagma,Kifisia,2026-01-02 16:00:00,2026-01-02 16:38:00,casual
r-00597,b-127,Omonia,Syntagma,2026-01-27 21:52:00,2026-01-27 22:24:00,subscriber
r-00598,b-113,Syntagma,Kifisia,2026-01-13 11:07:00,2026-01-13 12:18:00,casual
r-00599,b-163,Omonia,Monastiraki,2026-01-17 11:32:00,2026-01-17 11:57:00,casual
r-00600,b-289,Gazi,Akropoli,2026-01-28 06:08:00,2026-01-28 06:14:00,subscriber
r-00601,b-159,Kifisia,Akropoli,2026-01-26 23:03:00,2026-01-26 23:30:00,subscriber
r-00602,b-120,Monastiraki,Syntagma,2026-01-23 15:41:00,2026-01-23 15:48:00,subscriber
r-00603,b-170,Kifisia,Syntagma,2026-01-02 05:46:00,2026-01-02 06:56:00,subscriber
r-00604,b-166,Omonia,Kifisia,2026-01-07 06:31:00,2026-01-07 07:17:00,subscriber
r-00605,b-057,Omonia,Kifisia,2026-01-02 07:56:00,2026-01-02 08:17:00,casual
r-00606,b-052,Piraeus,Akropoli,2026-01-04 15:13:00,2026-01-04 16:03:00,casual
r-00607,b-224,Omonia,Monastiraki,2026-01-15 01:36:00,2026-01-15 02:20:00,casual
r-00608,b-288,Omonia,Piraeus,2026-01-30 21:04:00,2026-01-30 21:47:00,casual
r-00609,b-158,Omonia,Akropoli,2026-01-11 11:50:00,2026-01-11 13:18:00,casual
r-00610,b-294,Syntagma,Piraeus,2026-01-07 03:05:00,2026-01-07 03:30:00,casual
r-00611,b-163,Omonia,Gazi,2026-01-27 03:50:00,2026-01-27 03:57:00,subscriber
r-00612,b-073,Monastiraki,Akropoli,2026-01-30 10:39:00,2026-01-30 11:54:00,casual
r-00613,b-086,Gazi,Omonia,2026-01-04 20:59:00,2026-01-04 21:32:00,subscriber
r-00614,b-136,Kifisia,Syntagma,2026-01-30 10:04:00,2026-01-30 10:49:00,subscriber
r-00615,b-056,Gazi,Omonia,2026-01-12 16:33:00,2026-01-12 16:44:00,subscriber
r-00616,b-215,Kifisia,Gazi,2026-01-03 12:35:00,2026-01-03 13:27:00,subscriber
r-00617,b-280,Piraeus,Omonia,2026-01-20 04:13:00,2026-01-20 05:19:00,casual
r-00618,b-232,Panepistimio,Monastiraki,2026-01-05 22:47:00,2026-01-05 23:51:00,subscriber
r-00619,b-134,Syntagma,Panepistimio,2026-01-02 20:29:00,2026-01-02 21:09:00,subscriber
r-00620,b-083,Omonia,Akropoli,2026-01-04 17:02:00,2026-01-04 17:48:00,subscriber
r-00621,b-248,Gazi,Akropoli,2026-01-26 05:31:00,2026-01-26 05:45:00,subscriber
r-00622,b-223,Omonia,Gazi,2026-01-20 23:07:00,2026-01-21 00:33:00,subscriber
r-00623,b-098,Gazi,Monastiraki,2026-01-03 18:29:00,2026-01-03 18:44:00,casual
r-00624,b-145,Akropoli,Piraeus,2026-01-26 13:14:00,2026-01-26 14:26:00,casual
r-00625,b-293,Syntagma,Akropoli,2026-01-12 03:27:00,2026-01-12 03:42:00,casual
r-00626,b-219,Gazi,Syntagma,2026-01-08 07:45:00,2026-01-08 07:54:00,subscriber
r-00627,b-050,Kifisia,Monastiraki,2026-01-14 17:43:00,2026-01-14 19:10:00,subscriber
r-00628,b-243,Akropoli,Syntagma,2026-01-10 18:02:00,2026-01-10 18:26:00,subscriber
r-00629,b-136,Kifisia,Panepistimio,2026-01-15 08:48:00,2026-01-15 09:41:00,subscriber
r-00630,b-190,Piraeus,Monastiraki,2026-01-30 13:05:00,2026-01-30 14:17:00,casual
r-00631,b-135,Kifisia,Syntagma,2026-01-18 03:29:00,2026-01-18 03:55:00,casual
r-00632,b-138,Panepistimio,Kifisia,2026-01-22 11:58:00,2026-01-22 12:34:00,subscriber
r-00633,b-177,Monastiraki,Syntagma,2026-01-08 05:04:00,2026-01-08 06:32:00,casual
r-00634,b-199,Syntagma,Kifisia,2026-01-28 04:08:00,2026-01-28 04:40:00,casual
r-00635,b-121,Kifisia,Akropoli,2026-01-25 16:55:00,2026-01-25 18:25:00,casual
r-00636,b-018,Piraeus,Kifisia,2026-01-14 22:25:00,2026-01-14 22:38:00,subscriber
r-00637,b-109,Omonia,Monastiraki,2026-01-06 19:22:00,2026-01-06 20:22:00,subscriber
r-00638,b-223,Piraeus,Syntagma,2026-01-07 01:49:00,2026-01-07 01:57:00,subscriber
r-00639,b-035,Akropoli,Omonia,2026-01-29 21:05:00,2026-01-29 21:26:00,subscriber
r-00640,b-167,Piraeus,Akropoli,2026-01-18 23:54:00,2026-01-19 01:08:00,casual
r-00641,b-268,Syntagma,Kifisia,2026-01-24 23:38:00,2026-01-25 00:39:00,casual
r-00642,b-291,Omonia,Monastiraki,2026-01-06 10:54:00,2026-01-06 11:50:00,subscriber
r-00643,b-147,Monastiraki,Kifisia,2026-01-06 03:22:00,2026-01-06 04:37:00,casual
r-00644,b-249,Piraeus,Gazi,2026-01-20 00:48:00,2026-01-20 01:24:00,casual
r-00645,b-074,Akropoli,Panepistimio,2026-01-03 00:55:00,2026-01-03 01:20:00,casual
r-00646,b-122,Gazi,Piraeus,2026-01-03 02:21:00,2026-01-03 03:14:00,subscriber
r-00647,b-173,Gazi,Syntagma,2026-01-22 23:03:00,2026-01-22 23:40:00,casual
r-00648,b-051,Kifisia,Piraeus,2026-01-15 11:38:00,2026-01-15 12:16:00,subscriber
r-00649,b-165,Kifisia,Piraeus,2026-01-07 10:47:00,2026-01-07 11:28:00,casual
r-00650,b-227,Monastiraki,Omonia,2026-01-20 07:13:00,2026-01-20 08:33:00,subscriber
r-00651,b-029,Gazi,Kifisia,2026-01-19 20:44:00,2026-01-19 21:49:00,subscriber
r-00652,b-269,Piraeus,Monastiraki,2026-01-04 07:40:00,2026-01-04 08:22:00,subscriber
r-00653,b-030,Panepistimio,Kifisia,2026-01-09 05:46:00,2026-01-09 06:13:00,subscriber
r-00654,b-102,Syntagma,Panepistimio,2026-01-02 20:07:00,2026-01-02 21:08:00,casual
r-00655,b-064,Piraeus,Gazi,2026-01-18 02:20:00,2026-01-18 03:22:00,subscriber
r-00656,b-229,Kifisia,Akropoli,2026-01-12 08:15:00,2026-01-12 09:05:00,subscriber
r-00657,b-084,Gazi,Omonia,2026-01-22 22:22:00,2026-01-22 23:40:00,casual
r-00658,b-026,Syntagma,Akropoli,2026-01-05 10:43:00,2026-01-05 11:22:00,subscriber
r-00659,b-116,Panepistimio,Piraeus,2026-01-27 09:03:00,2026-01-27 09:33:00,subscriber
r-00660,b-011,Piraeus,Akropoli,2026-01-13 13:54:00,2026-01-13 15:20:00,subscriber
r-00661,b-005,Omonia,Gazi,2026-01-22 21:50:00,2026-01-22 22:09:00,subscriber
r-00662,b-141,Akropoli,Piraeus,2026-01-12 19:40:00,2026-01-12 21:00:00,casual
r-00663,b-112,Kifisia,Omonia,2026-01-18 11:12:00,2026-01-18 11:59:00,casual
r-00664,b-053,Piraeus,Akropoli,2026-01-15 02:01:00,2026-01-15 03:30:00,subscriber
r-00665,b-145,Gazi,Akropoli,2026-01-24 14:42:00,2026-01-24 16:09:00,casual
r-00666,b-142,Monastiraki,Panepistimio,2026-01-06 06:04:00,2026-01-06 07:08:00,casual
r-00667,b-077,Akropoli,Monastiraki,2026-01-13 22:25:00,2026-01-13 23:01:00,subscriber
r-00668,b-164,Piraeus,Gazi,2026-01-03 22:00:00,2026-01-03 23:19:00,subscriber
r-00669,b-133,Kifisia,Omonia,2026-01-02 11:48:00,2026-01-02 13:14:00,casual
r-00670,b-293,Syntagma,Gazi,2026-01-19 17:55:00,2026-01-19 18:47:00,subscriber
r-00671,b-184,Kifisia,Gazi,2026-01-16 22:49:00,2026-01-16 23:20:00,casual
r-00672,b-050,Omonia,Panepistimio,2026-01-09 01:40:00,2026-01-09 03:07:00,casual
r-00673,b-172,Omonia,Piraeus,2026-01-07 03:44:00,2026-01-07 04:20:00,subscriber
r-00674,b-158,Panepistimio,Piraeus,2026-01-11 10:45:00,2026-01-11 11:33:00,casual
r-00675,b-151,Akropoli,Gazi,2026-01-16 09:53:00,2026-01-16 10:43:00,casual
r-00676,b-299,Syntagma,Kifisia,2026-01-06 16:38:00,2026-01-06 17:41:00,subscriber
r-00677,b-196,Monastiraki,Kifisia,2026-01-22 19:47:00,2026-01-22 20:14:00,casual
r-00678,b-103,Omonia,Monastiraki,2026-01-20 03:13:00,2026-01-20 03:22:00,casual
r-00679,b-162,Kifisia,Monastiraki,2026-01-19 22:56:00,2026-01-20 00:11:00,subscriber
r-00680,b-091,Gazi,Piraeus,2026-01-05 00:16:00,2026-01-05 01:21:00,casual
r-00681,b-141,Syntagma,Akropoli,2026-01-30 05:02:00,2026-01-30 05:12:00,subscriber
r-00682,b-046,Omonia,Akropoli,2026-01-09 00:09:00,2026-01-09 01:25:00,subscriber
r-00683,b-220,Piraeus,Panepistimio,2026-01-29 07:10:00,2026-01-29 08:08:00,casual
r-00684,b-103,Syntagma,Gazi,2026-01-18 18:41:00,2026-01-18 18:44:00,casual
r-00685,b-003,Panepistimio,Syntagma,2026-01-01 23:22:00,2026-01-02 00:06:00,subscriber
r-00686,b-053,Akropoli,Monastiraki,2026-01-11 15:08:00,2026-01-11 15:55:00,casual
r-00687,b-034,Akropoli,Monastiraki,2026-01-24 05:46:00,2026-01-24 07:04:00,subscriber
r-00688,b-267,Kifisia,Gazi,2026-01-14 21:42:00,2026-01-14 22:22:00,casual
r-00689,b-251,Omonia,Panepistimio,2026-01-21 01:40:00,2026-01-21 03:10:00,casual
r-00690,b-117,Piraeus,Syntagma,2026-01-09 21:48:00,2026-01-09 22:12:00,subscriber
r-00691,b-259,Syntagma,Gazi,2026-01-07 07:18:00,2026-01-07 07:48:00,subscriber
r-00692,b-131,Syntagma,Akropoli,2026-01-06 22:31:00,2026-01-06 23:20:00,subscriber
r-00693,b-011,Monastiraki,Piraeus,2026-01-28 08:43:00,2026-01-28 08:52:00,subscriber
r-00694,b-064,Kifisia,Panepistimio,2026-01-06 14:28:00,2026-01-06 15:24:00,casual
r-00695,b-005,Panepistimio,Piraeus,2026-01-22 22:10:00,2026-01-22 22:32:00,casual
r-00696,b-267,Monastiraki,Piraeus,2026-01-20 11:42:00,2026-01-20 13:09:00,casual
r-00697,b-054,Omonia,Akropoli,2026-01-29 16:15:00,2026-01-29 17:35:00,subscriber
r-00698,b-102,Monastiraki,Akropoli,2026-01-14 04:47:00,2026-01-14 05:04:00,subscriber
r-00699,b-210,Panepistimio,Omonia,2026-01-13 07:15:00,2026-01-13 08:24:00,casual
r-00700,b-247,Kifisia,Monastiraki,2026-01-08 15:10:00,2026-01-08 15:18:00,casual
r-00701,b-046,Syntagma,Piraeus,2026-01-12 00:08:00,2026-01-12 00:11:00,subscriber
r-00702,b-047,Kifisia,Monastiraki,2026-01-27 11:07:00,2026-01-27 12:35:00,subscriber
r-00703,b-152,Panepistimio,Akropoli,2026-01-05 22:38:00,2026-01-05 23:13:00,casual
r-00704,b-090,Monastiraki,Kifisia,2026-01-22 11:06:00,2026-01-22 11:15:00,subscriber
r-00705,b-060,Gazi,Panepistimio,2026-01-14 13:22:00,2026-01-14 14:11:00,subscriber
r-00706,b-088,Omonia,Piraeus,2026-01-03 10:07:00,2026-01-03 10:11:00,casual
r-00707,b-048,Akropoli,Piraeus,2026-01-17 14:30:00,2026-01-17 15:29:00,casual
r-00708,b-205,Monastiraki,Akropoli,2026-01-16 22:20:00,2026-01-16 22:46:00,casual
r-00709,b-216,Kifisia,Piraeus,2026-01-13 16:54:00,2026-01-13 17:46:00,subscriber
r-00710,b-082,Syntagma,Kifisia,2026-01-06 11:29:00,2026-01-06 11:48:00,subscriber
r-00711,b-292,Kifisia,Piraeus,2026-01-20 06:24:00,2026-01-20 07:42:00,casual
r-00712,b-184,Piraeus,Kifisia,2026-01-09 13:59:00,2026-01-09 15:20:00,subscriber
r-00713,b-211,Kifisia,Syntagma,2026-01-07 06:42:00,2026-01-07 07:46:00,casual
r-00714,b-161,Akropoli,Piraeus,2026-01-03 10:12:00,2026-01-03 10:23:00,subscriber
r-00715,b-174,Panepistimio,Piraeus,2026-01-25 05:14:00,2026-01-25 06:30:00,subscriber
r-00716,b-178,Panepistimio,Akropoli,2026-01-21 00:47:00,2026-01-21 02:14:00,casual
r-00717,b-081,Syntagma,Monastiraki,2026-01-08 02:22:00,2026-01-08 03:36:00,casual
r-00718,b-252,Monastiraki,Kifisia,2026-01-23 21:35:00,2026-01-23 21:59:00,casual
r-00719,b-260,Akropoli,Syntagma,2026-01-12 07:07:00,2026-01-12 07:52:00,subscriber
r-00720,b-121,Piraeus,Panepistimio,2026-01-26 09:17:00,2026-01-26 10:42:00,subscriber
r-00721,b-256,Kifisia,Syntagma,2026-01-22 05:27:00,2026-01-22 06:26:00,casual
r-00722,b-010,Kifisia,Gazi,2026-01-15 17:13:00,2026-01-15 17:31:00,subscriber
r-00723,b-282,Syntagma,Gazi,2026-01-19 16:39:00,2026-01-19 17:34:00,subscriber
r-00724,b-288,Akropoli,Gazi,2026-01-05 11:16:00,2026-01-05 12:36:00,subscriber
r-00725,b-187,Kifisia,Omonia,2026-01-31 02:59:00,2026-01-31 04:27:00,subscriber
r-00726,b-243,Gazi,Akropoli,2026-01-11 11:29:00,2026-01-11 12:30:00,casual
r-00727,b-114,Monastiraki,Kifisia,2026-01-21 22:17:00,2026-01-21 22:34:00,subscriber
r-00728,b-268,Akropoli,Gazi,2026-01-16 20:51:00,2026-01-16 21:39:00,casual
r-00729,b-072,Omonia,Akropoli,2026-01-06 04:07:00,2026-01-06 04:15:00,casual
r-00730,b-062,Panepistimio,Monastiraki,2026-01-06 04:49:00,2026-01-06 05:24:00,casual
r-00731,b-174,Panepistimio,Piraeus,2026-01-11 03:28:00,2026-01-11 04:29:00,subscriber
r-00732,b-231,Monastiraki,Kifisia,2026-01-20 04:42:00,2026-01-20 04:50:00,casual
r-00733,b-003,Omonia,Akropoli,2026-01-31 07:12:00,2026-01-31 08:30:00,subscriber
r-00734,b-091,Kifisia,Akropoli,2026-01-26 12:16:00,2026-01-26 13:14:00,subscriber
r-00735,b-165,Piraeus,Gazi,2026-01-07 04:13:00,2026-01-07 04:29:00,casual
r-00736,b-204,Panepistimio,Omonia,2026-01-20 09:17:00,2026-01-20 10:37:00,casual
r-00737,b-212,Omonia,Monastiraki,2026-01-14 17:18:00,2026-01-14 18:18:00,casual
r-00738,b-108,Panepistimio,Monastiraki,2026-01-26 06:21:00,2026-01-26 07:04:00,casual
r-00739,b-092,Omonia,Piraeus,2026-01-17 01:09:00,2026-01-17 02:38:00,casual
r-00740,b-293,Kifisia,Akropoli,2026-01-06 14:03:00,2026-01-06 14:51:00,casual
r-00741,b-007,Piraeus,Kifisia,2026-01-25 15:09:00,2026-01-25 15:48:00,subscriber
r-00742,b-029,Omonia,Syntagma,2026-01-02 11:36:00,2026-01-02 12:27:00,subscriber
r-00743,b-129,Akropoli,Piraeus,2026-01-13 11:36:00,2026-01-13 11:59:00,subscriber
r-00744,b-278,Panepistimio,Kifisia,2026-01-04 03:45:00,2026-01-04 04:25:00,subscriber
r-00745,b-288,Monastiraki,Gazi,2026-01-17 15:46:00,2026-01-17 16:46:00,subscriber
r-00746,b-262,Piraeus,Monastiraki,2026-01-30 18:49:00,2026-01-30 20:03:00,casual
r-00747,b-161,Piraeus,Panepistimio,2026-01-03 11:18:00,2026-01-03 12:09:00,subscriber
r-00748,b-227,Panepistimio,Gazi,2026-01-01 22:09:00,2026-01-01 22:44:00,subscriber
r-00749,b-280,Gazi,Kifisia,2026-01-30 04:15:00,2026-01-30 05:40:00,subscriber
r-00750,b-039,Kifisia,Monastiraki,2026-01-10 03:21:00,2026-01-10 04:01:00,subscriber
r-00751,b-021,Monastiraki,Akropoli,2026-01-09 05:49:00,2026-01-09 06:57:00,casual
r-00752,b-083,Akropoli,Monastiraki,2026-01-14 00:51:00,2026-01-14 02:05:00,casual
r-00753,b-080,Kifisia,Gazi,2026-01-01 14:09:00,2026-01-01 14:54:00,subscriber
r-00754,b-155,Syntagma,Kifisia,2026-01-08 07:53:00,2026-01-08 08:37:00,casual
r-00755,b-163,Gazi,Syntagma,2026-01-27 09:30:00,2026-01-27 10:43:00,subscriber
r-00756,b-259,Monastiraki,Kifisia,2026-01-09 16:50:00,2026-01-09 17:59:00,subscriber
r-00757,b-179,Piraeus,Syntagma,2026-01-20 06:18:00,2026-01-20 07:30:00,subscriber
r-00758,b-185,Gazi,Omonia,2026-01-11 01:02:00,2026-01-11 02:29:00,casual
r-00759,b-005,Kifisia,Akropoli,2026-01-11 06:36:00,2026-01-11 07:58:00,subscriber
r-00760,b-125,Panepistimio,Piraeus,2026-01-17 01:55:00,2026-01-17 02:55:00,subscriber
r-00761,b-132,Monastiraki,Akropoli,2026-01-15 22:32:00,2026-01-15 23:23:00,casual
r-00762,b-261,Gazi,Akropoli,2026-01-02 10:59:00,2026-01-02 12:08:00,casual
r-00763,b-099,Akropoli,Piraeus,2026-01-23 11:43:00,2026-01-23 11:51:00,casual
r-00764,b-276,Monastiraki,Omonia,2026-01-24 17:18:00,2026-01-24 17:31:00,subscriber
r-00765,b-110,Panepistimio,Piraeus,2026-01-29 20:46:00,2026-01-29 20:57:00,casual
r-00766,b-037,Piraeus,Gazi,2026-01-06 01:30:00,2026-01-06 01:59:00,subscriber
r-00767,b-045,Gazi,Syntagma,2026-01-02 09:56:00,2026-01-02 10:57:00,subscriber
r-00768,b-037,Akropoli,Gazi,2026-01-03 19:16:00,2026-01-03 19:41:00,subscriber
r-00769,b-208,Piraeus,Panepistimio,2026-01-13 02:30:00,2026-01-13 03:25:00,casual
r-00770,b-061,Piraeus,Gazi,2026-01-15 17:35:00,2026-01-15 17:40:00,subscriber
r-00771,b-300,Monastiraki,Kifisia,2026-01-30 12:36:00,2026-01-30 13:58:00,subscriber
r-00772,b-155,Monastiraki,Panepistimio,2026-01-04 15:17:00,2026-01-04 16:05:00,subscriber
r-00773,b-016,Piraeus,Panepistimio,2026-01-14 03:29:00,2026-01-14 04:28:00,casual
r-00774,b-201,Panepistimio,Monastiraki,2026-01-08 10:44:00,2026-01-08 11:55:00,casual
r-00775,b-192,Akropoli,Piraeus,2026-01-30 04:32:00,2026-01-30 04:53:00,subscriber
r-00776,b-022,Omonia,Syntagma,2026-01-26 12:35:00,2026-01-26 13:49:00,subscriber
r-00777,b-281,Piraeus,Akropoli,2026-01-27 09:33:00,2026-01-27 10:52:00,subscriber
r-00778,b-212,Gazi,Monastiraki,2026-01-15 04:48:00,2026-01-15 05:17:00,subscriber
r-00779,b-130,Panepistimio,Gazi,2026-01-08 15:48:00,2026-01-08 16:14:00,subscriber
r-00780,b-282,Syntagma,Kifisia,2026-01-06 13:11:00,2026-01-06 13:37:00,casual
r-00781,b-035,Monastiraki,Panepistimio,2026-01-30 16:09:00,2026-01-30 17:22:00,casual
r-00782,b-183,Kifisia,Omonia,2026-01-05 19:15:00,2026-01-05 19:43:00,subscriber
r-00783,b-036,Monastiraki,Panepistimio,2026-01-31 03:57:00,2026-01-31 04:30:00,subscriber
r-00784,b-157,Kifisia,Omonia,2026-01-15 19:06:00,2026-01-15 20:11:00,subscriber
r-00785,b-162,Gazi,Kifisia,2026-01-27 01:44:00,2026-01-27 02:59:00,casual
r-00786,b-114,Gazi,Monastiraki,2026-01-09 00:11:00,2026-01-09 00:14:00,casual
r-00787,b-170,Omonia,Piraeus,2026-01-13 22:12:00,2026-01-13 23:01:00,casual
r-00788,b-157,Gazi,Kifisia,2026-01-22 09:33:00,2026-01-22 10:33:00,casual
r-00789,b-042,Omonia,Piraeus,2026-01-26 10:34:00,2026-01-26 10:50:00,casual
r-00790,b-040,Panepistimio,Omonia,2026-01-07 16:55:00,2026-01-07 18:06:00,subscriber
r-00791,b-298,Syntagma,Kifisia,2026-01-02 04:20:00,2026-01-02 05:27:00,casual
r-00792,b-134,Syntagma,Gazi,2026-01-28 04:28:00,2026-01-28 04:58:00,casual
r-00793,b-115,Gazi,Panepistimio,2026-01-31 02:14:00,2026-01-31 02:36:00,casual
r-00794,b-187,Monastiraki,Akropoli,2026-01-07 10:14:00,2026-01-07 11:16:00,subscriber
r-00795,b-264,Omonia,Kifisia,2026-01-12 04:55:00,2026-01-12 06:16:00,subscriber
r-00796,b-290,Omonia,Gazi,2026-01-21 15:23:00,2026-01-21 15:46:00,subscriber
r-00797,b-250,Syntagma,Omonia,2026-01-23 08:06:00,2026-01-23 08:54:00,subscriber
r-00798,b-022,Gazi,Monastiraki,2026-01-04 04:39:00,2026-01-04 05:15:00,subscriber
r-00799,b-233,Piraeus,Panepistimio,2026-01-24 21:40:00,2026-01-24 22:29:00,subscriber
r-00800,b-267,Gazi,Syntagma,2026-01-03 03:35:00,2026-01-03 05:01:00,casual
r-00801,b-194,Omonia,Akropoli,2026-01-13 07:36:00,2026-01-13 08:53:00,casual
r-00802,b-129,Monastiraki,Gazi,2026-01-28 01:54:00,2026-01-28 03:20:00,casual
r-00803,b-177,Piraeus,Omonia,2026-01-11 11:27:00,2026-01-11 12:36:00,casual
r-00804,b-072,Syntagma,Gazi,2026-01-23 06:35:00,2026-01-23 07:55:00,casual
r-00805,b-144,Monastiraki,Gazi,2026-01-08 20:53:00,2026-01-08 21:25:00,subscriber
r-00806,b-061,Omonia,Panepistimio,2026-01-08 04:06:00,2026-01-08 04:32:00,subscriber
r-00807,b-246,Monastiraki,Akropoli,2026-01-20 04:52:00,2026-01-20 05:37:00,casual
r-00808,b-211,Omonia,Piraeus,2026-01-10 22:08:00,2026-01-10 23:26:00,subscriber
r-00809,b-083,Omonia,Gazi,2026-01-12 10:09:00,2026-01-12 10:17:00,subscriber
r-00810,b-076,Syntagma,Gazi,2026-01-29 23:37:00,2026-01-30 00:45:00,subscriber
r-00811,b-208,Omonia,Gazi,2026-01-08 21:41:00,2026-01-08 22:17:00,subscriber
r-00812,b-242,Panepistimio,Akropoli,2026-01-14 05:36:00,2026-01-14 05:49:00,casual
r-00813,b-074,Piraeus,Akropoli,2026-01-09 02:18:00,2026-01-09 02:49:00,subscriber
r-00814,b-176,Akropoli,Monastiraki,2026-01-29 16:42:00,2026-01-29 18:09:00,casual
r-00815,b-194,Monastiraki,Omonia,2026-01-28 11:34:00,2026-01-28 12:52:00,casual
r-00816,b-268,Syntagma,Omonia,2026-01-07 08:24:00,2026-01-07 08:40:00,casual
r-00817,b-244,Monastiraki,Omonia,2026-01-08 03:21:00,2026-01-08 04:41:00,subscriber
r-00818,b-247,Monastiraki,Syntagma,2026-01-25 12:27:00,2026-01-25 13:34:00,subscriber
r-00819,b-221,Syntagma,Kifisia,2026-01-28 19:09:00,2026-01-28 20:21:00,casual
r-00820,b-247,Piraeus,Monastiraki,2026-01-18 04:33:00,2026-01-18 04:41:00,casual
r-00821,b-069,Monastiraki,Akropoli,2026-01-17 06:51:00,2026-01-17 08:09:00,casual
r-00822,b-279,Monastiraki,Panepistimio,2026-01-23 01:09:00,2026-01-23 01:41:00,casual
r-00823,b-004,Syntagma,Piraeus,2026-01-13 01:35:00,2026-01-13 02:02:00,subscriber
r-00824,b-106,Piraeus,Gazi,2026-01-24 23:43:00,2026-01-24 23:46:00,casual
r-00825,b-219,Monastiraki,Omonia,2026-01-19 22:34:00,2026-01-19 23:23:00,casual
r-00826,b-188,Piraeus,Akropoli,2026-01-13 05:24:00,2026-01-13 06:35:00,casual
r-00827,b-286,Piraeus,Akropoli,2026-01-19 10:07:00,2026-01-19 10:36:00,casual
r-00828,b-158,Kifisia,Omonia,2026-01-09 11:12:00,2026-01-09 12:02:00,casual
r-00829,b-118,Monastiraki,Piraeus,2026-01-19 10:51:00,2026-01-19 11:11:00,casual
r-00830,b-206,Panepistimio,Gazi,2026-01-08 16:43:00,2026-01-08 16:58:00,casual
r-00831,b-200,Syntagma,Omonia,2026-01-26 09:22:00,2026-01-26 10:43:00,subscriber
r-00832,b-223,Kifisia,Akropoli,2026-01-05 11:29:00,2026-01-05 11:50:00,subscriber
r-00833,b-041,Panepistimio,Omonia,2026-01-04 05:59:00,2026-01-04 06:35:00,subscriber
r-00834,b-030,Akropoli,Piraeus,2026-01-18 19:47:00,2026-01-18 20:41:00,subscriber
r-00835,b-104,Kifisia,Syntagma,2026-01-30 11:22:00,2026-01-30 12:28:00,casual
r-00836,b-087,Panepistimio,Gazi,2026-01-10 04:42:00,2026-01-10 04:49:00,subscriber
r-00837,b-045,Syntagma,Omonia,2026-01-17 16:55:00,2026-01-17 17:28:00,casual
r-00838,b-103,Piraeus,Panepistimio,2026-01-19 12:17:00,2026-01-19 13:05:00,subscriber
r-00839,b-287,Akropoli,Piraeus,2026-01-04 10:56:00,2026-01-04 11:10:00,casual
r-00840,b-100,Panepistimio,Gazi,2026-01-17 03:32:00,2026-01-17 04:10:00,casual
r-00841,b-090,Syntagma,Panepistimio,2026-01-19 17:13:00,2026-01-19 18:29:00,casual
r-00842,b-151,Monastiraki,Gazi,2026-01-24 08:56:00,2026-01-24 09:12:00,casual
r-00843,b-295,Akropoli,Gazi,2026-01-06 15:48:00,2026-01-06 16:56:00,casual
r-00844,b-125,Kifisia,Piraeus,2026-01-21 11:37:00,2026-01-21 12:28:00,casual
r-00845,b-015,Kifisia,Akropoli,2026-01-22 05:11:00,2026-01-22 06:41:00,casual
r-00846,b-113,Monastiraki,Akropoli,2026-01-06 14:59:00,2026-01-06 15:35:00,subscriber
r-00847,b-275,Gazi,Akropoli,2026-01-15 16:51:00,2026-01-15 17:46:00,subscriber
r-00848,b-205,Akropoli,Syntagma,2026-01-13 07:38:00,2026-01-13 08:12:00,casual
r-00849,b-161,Omonia,Akropoli,2026-01-04 19:02:00,2026-01-04 20:15:00,casual
r-00850,b-098,Akropoli,Monastiraki,2026-01-11 06:43:00,2026-01-11 07:59:00,casual
r-00851,b-136,Panepistimio,Kifisia,2026-01-10 10:05:00,2026-01-10 10:38:00,subscriber
r-00852,b-183,Panepistimio,Kifisia,2026-01-11 18:21:00,2026-01-11 18:49:00,subscriber
r-00853,b-253,Monastiraki,Piraeus,2026-01-06 04:31:00,2026-01-06 04:49:00,subscriber
r-00854,b-162,Kifisia,Omonia,2026-01-25 23:26:00,2026-01-25 23:34:00,casual
r-00855,b-262,Kifisia,Monastiraki,2026-01-27 11:31:00,2026-01-27 12:09:00,casual
r-00856,b-270,Omonia,Syntagma,2026-01-19 10:35:00,2026-01-19 11:06:00,casual
r-00857,b-178,Syntagma,Gazi,2026-01-23 02:27:00,2026-01-23 03:39:00,casual
r-00858,b-266,Monastiraki,Piraeus,2026-01-09 06:55:00,2026-01-09 07:56:00,casual
r-00859,b-108,Syntagma,Piraeus,2026-01-15 16:46:00,2026-01-15 16:50:00,casual
r-00860,b-133,Gazi,Omonia,2026-01-27 18:36:00,2026-01-27 18:51:00,subscriber
r-00861,b-242,Panepistimio,Omonia,2026-01-26 07:10:00,2026-01-26 07:46:00,casual
r-00862,b-108,Kifisia,Panepistimio,2026-01-17 23:41:00,2026-01-18 00:07:00,casual
r-00863,b-231,Piraeus,Omonia,2026-01-18 06:39:00,2026-01-18 07:28:00,subscriber
r-00864,b-052,Panepistimio,Kifisia,2026-01-27 08:07:00,2026-01-27 08:26:00,casual
r-00865,b-196,Piraeus,Kifisia,2026-01-12 01:33:00,2026-01-12 02:47:00,subscriber
r-00866,b-005,Kifisia,Piraeus,2026-01-07 23:18:00,2026-01-07 23:40:00,subscriber
r-00867,b-265,Omonia,Kifisia,2026-01-20 12:24:00,2026-01-20 13:30:00,casual
r-00868,b-291,Akropoli,Gazi,2026-01-23 11:31:00,2026-01-23 12:12:00,subscriber
r-00869,b-111,Omonia,Syntagma,2026-01-19 11:09:00,2026-01-19 11:24:00,casual
r-00870,b-172,Monastiraki,Akropoli,2026-01-23 00:30:00,2026-01-23 01:53:00,casual
r-00871,b-011,Akropoli,Omonia,2026-01-17 18:16:00,2026-01-17 19:05:00,casual
r-00872,b-295,Panepistimio,Gazi,2026-01-06 20:25:00,2026-01-06 21:12:00,subscriber
r-00873,b-262,Gazi,Piraeus,2026-01-14 06:52:00,2026-01-14 07:40:00,casual
r-00874,b-147,Piraeus,Akropoli,2026-01-21 16:10:00,2026-01-21 16:23:00,casual
r-00875,b-173,Omonia,Piraeus,2026-01-30 01:59:00,2026-01-30 02:20:00,casual
r-00876,b-037,Piraeus,Kifisia,2026-01-30 01:31:00,2026-01-30 02:52:00,subscriber
r-00877,b-163,Panepistimio,Omonia,2026-01-08 16:56:00,2026-01-08 17:42:00,casual
r-00878,b-228,Piraeus,Omonia,2026-01-13 12:09:00,2026-01-13 13:29:00,casual
r-00879,b-086,Kifisia,Panepistimio,2026-01-28 01:04:00,2026-01-28 02:13:00,subscriber
r-00880,b-129,Panepistimio,Piraeus,2026-01-02 09:13:00,2026-01-02 09:32:00,subscriber
r-00881,b-049,Piraeus,Syntagma,2026-01-10 22:00:00,2026-01-10 22:24:00,subscriber
r-00882,b-204,Syntagma,Monastiraki,2026-01-22 20:50:00,2026-01-22 22:03:00,subscriber
r-00883,b-200,Omonia,Syntagma,2026-01-06 01:31:00,2026-01-06 02:07:00,casual
r-00884,b-065,Akropoli,Panepistimio,2026-01-11 18:31:00,2026-01-11 19:05:00,subscriber
r-00885,b-183,Syntagma,Monastiraki,2026-01-25 07:20:00,2026-01-25 07:44:00,casual
r-00886,b-228,Akropoli,Gazi,2026-01-23 00:05:00,2026-01-23 01:07:00,subscriber
r-00887,b-289,Kifisia,Gazi,2026-01-25 21:02:00,2026-01-25 21:27:00,casual
r-00888,b-247,Akropoli,Omonia,2026-01-25 03:45:00,2026-01-25 05:09:00,subscriber
r-00889,b-212,Akropoli,Omonia,2026-01-05 09:49:00,2026-01-05 10:48:00,casual
r-00890,b-268,Syntagma,Monastiraki,2026-01-08 10:05:00,2026-01-08 10:46:00,subscriber
r-00891,b-005,Kifisia,Akropoli,2026-01-16 23:36:00,2026-01-17 00:15:00,casual
r-00892,b-221,Syntagma,Kifisia,2026-01-23 01:05:00,2026-01-23 01:46:00,casual
r-00893,b-192,Syntagma,Gazi,2026-01-28 12:05:00,2026-01-28 12:37:00,subscriber
r-00894,b-128,Piraeus,Panepistimio,2026-01-20 01:43:00,2026-01-20 02:57:00,subscriber
r-00895,b-135,Piraeus,Monastiraki,2026-01-30 17:35:00,2026-01-30 18:27:00,subscriber
r-00896,b-140,Panepistimio,Gazi,2026-01-20 13:11:00,2026-01-20 14:34:00,casual
r-00897,b-097,Akropoli,Panepistimio,2026-01-30 20:17:00,2026-01-30 21:28:00,subscriber
r-00898,b-234,Akropoli,Syntagma,2026-01-09 15:14:00,2026-01-09 15:34:00,casual
r-00899,b-165,Kifisia,Monastiraki,2026-01-13 17:14:00,2026-01-13 18:36:00,subscriber
r-00900,b-053,Syntagma,Omonia,2026-01-08 06:11:00,2026-01-08 06:20:00,casual
r-00901,b-005,Kifisia,Gazi,2026-01-13 14:01:00,2026-01-13 14:20:00,subscriber
r-00902,b-112,Syntagma,Akropoli,2026-01-05 10:31:00,2026-01-05 10:53:00,casual
r-00903,b-238,Kifisia,Omonia,2026-01-20 11:01:00,2026-01-20 11:43:00,subscriber
r-00904,b-137,Omonia,Syntagma,2026-01-16 08:43:00,2026-01-16 08:56:00,casual
r-00905,b-099,Kifisia,Monastiraki,2026-01-04 13:58:00,2026-01-04 15:10:00,casual
r-00906,b-128,Monastiraki,Kifisia,2026-01-18 16:47:00,2026-01-18 16:51:00,casual
r-00907,b-236,Syntagma,Omonia,2026-01-21 11:49:00,2026-01-21 12:23:00,subscriber
r-00908,b-200,Panepistimio,Akropoli,2026-01-25 01:13:00,2026-01-25 02:41:00,casual
r-00909,b-282,Syntagma,Piraeus,2026-01-16 00:52:00,2026-01-16 01:15:00,subscriber
r-00910,b-185,Akropoli,Monastiraki,2026-01-12 20:41:00,2026-01-12 21:45:00,subscriber
r-00911,b-223,Panepistimio,Piraeus,2026-01-11 05:52:00,2026-01-11 06:09:00,casual
r-00912,b-062,Akropoli,Gazi,2026-01-02 00:27:00,2026-01-02 00:51:00,casual
r-00913,b-244,Syntagma,Gazi,2026-01-12 09:31:00,2026-01-12 09:35:00,subscriber
r-00914,b-256,Panepistimio,Monastiraki,2026-01-18 05:39:00,2026-01-18 05:53:00,subscriber
r-00915,b-183,Syntagma,Monastiraki,2026-01-29 11:43:00,2026-01-29 12:29:00,subscriber
r-00916,b-120,Omonia,Akropoli,2026-01-25 17:50:00,2026-01-25 18:06:00,casual
r-00917,b-225,Gazi,Kifisia,2026-01-26 17:52:00,2026-01-26 19:17:00,subscriber
r-00918,b-069,Gazi,Piraeus,2026-01-02 07:19:00,2026-01-02 08:10:00,casual
r-00919,b-151,Kifisia,Akropoli,2026-01-03 03:07:00,2026-01-03 04:12:00,casual
r-00920,b-179,Omonia,Gazi,2026-01-09 23:17:00,2026-01-10 00:32:00,casual
r-00921,b-272,Omonia,Syntagma,2026-01-22 15:36:00,2026-01-22 16:14:00,subscriber
r-00922,b-188,Akropoli,Gazi,2026-01-21 18:50:00,2026-01-21 19:30:00,casual
r-00923,b-095,Piraeus,Gazi,2026-01-01 08:47:00,2026-01-01 10:11:00,subscriber
r-00924,b-033,Panepistimio,Omonia,2026-01-29 12:54:00,2026-01-29 13:43:00,casual
r-00925,b-283,Kifisia,Piraeus,2026-01-09 23:23:00,2026-01-10 00:33:00,subscriber
r-00926,b-165,Gazi,Panepistimio,2026-01-29 05:36:00,2026-01-29 06:15:00,subscriber
r-00927,b-067,Monastiraki,Syntagma,2026-01-05 17:08:00,2026-01-05 18:17:00,subscriber
r-00928,b-099,Monastiraki,Akropoli,2026-01-02 18:09:00,2026-01-02 18:37:00,subscriber
r-00929,b-251,Piraeus,Gazi,2026-01-02 18:45:00,2026-01-02 20:01:00,casual
r-00930,b-037,Panepistimio,Gazi,2026-01-03 13:36:00,2026-01-03 14:25:00,subscriber
r-00931,b-041,Kifisia,Piraeus,2026-01-10 19:59:00,2026-01-10 21:25:00,casual
r-00932,b-213,Gazi,Akropoli,2026-01-30 09:52:00,2026-01-30 10:02:00,casual
r-00933,b-021,Akropoli,Gazi,2026-01-03 23:40:00,2026-01-04 01:01:00,subscriber
r-00934,b-050,Panepistimio,Gazi,2026-01-15 03:56:00,2026-01-15 04:08:00,subscriber
r-00935,b-099,Piraeus,Monastiraki,2026-01-11 20:19:00,2026-01-11 21:30:00,subscriber
r-00936,b-286,Omonia,Gazi,2026-01-27 06:37:00,2026-01-27 08:00:00,casual
r-00937,b-235,Gazi,Piraeus,2026-01-06 03:14:00,2026-01-06 04:38:00,casual
r-00938,b-206,Omonia,Gazi,2026-01-06 01:42:00,2026-01-06 02:06:00,casual
r-00939,b-162,Kifisia,Omonia,2026-01-31 06:12:00,2026-01-31 06:35:00,casual
r-00940,b-166,Piraeus,Kifisia,2026-01-18 06:01:00,2026-01-18 06:56:00,subscriber
r-00941,b-282,Panepistimio,Akropoli,2026-01-26 23:06:00,2026-01-27 00:18:00,casual
r-00942,b-001,Kifisia,Panepistimio,2026-01-17 17:13:00,2026-01-17 18:13:00,subscriber
r-00943,b-070,Syntagma,Gazi,2026-01-14 06:43:00,2026-01-14 08:02:00,casual
r-00944,b-162,Panepistimio,Monastiraki,2026-01-01 15:10:00,2026-01-01 15:51:00,subscriber
r-00945,b-020,Omonia,Syntagma,2026-01-13 21:25:00,2026-01-13 22:38:00,casual
r-00946,b-188,Omonia,Panepistimio,2026-01-17 12:28:00,2026-01-17 12:50:00,subscriber
r-00947,b-293,Akropoli,Syntagma,2026-01-11 22:29:00,2026-01-11 23:04:00,casual
r-00948,b-167,Monastiraki,Piraeus,2026-01-27 05:34:00,2026-01-27 06:04:00,casual
r-00949,b-154,Monastiraki,Gazi,2026-01-09 04:51:00,2026-01-09 05:56:00,subscriber
r-00950,b-029,Monastiraki,Kifisia,2026-01-27 13:27:00,2026-01-27 14:18:00,casual
r-00951,b-062,Piraeus,Kifisia,2026-01-17 04:01:00,2026-01-17 04:59:00,subscriber
r-00952,b-196,Syntagma,Piraeus,2026-01-31 01:00:00,2026-01-31 02:20:00,subscriber
r-00953,b-277,Syntagma,Panepistimio,2026-01-15 04:54:00,2026-01-15 06:04:00,subscriber
r-00954,b-026,Panepistimio,Monastiraki,2026-01-16 04:59:00,2026-01-16 06:06:00,casual
r-00955,b-222,Monastiraki,Omonia,2026-01-21 14:43:00,2026-01-21 16:02:00,casual
r-00956,b-043,Omonia,Panepistimio,2026-01-19 06:42:00,2026-01-19 07:03:00,casual
r-00957,b-044,Piraeus,Omonia,2026-01-27 08:09:00,2026-01-27 08:18:00,casual
r-00958,b-070,Omonia,Kifisia,2026-01-24 04:07:00,2026-01-24 05:05:00,casual
r-00959,b-293,Kifisia,Panepistimio,2026-01-26 18:54:00,2026-01-26 19:22:00,subscriber
r-00960,b-037,Panepistimio,Monastiraki,2026-01-26 20:56:00,2026-01-26 22:17:00,casual
r-00961,b-212,Monastiraki,Syntagma,2026-01-20 21:44:00,2026-01-20 22:28:00,casual
r-00962,b-177,Panepistimio,Omonia,2026-01-17 22:58:00,2026-01-17 23:45:00,subscriber
r-00963,b-227,Gazi,Akropoli,2026-01-15 04:56:00,2026-01-15 05:20:00,subscriber
r-00964,b-192,Panepistimio,Monastiraki,2026-01-21 09:06:00,2026-01-21 09:14:00,subscriber
r-00965,b-076,Syntagma,Omonia,2026-01-05 05:43:00,2026-01-05 06:00:00,casual
r-00966,b-231,Monastiraki,Panepistimio,2026-01-01 23:00:00,2026-01-01 23:46:00,casual
r-00967,b-276,Panepistimio,Piraeus,2026-01-02 08:50:00,2026-01-02 09:35:00,subscriber
r-00968,b-248,Akropoli,Gazi,2026-01-10 14:36:00,2026-01-10 15:48:00,subscriber
r-00969,b-088,Syntagma,Panepistimio,2026-01-02 04:05:00,2026-01-02 04:56:00,subscriber
r-00970,b-239,Akropoli,Syntagma,2026-01-14 06:13:00,2026-01-14 06:41:00,subscriber
r-00971,b-185,Akropoli,Piraeus,2026-01-04 08:44:00,2026-01-04 09:36:00,subscriber
r-00972,b-195,Piraeus,Monastiraki,2026-01-02 04:50:00,2026-01-02 05:30:00,subscriber
r-00973,b-102,Monastiraki,Omonia,2026-01-15 16:33:00,2026-01-15 17:38:00,casual
r-00974,b-272,Syntagma,Omonia,2026-01-26 20:25:00,2026-01-26 20:30:00,casual
r-00975,b-081,Piraeus,Gazi,2026-01-16 12:20:00,2026-01-16 13:25:00,subscriber
r-00976,b-155,Gazi,Omonia,2026-01-17 02:46:00,2026-01-17 04:16:00,subscriber
r-00977,b-132,Syntagma,Piraeus,2026-01-24 03:30:00,2026-01-24 04:08:00,casual
r-00978,b-078,Akropoli,Monastiraki,2026-01-02 16:11:00,2026-01-02 17:25:00,casual
r-00979,b-196,Omonia,Syntagma,2026-01-19 05:05:00,2026-01-19 06:32:00,subscriber
r-00980,b-160,Omonia,Akropoli,2026-01-20 07:50:00,2026-01-20 08:23:00,casual
r-00981,b-071,Omonia,Monastiraki,2026-01-21 18:36:00,2026-01-21 19:48:00,subscriber
r-00982,b-075,Omonia,Akropoli,2026-01-07 14:51:00,2026-01-07 15:33:00,subscriber
r-00983,b-163,Monastiraki,Omonia,2026-01-15 18:47:00,2026-01-15 18:58:00,subscriber
r-00984,b-156,Piraeus,Panepistimio,2026-01-02 16:12:00,2026-01-02 16:55:00,casual
r-00985,b-097,Omonia,Kifisia,2026-01-30 07:36:00,2026-01-30 08:14:00,subscriber
r-00986,b-137,Syntagma,Kifisia,2026-01-07 07:40:00,2026-01-07 08:06:00,subscriber
r-00987,b-014,Panepistimio,Piraeus,2026-01-28 11:23:00,2026-01-28 11:55:00,casual
r-00988,b-241,Omonia,Gazi,2026-01-04 22:48:00,2026-01-04 23:52:00,casual
r-00989,b-071,Kifisia,Panepistimio,2026-01-09 16:57:00,2026-01-09 17:49:00,subscriber
r-00990,b-008,Syntagma,Akropoli,2026-01-10 03:05:00,2026-01-10 03:36:00,casual
r-00991,b-105,Panepistimio,Kifisia,2026-01-20 03:09:00,2026-01-20 03:40:00,subscriber
r-00992,b-167,Kifisia,Gazi,2026-01-09 09:24:00,2026-01-09 10:23:00,casual
r-00993,b-022,Piraeus,Kifisia,2026-01-12 13:33:00,2026-01-12 14:30:00,casual
r-00994,b-056,Syntagma,Gazi,2026-01-15 13:46:00,2026-01-15 14:39:00,casual
r-00995,b-276,Panepistimio,Gazi,2026-01-22 03:03:00,2026-01-22 03:11:00,casual
r-00996,b-026,Piraeus,Akropoli,2026-01-03 02:52:00,2026-01-03 04:06:00,subscriber
r-00997,b-147,Piraeus,Omonia,2026-01-14 14:02:00,2026-01-14 15:01:00,casual
r-00998,b-028,Akropoli,Gazi,2026-01-08 21:50:00,2026-01-08 22:47:00,subscriber
r-00999,b-257,Kifisia,Syntagma,2026-01-22 10:21:00,2026-01-22 11:46:00,subscriber
r-01000,b-212,Omonia,Akropoli,2026-01-09 12:21:00,2026-01-09 13:38:00,casual
r-01001,b-104,Omonia,Akropoli,2026-01-21 20:29:00,2026-01-21 20:35:00,casual
r-01002,b-084,Gazi,Piraeus,2026-01-05 10:30:00,2026-01-05 11:05:00,subscriber
r-01003,b-186,Kifisia,Gazi,2026-01-05 11:36:00,2026-01-05 11:53:00,subscriber
r-01004,b-282,Omonia,Akropoli,2026-01-25 04:08:00,2026-01-25 05:00:00,casual
r-01005,b-077,Gazi,Akropoli,2026-01-03 07:57:00,2026-01-03 08:21:00,subscriber
r-01006,b-158,Syntagma,Akropoli,2026-01-07 21:56:00,2026-01-07 22:21:00,casual
r-01007,b-068,Omonia,Syntagma,2026-01-21 15:25:00,2026-01-21 16:04:00,subscriber
r-01008,b-235,Akropoli,Syntagma,2026-01-01 11:51:00,2026-01-01 13:13:00,casual
r-01009,b-253,Syntagma,Gazi,2026-01-24 00:39:00,2026-01-24 01:51:00,subscriber
r-01010,b-210,Kifisia,Panepistimio,2026-01-11 04:53:00,2026-01-11 06:11:00,casual
r-01011,b-281,Syntagma,Omonia,2026-01-04 22:43:00,2026-01-05 00:02:00,casual
r-01012,b-095,Panepistimio,Syntagma,2026-01-29 12:56:00,2026-01-29 14:19:00,subscriber
r-01013,b-075,Gazi,Syntagma,2026-01-03 20:08:00,2026-01-03 21:34:00,subscriber
r-01014,b-045,Akropoli,Omonia,2026-01-27 15:25:00,2026-01-27 16:45:00,subscriber
r-01015,b-146,Omonia,Monastiraki,2026-01-06 06:56:00,2026-01-06 07:52:00,subscriber
r-01016,b-048,Gazi,Syntagma,2026-01-22 01:21:00,2026-01-22 02:38:00,casual
r-01017,b-035,Piraeus,Kifisia,2026-01-16 00:36:00,2026-01-16 01:26:00,casual
r-01018,b-069,Akropoli,Panepistimio,2026-01-26 09:15:00,2026-01-26 09:26:00,subscriber
r-01019,b-108,Piraeus,Akropoli,2026-01-13 19:44:00,2026-01-13 20:29:00,subscriber
r-01020,b-271,Monastiraki,Gazi,2026-01-29 04:31:00,2026-01-29 04:41:00,subscriber
r-01021,b-163,Akropoli,Panepistimio,2026-01-23 08:17:00,2026-01-23 09:37:00,casual
r-01022,b-289,Gazi,Monastiraki,2026-01-25 05:52:00,2026-01-25 07:08:00,casual
r-01023,b-093,Kifisia,Panepistimio,2026-01-24 23:39:00,2026-01-25 01:02:00,subscriber
r-01024,b-013,Syntagma,Monastiraki,2026-01-14 13:17:00,2026-01-14 13:44:00,casual
r-01025,b-213,Panepistimio,Kifisia,2026-01-29 19:10:00,2026-01-29 19:28:00,casual
r-01026,b-109,Gazi,Akropoli,2026-01-03 09:41:00,2026-01-03 10:26:00,subscriber
r-01027,b-035,Akropoli,Omonia,2026-01-30 11:43:00,2026-01-30 12:11:00,casual
r-01028,b-004,Gazi,Kifisia,2026-01-14 23:59:00,2026-01-15 01:06:00,subscriber
r-01029,b-292,Piraeus,Gazi,2026-01-16 12:02:00,2026-01-16 12:48:00,subscriber
r-01030,b-174,Gazi,Kifisia,2026-01-09 07:50:00,2026-01-09 08:17:00,casual
r-01031,b-080,Omonia,Akropoli,2026-01-22 22:16:00,2026-01-22 22:23:00,casual
r-01032,b-212,Kifisia,Piraeus,2026-01-25 18:30:00,2026-01-25 19:15:00,subscriber
r-01033,b-275,Gazi,Akropoli,2026-01-25 01:09:00,2026-01-25 01:50:00,subscriber
r-01034,b-182,Gazi,Kifisia,2026-01-10 19:28:00,2026-01-10 20:44:00,subscriber
r-01035,b-193,Syntagma,Panepistimio,2026-01-08 03:04:00,2026-01-08 03:42:00,subscriber
r-01036,b-060,Piraeus,Monastiraki,2026-01-27 07:39:00,2026-01-27 08:59:00,casual
r-01037,b-045,Akropoli,Panepistimio,2026-01-15 15:31:00,2026-01-15 15:38:00,casual
r-01038,b-155,Kifisia,Piraeus,2026-01-12 03:34:00,2026-01-12 04:24:00,subscriber
r-01039,b-192,Omonia,Syntagma,2026-01-25 05:32:00,2026-01-25 06:13:00,subscriber
r-01040,b-013,Kifisia,Akropoli,2026-01-10 12:44:00,2026-01-10 12:58:00,casual
r-01041,b-248,Panepistimio,Omonia,2026-01-24 02:11:00,2026-01-24 02:33:00,casual
r-01042,b-265,Monastiraki,Kifisia,2026-01-16 05:32:00,2026-01-16 05:53:00,subscriber
r-01043,b-268,Kifisia,Panepistimio,2026-01-10 16:07:00,2026-01-10 16:14:00,subscriber
r-01044,b-045,Syntagma,Piraeus,2026-01-01 12:29:00,2026-01-01 13:11:00,casual
r-01045,b-160,Monastiraki,Gazi,2026-01-22 13:57:00,2026-01-22 14:05:00,subscriber
r-01046,b-103,Panepistimio,Omonia,2026-01-27 14:50:00,2026-01-27 15:32:00,subscriber
r-01047,b-226,Gazi,Kifisia,2026-01-14 09:00:00,2026-01-14 09:38:00,subscriber
r-01048,b-059,Omonia,Panepistimio,2026-01-13 17:48:00,2026-01-13 18:10:00,subscriber
r-01049,b-278,Monastiraki,Omonia,2026-01-29 16:25:00,2026-01-29 17:39:00,casual
r-01050,b-146,Akropoli,Monastiraki,2026-01-26 08:03:00,2026-01-26 08:46:00,subscriber
r-01051,b-174,Akropoli,Gazi,2026-01-09 03:04:00,2026-01-09 03:16:00,casual
r-01052,b-026,Syntagma,Akropoli,2026-01-03 15:24:00,2026-01-03 15:43:00,subscriber
r-01053,b-201,Monastiraki,Akropoli,2026-01-18 18:59:00,2026-01-18 19:08:00,subscriber
r-01054,b-183,Kifisia,Akropoli,2026-01-28 11:07:00,2026-01-28 12:25:00,casual
r-01055,b-239,Monastiraki,Kifisia,2026-01-16 10:59:00,2026-01-16 11:27:00,subscriber
r-01056,b-159,Monastiraki,Akropoli,2026-01-05 13:29:00,2026-01-05 14:31:00,casual
r-01057,b-133,Panepistimio,Monastiraki,2026-01-22 17:57:00,2026-01-22 18:29:00,casual
r-01058,b-167,Gazi,Kifisia,2026-01-19 04:15:00,2026-01-19 04:41:00,casual
r-01059,b-058,Monastiraki,Akropoli,2026-01-23 12:29:00,2026-01-23 12:35:00,casual
r-01060,b-179,Omonia,Panepistimio,2026-01-23 02:48:00,2026-01-23 03:50:00,subscriber
r-01061,b-055,Piraeus,Kifisia,2026-01-24 10:48:00,2026-01-24 11:04:00,casual
r-01062,b-155,Monastiraki,Kifisia,2026-01-26 15:27:00,2026-01-26 16:53:00,casual
r-01063,b-125,Piraeus,Monastiraki,2026-01-19 13:47:00,2026-01-19 15:05:00,subscriber
r-01064,b-107,Monastiraki,Panepistimio,2026-01-23 06:52:00,2026-01-23 07:44:00,casual
r-01065,b-121,Gazi,Akropoli,2026-01-21 03:31:00,2026-01-21 04:46:00,subscriber
r-01066,b-238,Kifisia,Syntagma,2026-01-04 21:04:00,2026-01-04 22:20:00,casual
r-01067,b-158,Kifisia,Monastiraki,2026-01-26 14:18:00,2026-01-26 14:33:00,casual
r-01068,b-195,Monastiraki,Piraeus,2026-01-04 12:01:00,2026-01-04 13:20:00,casual
r-01069,b-112,Syntagma,Monastiraki,2026-01-23 19:54:00,2026-01-23 21:19:00,subscriber
r-01070,b-076,Syntagma,Kifisia,2026-01-27 18:21:00,2026-01-27 19:45:00,subscriber
r-01071,b-296,Akropoli,Panepistimio,2026-01-21 22:46:00,2026-01-21 23:57:00,casual
r-01072,b-292,Gazi,Omonia,2026-01-10 05:43:00,2026-01-10 06:12:00,casual
r-01073,b-005,Monastiraki,Gazi,2026-01-21 02:50:00,2026-01-21 03:37:00,casual
r-01074,b-282,Syntagma,Panepistimio,2026-01-07 03:19:00,2026-01-07 03:59:00,subscriber
r-01075,b-145,Gazi,Syntagma,2026-01-01 08:55:00,2026-01-01 10:09:00,subscriber
r-01076,b-163,Piraeus,Gazi,2026-01-12 00:56:00,2026-01-12 01:54:00,casual
r-01077,b-109,Piraeus,Akropoli,2026-01-19 19:29:00,2026-01-19 20:20:00,subscriber
r-01078,b-197,Panepistimio,Gazi,2026-01-22 22:41:00,2026-01-22 23:01:00,casual
r-01079,b-065,Akropoli,Kifisia,2026-01-20 07:43:00,2026-01-20 08:05:00,subscriber
r-01080,b-250,Syntagma,Omonia,2026-01-01 20:40:00,2026-01-01 20:52:00,casual
r-01081,b-213,Omonia,Piraeus,2026-01-07 12:18:00,2026-01-07 12:31:00,casual
r-01082,b-261,Omonia,Akropoli,2026-01-28 20:11:00,2026-01-28 21:08:00,casual
r-01083,b-116,Piraeus,Omonia,2026-01-26 10:59:00,2026-01-26 11:59:00,subscriber
r-01084,b-256,Syntagma,Gazi,2026-01-20 15:57:00,2026-01-20 17:17:00,subscriber
r-01085,b-296,Piraeus,Akropoli,2026-01-24 04:01:00,2026-01-24 04:38:00,casual
r-01086,b-189,Kifisia,Gazi,2026-01-02 20:32:00,2026-01-02 20:39:00,subscriber
r-01087,b-270,Monastiraki,Omonia,2026-01-27 17:48:00,2026-01-27 18:52:00,casual
r-01088,b-046,Monastiraki,Gazi,2026-01-22 11:50:00,2026-01-22 12:59:00,subscriber
r-01089,b-277,Monastiraki,Piraeus,2026-01-22 20:02:00,2026-01-22 21:25:00,casual
r-01090,b-006,Gazi,Akropoli,2026-01-29 05:36:00,2026-01-29 05:45:00,casual
r-01091,b-170,Kifisia,Akropoli,2026-01-21 23:55:00,2026-01-22 01:03:00,casual
r-01092,b-019,Akropoli,Monastiraki,2026-01-17 09:28:00,2026-01-17 10:08:00,casual
r-01093,b-243,Syntagma,Piraeus,2026-01-26 23:43:00,2026-01-27 00:19:00,subscriber
r-01094,b-014,Akropoli,Kifisia,2026-01-27 09:42:00,2026-01-27 09:51:00,casual
r-01095,b-040,Omonia,Gazi,2026-01-23 09:29:00,2026-01-23 09:42:00,casual
r-01096,b-132,Akropoli,Omonia,2026-01-12 19:18:00,2026-01-12 19:37:00,subscriber
r-01097,b-078,Omonia,Gazi,2026-01-06 09:50:00,2026-01-06 11:10:00,casual
r-01098,b-121,Akropoli,Kifisia,2026-01-18 03:53:00,2026-01-18 04:18:00,casual
r-01099,b-044,Syntagma,Panepistimio,2026-01-09 13:29:00,2026-01-09 14:39:00,subscriber
r-01100,b-212,Kifisia,Piraeus,2026-01-28 10:29:00,2026-01-28 10:51:00,casual
r-01101,b-086,Kifisia,Gazi,2026-01-12 03:54:00,2026-01-12 05:21:00,subscriber
r-01102,b-136,Syntagma,Piraeus,2026-01-27 15:03:00,2026-01-27 15:50:00,subscriber
r-01103,b-244,Kifisia,Panepistimio,2026-01-03 17:22:00,2026-01-03 17:46:00,casual
r-01104,b-200,Panepistimio,Akropoli,2026-01-23 00:12:00,2026-01-23 01:23:00,casual
r-01105,b-148,Piraeus,Syntagma,2026-01-13 06:51:00,2026-01-13 07:12:00,casual
r-01106,b-022,Gazi,Akropoli,2026-01-18 17:15:00,2026-01-18 18:44:00,subscriber
r-01107,b-222,Gazi,Kifisia,2026-01-25 12:18:00,2026-01-25 13:42:00,casual
r-01108,b-051,Akropoli,Kifisia,2026-01-16 13:52:00,2026-01-16 14:29:00,casual
r-01109,b-124,Piraeus,Panepistimio,2026-01-31 02:43:00,2026-01-31 04:00:00,subscriber
r-01110,b-281,Omonia,Panepistimio,2026-01-24 23:55:00,2026-01-25 00:41:00,subscriber
r-01111,b-051,Syntagma,Akropoli,2026-01-01 17:15:00,2026-01-01 17:26:00,subscriber
r-01112,b-146,Panepistimio,Piraeus,2026-01-21 15:05:00,2026-01-21 15:52:00,casual
r-01113,b-048,Syntagma,Gazi,2026-01-10 02:53:00,2026-01-10 03:00:00,subscriber
r-01114,b-063,Panepistimio,Gazi,2026-01-28 08:57:00,2026-01-28 10:24:00,subscriber
r-01115,b-290,Omonia,Akropoli,2026-01-05 06:21:00,2026-01-05 07:41:00,subscriber
r-01116,b-240,Akropoli,Omonia,2026-01-06 09:04:00,2026-01-06 09:30:00,subscriber
r-01117,b-219,Akropoli,Kifisia,2026-01-30 09:43:00,2026-01-30 10:44:00,casual
r-01118,b-032,Monastiraki,Panepistimio,2026-01-13 01:04:00,2026-01-13 01:27:00,casual
r-01119,b-136,Syntagma,Panepistimio,2026-01-19 00:26:00,2026-01-19 01:11:00,subscriber
r-01120,b-202,Kifisia,Monastiraki,2026-01-21 09:13:00,2026-01-21 09:24:00,subscriber
r-01121,b-277,Monastiraki,Omonia,2026-01-30 17:02:00,2026-01-30 18:07:00,casual
r-01122,b-133,Monastiraki,Akropoli,2026-01-11 06:32:00,2026-01-11 07:53:00,subscriber
r-01123,b-129,Monastiraki,Gazi,2026-01-02 22:04:00,2026-01-02 22:16:00,casual
r-01124,b-001,Omonia,Piraeus,2026-01-02 04:29:00,2026-01-02 05:35:00,subscriber
r-01125,b-169,Omonia,Piraeus,2026-01-19 02:30:00,2026-01-19 03:07:00,casual
r-01126,b-224,Kifisia,Panepistimio,2026-01-27 11:39:00,2026-01-27 11:42:00,casual
r-01127,b-197,Panepistimio,Syntagma,2026-01-04 12:34:00,2026-01-04 13:46:00,casual
r-01128,b-156,Gazi,Omonia,2026-01-06 20:23:00,2026-01-06 21:38:00,casual
r-01129,b-274,Monastiraki,Panepistimio,2026-01-03 20:17:00,2026-01-03 21:40:00,casual
r-01130,b-104,Akropoli,Piraeus,2026-01-04 23:52:00,2026-01-05 00:53:00,subscriber
r-01131,b-098,Piraeus,Gazi,2026-01-26 13:38:00,2026-01-26 13:46:00,casual
r-01132,b-044,Gazi,Panepistimio,2026-01-19 02:05:00,2026-01-19 02:21:00,casual
r-01133,b-013,Syntagma,Omonia,2026-01-09 22:56:00,2026-01-09 23:16:00,subscriber
r-01134,b-277,Monastiraki,Kifisia,2026-01-23 14:22:00,2026-01-23 15:14:00,casual
r-01135,b-019,Kifisia,Syntagma,2026-01-24 01:47:00,2026-01-24 02:58:00,casual
r-01136,b-061,Syntagma,Akropoli,2026-01-03 21:13:00,2026-01-03 21:59:00,subscriber
r-01137,b-275,Kifisia,Gazi,2026-01-31 02:10:00,2026-01-31 03:38:00,subscriber
r-01138,b-073,Monastiraki,Syntagma,2026-01-27 16:48:00,2026-01-27 17:20:00,casual
r-01139,b-024,Kifisia,Akropoli,2026-01-31 02:09:00,2026-01-31 02:14:00,subscriber
r-01140,b-026,Syntagma,Omonia,2026-01-30 20:38:00,2026-01-30 20:57:00,casual
r-01141,b-033,Omonia,Kifisia,2026-01-05 18:16:00,2026-01-05 19:17:00,subscriber
r-01142,b-104,Panepistimio,Syntagma,2026-01-06 12:42:00,2026-01-06 13:48:00,casual
r-01143,b-062,Piraeus,Omonia,2026-01-16 16:28:00,2026-01-16 17:57:00,subscriber
r-01144,b-089,Syntagma,Gazi,2026-01-15 23:15:00,2026-01-15 23:45:00,casual
r-01145,b-213,Akropoli,Monastiraki,2026-01-04 05:03:00,2026-01-04 05:21:00,subscriber
r-01146,b-125,Omonia,Akropoli,2026-01-18 04:03:00,2026-01-18 05:16:00,subscriber
r-01147,b-081,Piraeus,Kifisia,2026-01-07 09:40:00,2026-01-07 09:55:00,subscriber
r-01148,b-092,Syntagma,Monastiraki,2026-01-23 11:53:00,2026-01-23 12:06:00,subscriber
r-01149,b-244,Akropoli,Panepistimio,2026-01-30 23:53:00,2026-01-31 01:11:00,subscriber
r-01150,b-231,Akropoli,Gazi,2026-01-10 17:10:00,2026-01-10 17:31:00,casual
r-01151,b-093,Syntagma,Gazi,2026-01-12 05:19:00,2026-01-12 05:44:00,casual
r-01152,b-215,Akropoli,Omonia,2026-01-29 04:31:00,2026-01-29 04:45:00,subscriber
r-01153,b-272,Panepistimio,Syntagma,2026-01-26 17:10:00,2026-01-26 17:43:00,subscriber
r-01154,b-107,Panepistimio,Akropoli,2026-01-29 12:01:00,2026-01-29 12:50:00,casual
r-01155,b-077,Monastiraki,Kifisia,2026-01-03 17:57:00,2026-01-03 18:24:00,casual
r-01156,b-023,Omonia,Piraeus,2026-01-23 23:25:00,2026-01-23 23:50:00,subscriber
r-01157,b-223,Akropoli,Monastiraki,2026-01-30 16:21:00,2026-01-30 17:10:00,casual
r-01158,b-054,Kifisia,Syntagma,2026-01-16 13:08:00,2026-01-16 14:29:00,subscriber
r-01159,b-015,Omonia,Kifisia,2026-01-25 18:56:00,2026-01-25 19:21:00,casual
r-01160,b-228,Monastiraki,Omonia,2026-01-24 18:24:00,2026-01-24 18:41:00,casual
r-01161,b-057,Gazi,Monastiraki,2026-01-20 09:43:00,2026-01-20 10:11:00,casual
r-01162,b-212,Panepistimio,Piraeus,2026-01-11 16:47:00,2026-01-11 17:02:00,subscriber
r-01163,b-300,Monastiraki,Akropoli,2026-01-18 10:10:00,2026-01-18 10:41:00,casual
r-01164,b-233,Omonia,Monastiraki,2026-01-03 19:21:00,2026-01-03 20:19:00,subscriber
r-01165,b-100,Omonia,Akropoli,2026-01-18 23:04:00,2026-01-18 23:54:00,casual
r-01166,b-017,Gazi,Monastiraki,2026-01-13 14:34:00,2026-01-13 15:02:00,subscriber
r-01167,b-239,Monastiraki,Kifisia,2026-01-14 02:29:00,2026-01-14 02:49:00,casual
r-01168,b-152,Gazi,Monastiraki,2026-01-20 08:48:00,2026-01-20 09:12:00,subscriber
r-01169,b-284,Omonia,Gazi,2026-01-30 08:51:00,2026-01-30 10:12:00,subscriber
r-01170,b-111,Kifisia,Piraeus,2026-01-05 06:27:00,2026-01-05 07:22:00,casual
r-01171,b-220,Syntagma,Piraeus,2026-01-22 09:27:00,2026-01-22 10:05:00,subscriber
r-01172,b-114,Piraeus,Akropoli,2026-01-12 14:41:00,2026-01-12 15:25:00,subscriber
r-01173,b-021,Piraeus,Syntagma,2026-01-27 10:38:00,2026-01-27 10:41:00,casual
r-01174,b-202,Piraeus,Akropoli,2026-01-24 06:44:00,2026-01-24 06:51:00,casual
r-01175,b-043,Kifisia,Monastiraki,2026-01-05 19:02:00,2026-01-05 20:02:00,subscriber
r-01176,b-152,Omonia,Panepistimio,2026-01-19 20:08:00,2026-01-19 20:38:00,subscriber
r-01177,b-157,Syntagma,Akropoli,2026-01-30 19:23:00,2026-01-30 19:37:00,subscriber
r-01178,b-238,Syntagma,Akropoli,2026-01-22 05:39:00,2026-01-22 06:55:00,subscriber
r-01179,b-238,Gazi,Piraeus,2026-01-19 18:45:00,2026-01-19 19:11:00,subscriber
r-01180,b-171,Piraeus,Gazi,2026-01-29 21:11:00,2026-01-29 21:23:00,subscriber
r-01181,b-278,Akropoli,Piraeus,2026-01-14 19:57:00,2026-01-14 20:54:00,subscriber
r-01182,b-029,Gazi,Piraeus,2026-01-05 00:25:00,2026-01-05 01:47:00,casual
r-01183,b-239,Piraeus,Omonia,2026-01-03 16:19:00,2026-01-03 16:36:00,subscriber
r-01184,b-287,Omonia,Piraeus,2026-01-17 23:18:00,2026-01-18 00:07:00,subscriber
r-01185,b-123,Omonia,Panepistimio,2026-01-26 20:29:00,2026-01-26 20:58:00,subscriber
r-01186,b-116,Panepistimio,Kifisia,2026-01-30 20:55:00,2026-01-30 21:59:00,casual
r-01187,b-028,Piraeus,Omonia,2026-01-17 09:15:00,2026-01-17 09:52:00,subscriber
r-01188,b-257,Kifisia,Panepistimio,2026-01-18 07:12:00,2026-01-18 07:59:00,subscriber
r-01189,b-189,Akropoli,Panepistimio,2026-01-22 17:32:00,2026-01-22 18:43:00,subscriber
r-01190,b-201,Monastiraki,Syntagma,2026-01-09 21:43:00,2026-01-09 22:44:00,subscriber
r-01191,b-142,Monastiraki,Omonia,2026-01-14 10:58:00,2026-01-14 11:10:00,subscriber
r-01192,b-105,Omonia,Kifisia,2026-01-08 01:36:00,2026-01-08 02:42:00,subscriber
r-01193,b-178,Omonia,Akropoli,2026-01-14 16:13:00,2026-01-14 17:09:00,casual
r-01194,b-097,Syntagma,Panepistimio,2026-01-21 12:48:00,2026-01-21 14:13:00,subscriber
r-01195,b-297,Gazi,Panepistimio,2026-01-02 08:04:00,2026-01-02 08:36:00,casual
r-01196,b-272,Gazi,Panepistimio,2026-01-31 04:15:00,2026-01-31 05:40:00,casual
r-01197,b-157,Omonia,Kifisia,2026-01-22 04:15:00,2026-01-22 04:56:00,subscriber
r-01198,b-148,Kifisia,Omonia,2026-01-13 03:59:00,2026-01-13 04:31:00,subscriber
r-01199,b-086,Akropoli,Panepistimio,2026-01-08 02:01:00,2026-01-08 02:49:00,subscriber
r-01200,b-079,Omonia,Monastiraki,2026-01-25 16:42:00,2026-01-25 17:21:00,subscriber
r-01201,b-295,Syntagma,Panepistimio,2026-01-12 03:51:00,2026-01-12 04:08:00,subscriber
r-01202,b-106,Gazi,Monastiraki,2026-01-21 09:34:00,2026-01-21 10:10:00,subscriber
r-01203,b-230,Omonia,Panepistimio,2026-01-15 18:11:00,2026-01-15 18:58:00,subscriber
r-01204,b-208,Monastiraki,Syntagma,2026-01-25 14:52:00,2026-01-25 15:33:00,casual
r-01205,b-003,Gazi,Monastiraki,2026-01-07 22:47:00,2026-01-07 23:48:00,casual
r-01206,b-294,Kifisia,Omonia,2026-01-30 18:57:00,2026-01-30 19:37:00,subscriber
r-01207,b-058,Gazi,Piraeus,2026-01-27 01:23:00,2026-01-27 02:22:00,casual
r-01208,b-013,Monastiraki,Panepistimio,2026-01-03 03:46:00,2026-01-03 04:06:00,casual
r-01209,b-048,Kifisia,Omonia,2026-01-29 10:29:00,2026-01-29 11:00:00,casual
r-01210,b-270,Panepistimio,Gazi,2026-01-03 20:06:00,2026-01-03 21:26:00,subscriber
r-01211,b-276,Syntagma,Monastiraki,2026-01-13 23:34:00,2026-01-14 00:02:00,casual
r-01212,b-252,Piraeus,Monastiraki,2026-01-05 07:26:00,2026-01-05 08:34:00,casual
r-01213,b-185,Syntagma,Piraeus,2026-01-28 18:49:00,2026-01-28 20:09:00,casual
r-01214,b-191,Gazi,Panepistimio,2026-01-08 01:35:00,2026-01-08 02:32:00,subscriber
r-01215,b-229,Gazi,Omonia,2026-01-14 06:54:00,2026-01-14 07:41:00,subscriber
r-01216,b-227,Piraeus,Kifisia,2026-01-11 03:35:00,2026-01-11 04:34:00,casual
r-01217,b-045,Piraeus,Monastiraki,2026-01-08 18:54:00,2026-01-08 19:51:00,subscriber
r-01218,b-269,Kifisia,Piraeus,2026-01-10 18:57:00,2026-01-10 19:38:00,casual
r-01219,b-004,Piraeus,Syntagma,2026-01-04 08:12:00,2026-01-04 09:30:00,casual
r-01220,b-285,Piraeus,Monastiraki,2026-01-30 09:44:00,2026-01-30 10:21:00,casual
r-01221,b-196,Panepistimio,Monastiraki,2026-01-27 04:18:00,2026-01-27 04:38:00,casual
r-01222,b-155,Syntagma,Kifisia,2026-01-26 12:58:00,2026-01-26 14:03:00,casual
r-01223,b-014,Kifisia,Monastiraki,2026-01-23 19:41:00,2026-01-23 20:55:00,subscriber
r-01224,b-242,Akropoli,Piraeus,2026-01-08 08:14:00,2026-01-08 08:50:00,subscriber
r-01225,b-092,Akropoli,Panepistimio,2026-01-31 02:08:00,2026-01-31 03:36:00,casual
r-01226,b-142,Syntagma,Monastiraki,2026-01-30 16:16:00,2026-01-30 16:50:00,casual
r-01227,b-247,Gazi,Akropoli,2026-01-04 08:52:00,2026-01-04 10:11:00,casual
r-01228,b-062,Kifisia,Gazi,2026-01-13 01:42:00,2026-01-13 03:05:00,casual
r-01229,b-133,Syntagma,Kifisia,2026-01-24 15:48:00,2026-01-24 17:04:00,subscriber
r-01230,b-237,Omonia,Panepistimio,2026-01-27 19:19:00,2026-01-27 19:29:00,subscriber
r-01231,b-185,Syntagma,Panepistimio,2026-01-17 14:21:00,2026-01-17 14:44:00,casual
r-01232,b-150,Syntagma,Panepistimio,2026-01-30 06:57:00,2026-01-30 07:45:00,subscriber
r-01233,b-049,Omonia,Kifisia,2026-01-24 17:16:00,2026-01-24 17:43:00,subscriber
r-01234,b-155,Gazi,Kifisia,2026-01-26 01:52:00,2026-01-26 02:36:00,casual
r-01235,b-074,Gazi,Kifisia,2026-01-17 19:58:00,2026-01-17 20:13:00,subscriber
r-01236,b-249,Akropoli,Omonia,2026-01-07 13:35:00,2026-01-07 14:44:00,casual
r-01237,b-080,Monastiraki,Omonia,2026-01-16 19:42:00,2026-01-16 20:05:00,subscriber
r-01238,b-236,Monastiraki,Akropoli,2026-01-09 21:48:00,2026-01-09 23:02:00,subscriber
r-01239,b-179,Syntagma,Akropoli,2026-01-06 15:19:00,2026-01-06 15:38:00,casual
r-01240,b-268,Kifisia,Akropoli,2026-01-17 20:01:00,2026-01-17 20:21:00,casual
r-01241,b-061,Syntagma,Piraeus,2026-01-09 04:05:00,2026-01-09 04:46:00,subscriber
r-01242,b-065,Panepistimio,Omonia,2026-01-07 04:35:00,2026-01-07 04:56:00,subscriber
r-01243,b-058,Piraeus,Gazi,2026-01-07 06:13:00,2026-01-07 06:26:00,subscriber
r-01244,b-101,Piraeus,Syntagma,2026-01-02 04:32:00,2026-01-02 05:36:00,subscriber
r-01245,b-061,Syntagma,Akropoli,2026-01-02 19:49:00,2026-01-02 21:16:00,casual
r-01246,b-006,Akropoli,Piraeus,2026-01-03 07:16:00,2026-01-03 07:27:00,subscriber
r-01247,b-103,Panepistimio,Gazi,2026-01-06 23:12:00,2026-01-07 00:32:00,subscriber
r-01248,b-143,Monastiraki,Omonia,2026-01-17 07:58:00,2026-01-17 08:04:00,casual
r-01249,b-292,Panepistimio,Gazi,2026-01-17 08:41:00,2026-01-17 09:04:00,subscriber
r-01250,b-112,Syntagma,Gazi,2026-01-05 20:14:00,2026-01-05 21:31:00,subscriber
r-01251,b-051,Syntagma,Piraeus,2026-01-14 03:51:00,2026-01-14 04:15:00,subscriber
r-01252,b-095,Gazi,Piraeus,2026-01-24 06:42:00,2026-01-24 07:45:00,casual
r-01253,b-218,Gazi,Panepistimio,2026-01-06 05:13:00,2026-01-06 05:39:00,subscriber
r-01254,b-161,Piraeus,Syntagma,2026-01-24 17:41:00,2026-01-24 18:13:00,subscriber
r-01255,b-185,Omonia,Akropoli,2026-01-22 12:53:00,2026-01-22 13:10:00,casual
r-01256,b-253,Monastiraki,Panepistimio,2026-01-26 16:32:00,2026-01-26 16:40:00,subscriber
r-01257,b-160,Kifisia,Akropoli,2026-01-18 20:17:00,2026-01-18 20:56:00,casual
r-01258,b-220,Piraeus,Omonia,2026-01-11 14:42:00,2026-01-11 15:55:00,subscriber
r-01259,b-007,Gazi,Monastiraki,2026-01-04 12:01:00,2026-01-04 13:04:00,casual
r-01260,b-044,Kifisia,Akropoli,2026-01-06 02:52:00,2026-01-06 03:45:00,subscriber
r-01261,b-053,Piraeus,Gazi,2026-01-07 20:35:00,2026-01-07 21:28:00,subscriber
r-01262,b-103,Panepistimio,Omonia,2026-01-04 06:40:00,2026-01-04 07:29:00,casual
r-01263,b-256,Piraeus,Gazi,2026-01-06 22:05:00,2026-01-06 22:37:00,casual
r-01264,b-205,Akropoli,Kifisia,2026-01-27 19:36:00,2026-01-27 20:54:00,casual
r-01265,b-262,Piraeus,Panepistimio,2026-01-22 23:43:00,2026-01-23 01:11:00,casual
r-01266,b-129,Monastiraki,Syntagma,2026-01-08 00:58:00,2026-01-08 01:59:00,casual
r-01267,b-051,Omonia,Syntagma,2026-01-23 23:09:00,2026-01-23 23:41:00,subscriber
r-01268,b-196,Syntagma,Omonia,2026-01-04 10:31:00,2026-01-04 11:37:00,casual
r-01269,b-040,Monastiraki,Kifisia,2026-01-08 06:49:00,2026-01-08 07:30:00,casual
r-01270,b-255,Akropoli,Piraeus,2026-01-22 13:01:00,2026-01-22 13:29:00,casual
r-01271,b-277,Gazi,Kifisia,2026-01-24 07:22:00,2026-01-24 07:58:00,subscriber
r-01272,b-231,Monastiraki,Akropoli,2026-01-02 18:30:00,2026-01-02 19:28:00,casual
r-01273,b-017,Kifisia,Syntagma,2026-01-18 11:03:00,2026-01-18 12:02:00,subscriber
r-01274,b-085,Akropoli,Piraeus,2026-01-26 16:01:00,2026-01-26 17:28:00,casual
r-01275,b-200,Akropoli,Piraeus,2026-01-20 22:25:00,2026-01-20 22:45:00,casual
r-01276,b-284,Kifisia,Gazi,2026-01-06 07:28:00,2026-01-06 08:43:00,casual
r-01277,b-029,Omonia,Gazi,2026-01-22 23:49:00,2026-01-23 01:03:00,casual
r-01278,b-181,Piraeus,Akropoli,2026-01-13 07:41:00,2026-01-13 08:47:00,casual
r-01279,b-024,Syntagma,Gazi,2026-01-15 22:03:00,2026-01-15 22:13:00,subscriber
r-01280,b-175,Syntagma,Kifisia,2026-01-18 00:13:00,2026-01-18 01:00:00,casual
r-01281,b-211,Gazi,Omonia,2026-01-05 18:19:00,2026-01-05 19:16:00,casual
r-01282,b-121,Panepistimio,Monastiraki,2026-01-03 21:39:00,2026-01-03 23:06:00,casual
r-01283,b-157,Monastiraki,Kifisia,2026-01-28 07:12:00,2026-01-28 07:25:00,subscriber
r-01284,b-167,Syntagma,Gazi,2026-01-16 16:44:00,2026-01-16 17:08:00,subscriber
r-01285,b-264,Piraeus,Akropoli,2026-01-22 07:26:00,2026-01-22 08:53:00,casual
r-01286,b-012,Kifisia,Akropoli,2026-01-13 11:13:00,2026-01-13 11:18:00,casual
r-01287,b-294,Piraeus,Omonia,2026-01-18 12:35:00,2026-01-18 13:51:00,subscriber
r-01288,b-255,Panepistimio,Omonia,2026-01-23 13:25:00,2026-01-23 13:40:00,casual
r-01289,b-224,Akropoli,Omonia,2026-01-08 22:00:00,2026-01-08 23:21:00,subscriber
r-01290,b-275,Monastiraki,Kifisia,2026-01-23 22:48:00,2026-01-24 00:12:00,subscriber
r-01291,b-294,Syntagma,Panepistimio,2026-01-14 09:52:00,2026-01-14 10:28:00,casual
r-01292,b-297,Monastiraki,Piraeus,2026-01-11 14:43:00,2026-01-11 16:05:00,subscriber
r-01293,b-291,Akropoli,Syntagma,2026-01-28 06:28:00,2026-01-28 07:14:00,casual
r-01294,b-040,Gazi,Kifisia,2026-01-20 18:30:00,2026-01-20 18:59:00,casual
r-01295,b-277,Piraeus,Gazi,2026-01-24 07:12:00,2026-01-24 07:53:00,casual
r-01296,b-264,Piraeus,Omonia,2026-01-10 10:32:00,2026-01-10 11:28:00,casual
r-01297,b-265,Syntagma,Piraeus,2026-01-26 06:05:00,2026-01-26 06:31:00,subscriber
r-01298,b-240,Panepistimio,Piraeus,2026-01-27 14:04:00,2026-01-27 15:10:00,casual
r-01299,b-031,Piraeus,Akropoli,2026-01-30 08:47:00,2026-01-30 09:58:00,subscriber
r-01300,b-078,Omonia,Monastiraki,2026-01-17 21:53:00,2026-01-17 22:55:00,casual
r-01301,b-033,Gazi,Kifisia,2026-01-21 03:33:00,2026-01-21 04:28:00,subscriber
r-01302,b-083,Akropoli,Piraeus,2026-01-20 02:29:00,2026-01-20 03:06:00,casual
r-01303,b-059,Piraeus,Monastiraki,2026-01-28 16:42:00,2026-01-28 17:15:00,subscriber
r-01304,b-159,Panepistimio,Kifisia,2026-01-10 01:37:00,2026-01-10 01:43:00,casual
r-01305,b-019,Piraeus,Panepistimio,2026-01-23 10:10:00,2026-01-23 11:24:00,subscriber
r-01306,b-133,Omonia,Syntagma,2026-01-08 14:03:00,2026-01-08 14:40:00,casual
r-01307,b-022,Omonia,Piraeus,2026-01-31 07:26:00,2026-01-31 08:39:00,casual
r-01308,b-153,Monastiraki,Panepistimio,2026-01-02 05:44:00,2026-01-02 05:54:00,subscriber
r-01309,b-072,Monastiraki,Akropoli,2026-01-19 20:33:00,2026-01-19 21:22:00,subscriber
r-01310,b-298,Monastiraki,Gazi,2026-01-06 10:15:00,2026-01-06 11:31:00,casual
r-01311,b-063,Panepistimio,Gazi,2026-01-23 22:15:00,2026-01-23 22:29:00,casual
r-01312,b-121,Piraeus,Kifisia,2026-01-16 07:40:00,2026-01-16 08:57:00,casual
r-01313,b-110,Monastiraki,Omonia,2026-01-11 06:07:00,2026-01-11 06:28:00,casual
r-01314,b-029,Akropoli,Kifisia,2026-01-21 08:01:00,2026-01-21 08:56:00,casual
r-01315,b-280,Monastiraki,Panepistimio,2026-01-25 14:41:00,2026-01-25 15:31:00,casual
r-01316,b-075,Panepistimio,Omonia,2026-01-22 22:40:00,2026-01-23 00:10:00,casual
r-01317,b-018,Akropoli,Syntagma,2026-01-22 23:04:00,2026-01-22 23:54:00,subscriber
r-01318,b-186,Piraeus,Omonia,2026-01-12 05:47:00,2026-01-12 06:22:00,subscriber
r-01319,b-005,Kifisia,Panepistimio,2026-01-25 16:15:00,2026-01-25 16:48:00,casual
r-01320,b-121,Monastiraki,Kifisia,2026-01-12 23:06:00,2026-01-12 23:47:00,casual
r-01321,b-163,Kifisia,Gazi,2026-01-10 21:47:00,2026-01-10 22:10:00,casual
r-01322,b-252,Monastiraki,Kifisia,2026-01-02 21:00:00,2026-01-02 21:38:00,casual
r-01323,b-052,Piraeus,Kifisia,2026-01-20 03:03:00,2026-01-20 03:48:00,subscriber
r-01324,b-216,Monastiraki,Panepistimio,2026-01-13 05:02:00,2026-01-13 06:09:00,casual
r-01325,b-095,Syntagma,Piraeus,2026-01-21 23:04:00,2026-01-21 23:10:00,casual
r-01326,b-103,Syntagma,Akropoli,2026-01-30 12:15:00,2026-01-30 12:35:00,casual
r-01327,b-081,Monastiraki,Syntagma,2026-01-15 14:40:00,2026-01-15 15:56:00,subscriber
r-01328,b-211,Omonia,Kifisia,2026-01-24 20:00:00,2026-01-24 21:26:00,casual
r-01329,b-089,Omonia,Panepistimio,2026-01-21 21:08:00,2026-01-21 22:12:00,casual
r-01330,b-189,Monastiraki,Akropoli,2026-01-14 03:47:00,2026-01-14 04:15:00,subscriber
r-01331,b-012,Panepistimio,Syntagma,2026-01-19 05:48:00,2026-01-19 06:39:00,subscriber
r-01332,b-087,Panepistimio,Omonia,2026-01-05 09:11:00,2026-01-05 10:13:00,subscriber
r-01333,b-134,Piraeus,Akropoli,2026-01-19 14:02:00,2026-01-19 15:24:00,subscriber
r-01334,b-061,Omonia,Gazi,2026-01-05 09:16:00,2026-01-05 10:06:00,subscriber
r-01335,b-254,Kifisia,Piraeus,2026-01-25 06:21:00,2026-01-25 07:19:00,subscriber
r-01336,b-137,Panepistimio,Kifisia,2026-01-11 13:11:00,2026-01-11 13:40:00,casual
r-01337,b-106,Omonia,Akropoli,2026-01-23 19:45:00,2026-01-23 20:36:00,subscriber
r-01338,b-093,Panepistimio,Akropoli,2026-01-14 05:04:00,2026-01-14 06:33:00,casual
r-01339,b-121,Akropoli,Omonia,2026-01-07 23:24:00,2026-01-07 23:30:00,casual
r-01340,b-006,Kifisia,Syntagma,2026-01-12 15:13:00,2026-01-12 16:03:00,casual
r-01341,b-109,Piraeus,Gazi,2026-01-07 09:29:00,2026-01-07 10:13:00,casual
r-01342,b-049,Akropoli,Syntagma,2026-01-20 14:20:00,2026-01-20 15:39:00,subscriber
r-01343,b-182,Panepistimio,Akropoli,2026-01-03 16:55:00,2026-01-03 17:40:00,subscriber
r-01344,b-203,Piraeus,Omonia,2026-01-01 13:51:00,2026-01-01 14:26:00,casual
r-01345,b-092,Syntagma,Gazi,2026-01-07 08:26:00,2026-01-07 09:40:00,casual
r-01346,b-240,Kifisia,Omonia,2026-01-09 01:32:00,2026-01-09 02:39:00,subscriber
r-01347,b-134,Piraeus,Monastiraki,2026-01-05 09:55:00,2026-01-05 10:38:00,subscriber
r-01348,b-144,Omonia,Akropoli,2026-01-15 14:10:00,2026-01-15 14:18:00,casual
r-01349,b-136,Akropoli,Gazi,2026-01-20 21:46:00,2026-01-20 22:25:00,casual
r-01350,b-252,Gazi,Piraeus,2026-01-21 03:58:00,2026-01-21 04:22:00,subscriber
r-01351,b-097,Kifisia,Syntagma,2026-01-26 14:56:00,2026-01-26 16:23:00,subscriber
r-01352,b-241,Omonia,Syntagma,2026-01-03 19:36:00,2026-01-03 20:08:00,casual
r-01353,b-254,Piraeus,Syntagma,2026-01-08 18:38:00,2026-01-08 19:40:00,subscriber
r-01354,b-253,Kifisia,Panepistimio,2026-01-21 10:15:00,2026-01-21 11:03:00,subscriber
r-01355,b-105,Gazi,Syntagma,2026-01-08 01:42:00,2026-01-08 02:00:00,casual
r-01356,b-300,Akropoli,Gazi,2026-01-09 13:19:00,2026-01-09 13:43:00,subscriber
r-01357,b-040,Omonia,Akropoli,2026-01-27 21:23:00,2026-01-27 21:26:00,subscriber
r-01358,b-014,Monastiraki,Panepistimio,2026-01-24 00:04:00,2026-01-24 01:33:00,casual
r-01359,b-055,Gazi,Akropoli,2026-01-06 21:14:00,2026-01-06 22:07:00,casual
r-01360,b-246,Monastiraki,Akropoli,2026-01-08 07:57:00,2026-01-08 08:03:00,casual
r-01361,b-023,Syntagma,Panepistimio,2026-01-29 22:19:00,2026-01-29 22:56:00,casual
r-01362,b-025,Omonia,Monastiraki,2026-01-16 02:53:00,2026-01-16 04:08:00,casual
r-01363,b-196,Monastiraki,Gazi,2026-01-16 00:59:00,2026-01-16 01:09:00,subscriber
r-01364,b-205,Omonia,Monastiraki,2026-01-19 11:39:00,2026-01-19 12:14:00,subscriber
r-01365,b-207,Omonia,Akropoli,2026-01-02 06:24:00,2026-01-02 06:53:00,casual
r-01366,b-153,Omonia,Syntagma,2026-01-30 18:52:00,2026-01-30 20:18:00,casual
r-01367,b-050,Omonia,Panepistimio,2026-01-21 00:15:00,2026-01-21 00:57:00,casual
r-01368,b-199,Kifisia,Panepistimio,2026-01-24 15:57:00,2026-01-24 16:25:00,casual
r-01369,b-217,Piraeus,Syntagma,2026-01-13 13:15:00,2026-01-13 14:30:00,casual
r-01370,b-219,Piraeus,Gazi,2026-01-29 06:30:00,2026-01-29 06:56:00,subscriber
r-01371,b-115,Gazi,Panepistimio,2026-01-03 04:10:00,2026-01-03 05:18:00,subscriber
r-01372,b-240,Monastiraki,Panepistimio,2026-01-23 21:01:00,2026-01-23 22:11:00,casual
r-01373,b-066,Akropoli,Monastiraki,2026-01-04 22:29:00,2026-01-04 23:33:00,casual
r-01374,b-292,Piraeus,Omonia,2026-01-12 15:35:00,2026-01-12 16:44:00,subscriber
r-01375,b-056,Syntagma,Gazi,2026-01-26 09:49:00,2026-01-26 10:01:00,casual
r-01376,b-292,Kifisia,Gazi,2026-01-20 03:07:00,2026-01-20 03:22:00,casual
r-01377,b-258,Monastiraki,Kifisia,2026-01-17 12:15:00,2026-01-17 12:50:00,subscriber
r-01378,b-094,Kifisia,Monastiraki,2026-01-06 12:26:00,2026-01-06 13:53:00,casual
r-01379,b-153,Piraeus,Gazi,2026-01-03 09:26:00,2026-01-03 09:39:00,casual
r-01380,b-136,Kifisia,Akropoli,2026-01-28 01:23:00,2026-01-28 02:24:00,casual
r-01381,b-133,Omonia,Syntagma,2026-01-09 20:27:00,2026-01-09 20:57:00,subscriber
r-01382,b-203,Syntagma,Monastiraki,2026-01-21 01:49:00,2026-01-21 03:00:00,subscriber
r-01383,b-208,Kifisia,Panepistimio,2026-01-01 22:31:00,2026-01-01 22:55:00,casual
r-01384,b-203,Gazi,Piraeus,2026-01-15 02:44:00,2026-01-15 04:06:00,casual
r-01385,b-098,Omonia,Syntagma,2026-01-05 07:43:00,2026-01-05 08:02:00,subscriber
r-01386,b-247,Syntagma,Omonia,2026-01-02 01:21:00,2026-01-02 01:48:00,subscriber
r-01387,b-276,Piraeus,Kifisia,2026-01-30 21:41:00,2026-01-30 22:14:00,subscriber
r-01388,b-243,Kifisia,Monastiraki,2026-01-05 06:02:00,2026-01-05 06:43:00,casual
r-01389,b-228,Omonia,Monastiraki,2026-01-02 07:49:00,2026-01-02 08:06:00,casual
r-01390,b-125,Kifisia,Akropoli,2026-01-22 18:59:00,2026-01-22 19:04:00,subscriber
r-01391,b-171,Piraeus,Syntagma,2026-01-14 18:02:00,2026-01-14 19:17:00,subscriber
r-01392,b-254,Piraeus,Panepistimio,2026-01-06 00:08:00,2026-01-06 01:31:00,casual
r-01393,b-263,Piraeus,Panepistimio,2026-01-03 00:25:00,2026-01-03 01:30:00,casual
r-01394,b-296,Syntagma,Akropoli,2026-01-11 21:18:00,2026-01-11 21:28:00,casual
r-01395,b-214,Akropoli,Piraeus,2026-01-26 12:18:00,2026-01-26 12:29:00,casual
r-01396,b-224,Gazi,Panepistimio,2026-01-06 15:43:00,2026-01-06 16:49:00,subscriber
r-01397,b-177,Panepistimio,Akropoli,2026-01-08 16:13:00,2026-01-08 16:52:00,casual
r-01398,b-174,Panepistimio,Gazi,2026-01-11 21:31:00,2026-01-11 22:38:00,casual
r-01399,b-185,Piraeus,Panepistimio,2026-01-07 07:15:00,2026-01-07 07:55:00,casual
r-01400,b-045,Panepistimio,Omonia,2026-01-08 16:58:00,2026-01-08 18:20:00,casual
r-01401,b-252,Panepistimio,Monastiraki,2026-01-07 05:00:00,2026-01-07 05:25:00,subscriber
r-01402,b-108,Akropoli,Monastiraki,2026-01-20 06:21:00,2026-01-20 07:27:00,subscriber
r-01403,b-082,Akropoli,Omonia,2026-01-02 03:48:00,2026-01-02 04:36:00,subscriber
r-01404,b-221,Monastiraki,Panepistimio,2026-01-24 05:55:00,2026-01-24 06:02:00,subscriber
r-01405,b-115,Monastiraki,Gazi,2026-01-29 10:32:00,2026-01-29 11:04:00,casual
r-01406,b-024,Gazi,Kifisia,2026-01-13 01:36:00,2026-01-13 02:22:00,casual
r-01407,b-026,Monastiraki,Piraeus,2026-01-08 05:07:00,2026-01-08 06:15:00,casual
r-01408,b-053,Monastiraki,Kifisia,2026-01-22 03:18:00,2026-01-22 03:35:00,subscriber
r-01409,b-061,Omonia,Piraeus,2026-01-24 10:06:00,2026-01-24 10:22:00,subscriber
r-01410,b-227,Akropoli,Piraeus,2026-01-17 19:00:00,2026-01-17 19:23:00,casual
r-01411,b-071,Gazi,Omonia,2026-01-05 20:27:00,2026-01-05 20:49:00,subscriber
r-01412,b-004,Piraeus,Kifisia,2026-01-10 12:31:00,2026-01-10 13:30:00,subscriber
r-01413,b-088,Akropoli,Gazi,2026-01-22 21:22:00,2026-01-22 22:08:00,subscriber
r-01414,b-126,Piraeus,Omonia,2026-01-13 10:33:00,2026-01-13 11:23:00,subscriber
r-01415,b-220,Panepistimio,Monastiraki,2026-01-25 10:31:00,2026-01-25 11:27:00,casual
r-01416,b-227,Gazi,Syntagma,2026-01-19 23:04:00,2026-01-20 00:05:00,subscriber
r-01417,b-174,Monastiraki,Syntagma,2026-01-01 18:51:00,2026-01-01 20:00:00,casual
r-01418,b-202,Piraeus,Syntagma,2026-01-19 14:42:00,2026-01-19 15:06:00,subscriber
r-01419,b-267,Syntagma,Piraeus,2026-01-30 12:39:00,2026-01-30 13:01:00,casual
r-01420,b-161,Akropoli,Piraeus,2026-01-20 09:59:00,2026-01-20 10:53:00,casual
r-01421,b-207,Omonia,Piraeus,2026-01-01 16:37:00,2026-01-01 17:15:00,casual
r-01422,b-177,Kifisia,Gazi,2026-01-30 15:17:00,2026-01-30 15:46:00,casual
r-01423,b-276,Monastiraki,Syntagma,2026-01-10 07:29:00,2026-01-10 08:10:00,casual
r-01424,b-048,Akropoli,Monastiraki,2026-01-19 01:58:00,2026-01-19 02:17:00,casual
r-01425,b-015,Omonia,Syntagma,2026-01-25 01:26:00,2026-01-25 02:12:00,casual
r-01426,b-057,Piraeus,Akropoli,2026-01-12 07:36:00,2026-01-12 08:17:00,subscriber
r-01427,b-025,Gazi,Syntagma,2026-01-18 07:23:00,2026-01-18 07:59:00,subscriber
r-01428,b-174,Syntagma,Akropoli,2026-01-21 18:08:00,2026-01-21 18:49:00,subscriber
r-01429,b-154,Panepistimio,Omonia,2026-01-27 19:15:00,2026-01-27 20:30:00,casual
r-01430,b-194,Omonia,Piraeus,2026-01-27 09:36:00,2026-01-27 11:05:00,subscriber
r-01431,b-185,Panepistimio,Kifisia,2026-01-06 02:56:00,2026-01-06 03:40:00,casual
r-01432,b-211,Piraeus,Kifisia,2026-01-05 19:01:00,2026-01-05 19:22:00,subscriber
r-01433,b-244,Piraeus,Monastiraki,2026-01-05 12:45:00,2026-01-05 12:55:00,subscriber
r-01434,b-270,Gazi,Piraeus,2026-01-21 15:19:00,2026-01-21 15:31:00,casual
r-01435,b-136,Piraeus,Kifisia,2026-01-28 02:30:00,2026-01-28 03:44:00,casual
r-01436,b-251,Kifisia,Gazi,2026-01-30 07:11:00,2026-01-30 08:08:00,casual
r-01437,b-235,Omonia,Akropoli,2026-01-08 17:52:00,2026-01-08 18:13:00,subscriber
r-01438,b-109,Monastiraki,Piraeus,2026-01-24 16:32:00,2026-01-24 17:42:00,casual
r-01439,b-190,Omonia,Gazi,2026-01-22 21:01:00,2026-01-22 21:08:00,subscriber
r-01440,b-190,Monastiraki,Syntagma,2026-01-28 17:06:00,2026-01-28 18:01:00,casual
r-01441,b-191,Omonia,Syntagma,2026-01-03 03:59:00,2026-01-03 05:08:00,casual
r-01442,b-015,Akropoli,Panepistimio,2026-01-18 09:00:00,2026-01-18 09:41:00,subscriber
r-01443,b-157,Piraeus,Syntagma,2026-01-07 19:15:00,2026-01-07 20:33:00,casual
r-01444,b-063,Kifisia,Syntagma,2026-01-11 03:28:00,2026-01-11 03:54:00,casual
r-01445,b-294,Piraeus,Panepistimio,2026-01-04 09:47:00,2026-01-04 09:55:00,casual
r-01446,b-194,Gazi,Kifisia,2026-01-27 01:57:00,2026-01-27 02:57:00,casual
r-01447,b-236,Omonia,Gazi,2026-01-28 21:35:00,2026-01-28 21:54:00,casual
r-01448,b-210,Gazi,Syntagma,2026-01-21 18:30:00,2026-01-21 18:52:00,casual
r-01449,b-024,Gazi,Akropoli,2026-01-11 22:18:00,2026-01-11 23:11:00,casual
r-01450,b-085,Monastiraki,Kifisia,2026-01-13 22:58:00,2026-01-14 00:23:00,subscriber
r-01451,b-064,Akropoli,Gazi,2026-01-27 08:46:00,2026-01-27 10:09:00,subscriber
r-01452,b-268,Syntagma,Gazi,2026-01-10 02:10:00,2026-01-10 03:32:00,subscriber
r-01453,b-273,Syntagma,Monastiraki,2026-01-22 23:44:00,2026-01-23 00:51:00,subscriber
r-01454,b-297,Panepistimio,Monastiraki,2026-01-02 04:43:00,2026-01-02 05:21:00,casual
r-01455,b-024,Gazi,Panepistimio,2026-01-05 04:27:00,2026-01-05 05:38:00,casual
r-01456,b-213,Piraeus,Monastiraki,2026-01-02 09:24:00,2026-01-02 10:10:00,subscriber
r-01457,b-047,Piraeus,Omonia,2026-01-25 08:36:00,2026-01-25 09:19:00,subscriber
r-01458,b-074,Omonia,Panepistimio,2026-01-05 20:29:00,2026-01-05 21:41:00,subscriber
r-01459,b-209,Omonia,Panepistimio,2026-01-12 23:08:00,2026-01-12 23:22:00,subscriber
r-01460,b-014,Gazi,Monastiraki,2026-01-04 00:20:00,2026-01-04 01:41:00,subscriber
r-01461,b-073,Monastiraki,Panepistimio,2026-01-14 21:31:00,2026-01-14 22:23:00,casual
r-01462,b-062,Piraeus,Kifisia,2026-01-16 02:07:00,2026-01-16 02:43:00,subscriber
r-01463,b-261,Panepistimio,Akropoli,2026-01-10 13:14:00,2026-01-10 13:47:00,casual
r-01464,b-238,Syntagma,Panepistimio,2026-01-06 13:41:00,2026-01-06 14:18:00,casual
r-01465,b-120,Syntagma,Akropoli,2026-01-04 07:29:00,2026-01-04 08:33:00,subscriber
r-01466,b-285,Monastiraki,Omonia,2026-01-13 13:59:00,2026-01-13 15:12:00,subscriber
r-01467,b-043,Piraeus,Panepistimio,2026-01-15 04:43:00,2026-01-15 05:58:00,subscriber
r-01468,b-126,Omonia,Kifisia,2026-01-07 19:30:00,2026-01-07 20:20:00,casual
r-01469,b-238,Syntagma,Monastiraki,2026-01-26 14:22:00,2026-01-26 15:22:00,casual
r-01470,b-247,Syntagma,Monastiraki,2026-01-31 01:18:00,2026-01-31 01:42:00,casual
r-01471,b-109,Piraeus,Omonia,2026-01-28 13:01:00,2026-01-28 13:36:00,casual
r-01472,b-046,Monastiraki,Panepistimio,2026-01-03 09:40:00,2026-01-03 10:03:00,casual
r-01473,b-108,Akropoli,Panepistimio,2026-01-06 22:19:00,2026-01-06 22:39:00,casual
r-01474,b-232,Akropoli,Kifisia,2026-01-16 22:14:00,2026-01-16 23:38:00,casual
r-01475,b-108,Gazi,Omonia,2026-01-12 12:37:00,2026-01-12 14:04:00,casual
r-01476,b-069,Syntagma,Piraeus,2026-01-28 14:49:00,2026-01-28 15:34:00,subscriber
r-01477,b-089,Syntagma,Monastiraki,2026-01-29 00:57:00,2026-01-29 02:00:00,casual
r-01478,b-042,Piraeus,Akropoli,2026-01-26 15:04:00,2026-01-26 16:09:00,subscriber
r-01479,b-064,Kifisia,Gazi,2026-01-25 20:20:00,2026-01-25 20:26:00,casual
r-01480,b-091,Gazi,Panepistimio,2026-01-18 11:06:00,2026-01-18 12:25:00,subscriber
r-01481,b-228,Gazi,Monastiraki,2026-01-07 00:16:00,2026-01-07 01:18:00,subscriber
r-01482,b-184,Akropoli,Piraeus,2026-01-11 09:57:00,2026-01-11 10:02:00,subscriber
r-01483,b-114,Akropoli,Kifisia,2026-01-05 10:16:00,2026-01-05 11:37:00,subscriber
r-01484,b-253,Syntagma,Panepistimio,2026-01-23 19:22:00,2026-01-23 20:11:00,subscriber
r-01485,b-143,Piraeus,Syntagma,2026-01-01 15:47:00,2026-01-01 16:15:00,casual
r-01486,b-290,Panepistimio,Piraeus,2026-01-09 02:12:00,2026-01-09 03:25:00,subscriber
r-01487,b-034,Omonia,Piraeus,2026-01-04 07:23:00,2026-01-04 08:41:00,subscriber
r-01488,b-141,Panepistimio,Gazi,2026-01-13 03:34:00,2026-01-13 04:49:00,subscriber
r-01489,b-287,Akropoli,Piraeus,2026-01-02 09:15:00,2026-01-02 10:44:00,casual
r-01490,b-166,Syntagma,Kifisia,2026-01-01 10:08:00,2026-01-01 11:05:00,casual
r-01491,b-266,Monastiraki,Piraeus,2026-01-19 20:25:00,2026-01-19 21:03:00,casual
r-01492,b-115,Syntagma,Piraeus,2026-01-23 21:17:00,2026-01-23 22:06:00,subscriber
r-01493,b-003,Kifisia,Omonia,2026-01-13 23:34:00,2026-01-14 00:30:00,casual
r-01494,b-013,Monastiraki,Gazi,2026-01-10 04:33:00,2026-01-10 05:18:00,subscriber
r-01495,b-085,Panepistimio,Monastiraki,2026-01-20 14:55:00,2026-01-20 15:07:00,casual
r-01496,b-246,Monastiraki,Syntagma,2026-01-15 11:28:00,2026-01-15 11:39:00,casual
r-01497,b-129,Gazi,Kifisia,2026-01-02 10:14:00,2026-01-02 11:32:00,subscriber
r-01498,b-028,Panepistimio,Omonia,2026-01-06 05:47:00,2026-01-06 06:50:00,casual
r-01499,b-225,Monastiraki,Kifisia,2026-01-24 23:37:00,2026-01-25 00:10:00,subscriber
r-01500,b-032,Monastiraki,Syntagma,2026-01-29 19:02:00,2026-01-29 20:02:00,subscriber
r-01501,b-066,Monastiraki,Kifisia,2026-01-18 12:12:00,2026-01-18 12:55:00,subscriber
r-01502,b-222,Akropoli,Gazi,2026-01-21 10:41:00,2026-01-21 10:51:00,subscriber
r-01503,b-027,Syntagma,Gazi,2026-01-05 23:13:00,2026-01-06 00:42:00,casual
r-01504,b-211,Monastiraki,Gazi,2026-01-18 16:39:00,2026-01-18 17:33:00,subscriber
r-01505,b-197,Syntagma,Akropoli,2026-01-28 14:53:00,2026-01-28 16:20:00,casual
r-01506,b-014,Monastiraki,Panepistimio,2026-01-20 19:36:00,2026-01-20 20:58:00,casual
r-01507,b-053,Panepistimio,Syntagma,2026-01-24 20:56:00,2026-01-24 21:41:00,subscriber
r-01508,b-065,Panepistimio,Gazi,2026-01-28 10:05:00,2026-01-28 10:16:00,casual
r-01509,b-228,Kifisia,Gazi,2026-01-17 12:10:00,2026-01-17 13:06:00,subscriber
r-01510,b-066,Syntagma,Monastiraki,2026-01-12 09:35:00,2026-01-12 09:55:00,casual
r-01511,b-299,Gazi,Omonia,2026-01-27 22:27:00,2026-01-27 23:25:00,subscriber
r-01512,b-176,Akropoli,Gazi,2026-01-08 01:00:00,2026-01-08 02:03:00,casual
r-01513,b-122,Omonia,Syntagma,2026-01-18 02:51:00,2026-01-18 02:55:00,subscriber
r-01514,b-104,Panepistimio,Monastiraki,2026-01-20 13:00:00,2026-01-20 13:47:00,subscriber
r-01515,b-240,Kifisia,Gazi,2026-01-16 21:03:00,2026-01-16 21:30:00,casual
r-01516,b-154,Gazi,Akropoli,2026-01-27 15:46:00,2026-01-27 17:01:00,casual
r-01517,b-022,Monastiraki,Akropoli,2026-01-16 06:56:00,2026-01-16 07:19:00,casual
r-01518,b-118,Panepistimio,Piraeus,2026-01-11 07:38:00,2026-01-11 07:41:00,casual
r-01519,b-170,Panepistimio,Akropoli,2026-01-29 17:29:00,2026-01-29 17:59:00,casual
r-01520,b-004,Omonia,Kifisia,2026-01-10 16:15:00,2026-01-10 17:09:00,casual
r-01521,b-285,Gazi,Syntagma,2026-01-01 18:48:00,2026-01-01 19:00:00,subscriber
r-01522,b-300,Kifisia,Monastiraki,2026-01-07 19:32:00,2026-01-07 20:12:00,casual
r-01523,b-146,Panepistimio,Monastiraki,2026-01-03 07:57:00,2026-01-03 08:03:00,subscriber
r-01524,b-284,Omonia,Panepistimio,2026-01-11 07:08:00,2026-01-11 07:44:00,subscriber
r-01525,b-135,Syntagma,Omonia,2026-01-09 11:00:00,2026-01-09 11:28:00,subscriber
r-01526,b-057,Omonia,Akropoli,2026-01-02 06:55:00,2026-01-02 08:24:00,casual
r-01527,b-190,Kifisia,Monastiraki,2026-01-10 21:38:00,2026-01-10 22:20:00,casual
r-01528,b-034,Piraeus,Gazi,2026-01-09 03:10:00,2026-01-09 04:20:00,subscriber
r-01529,b-273,Panepistimio,Monastiraki,2026-01-07 21:45:00,2026-01-07 22:04:00,casual
r-01530,b-126,Piraeus,Gazi,2026-01-18 08:47:00,2026-01-18 09:30:00,subscriber
r-01531,b-275,Panepistimio,Kifisia,2026-01-29 08:52:00,2026-01-29 10:10:00,casual
r-01532,b-144,Panepistimio,Syntagma,2026-01-08 02:16:00,2026-01-08 03:00:00,subscriber
r-01533,b-042,Kifisia,Monastiraki,2026-01-24 11:09:00,2026-01-24 12:26:00,casual
r-01534,b-199,Omonia,Gazi,2026-01-29 07:37:00,2026-01-29 07:48:00,casual
r-01535,b-165,Kifisia,Monastiraki,2026-01-24 00:35:00,2026-01-24 01:44:00,casual
r-01536,b-138,Kifisia,Panepistimio,2026-01-25 05:57:00,2026-01-25 07:01:00,casual
r-01537,b-113,Syntagma,Omonia,2026-01-30 08:58:00,2026-01-30 10:15:00,subscriber
r-01538,b-157,Piraeus,Monastiraki,2026-01-21 21:47:00,2026-01-21 22:20:00,casual
r-01539,b-192,Omonia,Kifisia,2026-01-18 11:52:00,2026-01-18 13:08:00,casual
r-01540,b-044,Omonia,Kifisia,2026-01-26 09:20:00,2026-01-26 09:33:00,casual
r-01541,b-299,Gazi,Monastiraki,2026-01-21 13:31:00,2026-01-21 14:40:00,subscriber
r-01542,b-231,Gazi,Panepistimio,2026-01-22 12:10:00,2026-01-22 13:18:00,casual
r-01543,b-255,Gazi,Kifisia,2026-01-21 00:24:00,2026-01-21 01:19:00,casual
r-01544,b-227,Syntagma,Omonia,2026-01-13 18:12:00,2026-01-13 19:03:00,subscriber
r-01545,b-043,Monastiraki,Panepistimio,2026-01-13 10:07:00,2026-01-13 11:32:00,casual
r-01546,b-142,Monastiraki,Kifisia,2026-01-24 04:03:00,2026-01-24 05:11:00,subscriber
r-01547,b-020,Monastiraki,Panepistimio,2026-01-05 19:29:00,2026-01-05 19:47:00,subscriber
r-01548,b-155,Gazi,Omonia,2026-01-16 12:33:00,2026-01-16 13:01:00,casual
r-01549,b-279,Omonia,Kifisia,2026-01-10 00:13:00,2026-01-10 01:33:00,casual
r-01550,b-178,Akropoli,Kifisia,2026-01-01 17:19:00,2026-01-01 18:00:00,casual
r-01551,b-263,Syntagma,Akropoli,2026-01-19 19:11:00,2026-01-19 20:28:00,subscriber
r-01552,b-108,Panepistimio,Piraeus,2026-01-19 10:10:00,2026-01-19 10:42:00,casual
r-01553,b-237,Kifisia,Gazi,2026-01-11 23:17:00,2026-01-12 00:26:00,casual
r-01554,b-214,Panepistimio,Akropoli,2026-01-05 05:47:00,2026-01-05 06:30:00,subscriber
r-01555,b-072,Syntagma,Panepistimio,2026-01-21 07:09:00,2026-01-21 08:09:00,subscriber
r-01556,b-182,Kifisia,Piraeus,2026-01-15 05:45:00,2026-01-15 05:49:00,casual
r-01557,b-207,Piraeus,Gazi,2026-01-11 14:17:00,2026-01-11 15:13:00,casual
r-01558,b-017,Syntagma,Gazi,2026-01-16 04:09:00,2026-01-16 05:27:00,subscriber
r-01559,b-105,Piraeus,Panepistimio,2026-01-08 07:52:00,2026-01-08 08:37:00,casual
r-01560,b-244,Piraeus,Monastiraki,2026-01-04 05:35:00,2026-01-04 06:46:00,subscriber
r-01561,b-156,Kifisia,Gazi,2026-01-16 07:10:00,2026-01-16 08:25:00,subscriber
r-01562,b-251,Omonia,Syntagma,2026-01-09 03:14:00,2026-01-09 03:30:00,subscriber
r-01563,b-146,Monastiraki,Akropoli,2026-01-09 19:55:00,2026-01-09 20:23:00,subscriber
r-01564,b-030,Monastiraki,Akropoli,2026-01-11 22:32:00,2026-01-11 23:12:00,casual
r-01565,b-211,Omonia,Panepistimio,2026-01-24 22:22:00,2026-01-24 22:26:00,casual
r-01566,b-215,Omonia,Gazi,2026-01-08 11:31:00,2026-01-08 11:48:00,casual
r-01567,b-106,Panepistimio,Monastiraki,2026-01-04 11:06:00,2026-01-04 11:58:00,casual
r-01568,b-295,Kifisia,Monastiraki,2026-01-21 00:04:00,2026-01-21 01:32:00,casual
r-01569,b-104,Kifisia,Omonia,2026-01-28 01:41:00,2026-01-28 02:09:00,subscriber
r-01570,b-205,Monastiraki,Kifisia,2026-01-07 19:51:00,2026-01-07 20:51:00,subscriber
r-01571,b-237,Kifisia,Panepistimio,2026-01-25 06:22:00,2026-01-25 07:07:00,subscriber
r-01572,b-153,Kifisia,Omonia,2026-01-05 11:30:00,2026-01-05 12:09:00,casual
r-01573,b-092,Piraeus,Monastiraki,2026-01-29 05:35:00,2026-01-29 06:00:00,casual
r-01574,b-292,Omonia,Piraeus,2026-01-22 04:04:00,2026-01-22 04:56:00,subscriber
r-01575,b-081,Panepistimio,Kifisia,2026-01-19 05:51:00,2026-01-19 05:59:00,casual
r-01576,b-035,Akropoli,Piraeus,2026-01-29 22:02:00,2026-01-29 23:13:00,subscriber
r-01577,b-040,Monastiraki,Panepistimio,2026-01-23 19:01:00,2026-01-23 19:56:00,subscriber
r-01578,b-085,Piraeus,Panepistimio,2026-01-24 06:56:00,2026-01-24 07:40:00,casual
r-01579,b-014,Syntagma,Akropoli,2026-01-10 18:30:00,2026-01-10 19:37:00,subscriber
r-01580,b-176,Kifisia,Panepistimio,2026-01-30 09:48:00,2026-01-30 11:17:00,casual
r-01581,b-129,Syntagma,Monastiraki,2026-01-10 04:20:00,2026-01-10 05:13:00,subscriber
r-01582,b-237,Kifisia,Panepistimio,2026-01-07 13:04:00,2026-01-07 13:48:00,subscriber
r-01583,b-225,Panepistimio,Piraeus,2026-01-05 02:09:00,2026-01-05 03:22:00,subscriber
r-01584,b-010,Omonia,Monastiraki,2026-01-22 18:13:00,2026-01-22 18:51:00,subscriber
r-01585,b-201,Monastiraki,Gazi,2026-01-09 09:35:00,2026-01-09 10:15:00,subscriber
r-01586,b-140,Syntagma,Piraeus,2026-01-04 20:44:00,2026-01-04 22:12:00,subscriber
r-01587,b-018,Omonia,Monastiraki,2026-01-21 09:18:00,2026-01-21 10:06:00,subscriber
r-01588,b-158,Monastiraki,Akropoli,2026-01-21 10:50:00,2026-01-21 10:59:00,casual
r-01589,b-194,Syntagma,Monastiraki,2026-01-03 17:15:00,2026-01-03 18:34:00,subscriber
r-01590,b-047,Panepistimio,Monastiraki,2026-01-12 16:44:00,2026-01-12 17:34:00,subscriber
r-01591,b-099,Syntagma,Panepistimio,2026-01-20 12:35:00,2026-01-20 12:41:00,subscriber
r-01592,b-086,Omonia,Piraeus,2026-01-11 08:55:00,2026-01-11 09:10:00,subscriber
r-01593,b-168,Monastiraki,Kifisia,2026-01-20 06:02:00,2026-01-20 07:10:00,casual
r-01594,b-107,Panepistimio,Gazi,2026-01-26 21:54:00,2026-01-26 23:17:00,casual
r-01595,b-055,Panepistimio,Monastiraki,2026-01-20 19:21:00,2026-01-20 19:39:00,casual
r-01596,b-162,Syntagma,Akropoli,2026-01-16 01:12:00,2026-01-16 01:37:00,subscriber
r-01597,b-034,Kifisia,Monastiraki,2026-01-19 01:05:00,2026-01-19 01:35:00,casual
r-01598,b-035,Gazi,Syntagma,2026-01-30 21:54:00,2026-01-30 23:16:00,subscriber
r-01599,b-275,Kifisia,Syntagma,2026-01-20 01:01:00,2026-01-20 01:42:00,subscriber
r-01600,b-199,Gazi,Piraeus,2026-01-12 19:11:00,2026-01-12 19:26:00,subscriber
r-01601,b-247,Gazi,Kifisia,2026-01-16 10:41:00,2026-01-16 11:06:00,subscriber
r-01602,b-262,Kifisia,Panepistimio,2026-01-16 14:01:00,2026-01-16 14:06:00,subscriber
r-01603,b-011,Syntagma,Omonia,2026-01-24 05:52:00,2026-01-24 07:10:00,subscriber
r-01604,b-125,Piraeus,Kifisia,2026-01-15 09:20:00,2026-01-15 09:53:00,subscriber
r-01605,b-152,Gazi,Panepistimio,2026-01-04 01:27:00,2026-01-04 01:47:00,subscriber
r-01606,b-020,Panepistimio,Piraeus,2026-01-08 05:39:00,2026-01-08 06:30:00,subscriber
r-01607,b-143,Gazi,Monastiraki,2026-01-28 13:15:00,2026-01-28 14:14:00,casual
r-01608,b-148,Piraeus,Gazi,2026-01-30 14:59:00,2026-01-30 15:07:00,subscriber
r-01609,b-106,Gazi,Monastiraki,2026-01-11 18:08:00,2026-01-11 18:53:00,subscriber
r-01610,b-196,Panepistimio,Gazi,2026-01-12 15:15:00,2026-01-12 16:45:00,casual
r-01611,b-252,Syntagma,Monastiraki,2026-01-09 16:28:00,2026-01-09 17:27:00,subscriber
r-01612,b-065,Omonia,Monastiraki,2026-01-10 02:13:00,2026-01-10 02:22:00,subscriber
r-01613,b-260,Panepistimio,Monastiraki,2026-01-09 05:42:00,2026-01-09 07:00:00,subscriber
r-01614,b-102,Akropoli,Monastiraki,2026-01-20 17:34:00,2026-01-20 18:36:00,subscriber
r-01615,b-147,Panepistimio,Omonia,2026-01-20 15:08:00,2026-01-20 15:33:00,casual
r-01616,b-247,Akropoli,Kifisia,2026-01-30 06:14:00,2026-01-30 06:42:00,subscriber
r-01617,b-242,Piraeus,Monastiraki,2026-01-17 16:45:00,2026-01-17 17:38:00,casual
r-01618,b-080,Piraeus,Kifisia,2026-01-20 13:41:00,2026-01-20 14:48:00,casual
r-01619,b-043,Piraeus,Kifisia,2026-01-02 05:38:00,2026-01-02 06:29:00,casual
r-01620,b-090,Omonia,Gazi,2026-01-28 10:05:00,2026-01-28 11:16:00,casual
r-01621,b-146,Akropoli,Panepistimio,2026-01-18 15:33:00,2026-01-18 16:35:00,casual
r-01622,b-171,Kifisia,Syntagma,2026-01-26 22:00:00,2026-01-26 23:20:00,subscriber
r-01623,b-003,Omonia,Monastiraki,2026-01-22 16:33:00,2026-01-22 17:01:00,subscriber
r-01624,b-213,Kifisia,Panepistimio,2026-01-24 02:53:00,2026-01-24 03:43:00,casual
r-01625,b-037,Kifisia,Omonia,2026-01-18 07:34:00,2026-01-18 08:26:00,casual
r-01626,b-084,Piraeus,Akropoli,2026-01-03 02:24:00,2026-01-03 02:42:00,subscriber
r-01627,b-251,Gazi,Akropoli,2026-01-21 04:33:00,2026-01-21 05:08:00,casual
r-01628,b-127,Piraeus,Panepistimio,2026-01-03 23:01:00,2026-01-04 00:27:00,subscriber
r-01629,b-015,Gazi,Piraeus,2026-01-23 01:48:00,2026-01-23 01:55:00,subscriber
r-01630,b-076,Kifisia,Gazi,2026-01-13 05:26:00,2026-01-13 06:46:00,casual
r-01631,b-060,Omonia,Syntagma,2026-01-12 14:14:00,2026-01-12 15:34:00,subscriber
r-01632,b-042,Piraeus,Gazi,2026-01-30 15:51:00,2026-01-30 16:43:00,subscriber
r-01633,b-155,Piraeus,Omonia,2026-01-20 13:58:00,2026-01-20 14:22:00,casual
r-01634,b-046,Piraeus,Kifisia,2026-01-28 00:09:00,2026-01-28 00:51:00,subscriber
r-01635,b-074,Gazi,Kifisia,2026-01-30 06:52:00,2026-01-30 08:08:00,casual
r-01636,b-087,Akropoli,Syntagma,2026-01-10 20:51:00,2026-01-10 21:44:00,casual
r-01637,b-214,Monastiraki,Kifisia,2026-01-01 09:43:00,2026-01-01 09:58:00,casual
r-01638,b-091,Piraeus,Monastiraki,2026-01-31 02:54:00,2026-01-31 03:33:00,casual
r-01639,b-094,Panepistimio,Akropoli,2026-01-09 19:35:00,2026-01-09 19:55:00,subscriber
r-01640,b-103,Panepistimio,Monastiraki,2026-01-21 20:14:00,2026-01-21 21:29:00,subscriber
r-01641,b-210,Akropoli,Kifisia,2026-01-09 15:35:00,2026-01-09 16:02:00,casual
r-01642,b-086,Monastiraki,Kifisia,2026-01-29 20:40:00,2026-01-29 22:02:00,subscriber
r-01643,b-142,Piraeus,Syntagma,2026-01-14 16:10:00,2026-01-14 16:23:00,subscriber
r-01644,b-249,Panepistimio,Akropoli,2026-01-16 21:43:00,2026-01-16 21:49:00,subscriber
r-01645,b-004,Akropoli,Kifisia,2026-01-01 18:23:00,2026-01-01 18:33:00,subscriber
r-01646,b-267,Syntagma,Akropoli,2026-01-05 17:46:00,2026-01-05 18:16:00,casual
r-01647,b-220,Gazi,Akropoli,2026-01-23 10:45:00,2026-01-23 11:48:00,casual
r-01648,b-123,Gazi,Omonia,2026-01-18 04:59:00,2026-01-18 06:29:00,casual
r-01649,b-170,Syntagma,Panepistimio,2026-01-19 11:14:00,2026-01-19 12:05:00,subscriber
r-01650,b-072,Piraeus,Gazi,2026-01-01 11:22:00,2026-01-01 12:23:00,subscriber
r-01651,b-128,Akropoli,Piraeus,2026-01-28 17:26:00,2026-01-28 17:44:00,casual
r-01652,b-212,Kifisia,Akropoli,2026-01-21 21:36:00,2026-01-21 22:58:00,subscriber
r-01653,b-185,Gazi,Syntagma,2026-01-01 11:25:00,2026-01-01 12:49:00,subscriber
r-01654,b-249,Kifisia,Monastiraki,2026-01-16 03:33:00,2026-01-16 05:02:00,casual
r-01655,b-244,Gazi,Panepistimio,2026-01-29 05:06:00,2026-01-29 05:19:00,subscriber
r-01656,b-074,Panepistimio,Piraeus,2026-01-18 20:22:00,2026-01-18 21:02:00,subscriber
r-01657,b-281,Monastiraki,Panepistimio,2026-01-07 03:39:00,2026-01-07 04:45:00,casual
r-01658,b-277,Monastiraki,Akropoli,2026-01-08 23:33:00,2026-01-09 00:33:00,subscriber
r-01659,b-046,Omonia,Kifisia,2026-01-12 09:48:00,2026-01-12 10:18:00,subscriber
r-01660,b-197,Omonia,Panepistimio,2026-01-21 03:01:00,2026-01-21 03:07:00,casual
r-01661,b-064,Kifisia,Gazi,2026-01-11 08:42:00,2026-01-11 09:17:00,subscriber
r-01662,b-171,Kifisia,Syntagma,2026-01-25 15:51:00,2026-01-25 17:15:00,subscriber
r-01663,b-176,Monastiraki,Piraeus,2026-01-27 13:06:00,2026-01-27 14:25:00,casual
r-01664,b-120,Piraeus,Kifisia,2026-01-18 16:51:00,2026-01-18 18:17:00,subscriber
r-01665,b-058,Akropoli,Syntagma,2026-01-13 02:59:00,2026-01-13 03:16:00,subscriber
r-01666,b-060,Panepistimio,Piraeus,2026-01-16 19:37:00,2026-01-16 20:55:00,casual
r-01667,b-001,Piraeus,Akropoli,2026-01-07 03:10:00,2026-01-07 03:53:00,casual
r-01668,b-199,Panepistimio,Kifisia,2026-01-04 03:35:00,2026-01-04 04:53:00,casual
r-01669,b-114,Omonia,Gazi,2026-01-15 21:08:00,2026-01-15 21:57:00,subscriber
r-01670,b-075,Kifisia,Omonia,2026-01-19 07:47:00,2026-01-19 07:51:00,casual
r-01671,b-146,Kifisia,Monastiraki,2026-01-11 07:06:00,2026-01-11 08:12:00,subscriber
r-01672,b-258,Gazi,Omonia,2026-01-02 21:30:00,2026-01-02 22:49:00,subscriber
r-01673,b-111,Kifisia,Gazi,2026-01-13 18:40:00,2026-01-13 19:56:00,casual
r-01674,b-171,Syntagma,Kifisia,2026-01-14 14:23:00,2026-01-14 15:14:00,subscriber
r-01675,b-092,Syntagma,Kifisia,2026-01-10 22:02:00,2026-01-10 22:33:00,casual
r-01676,b-281,Omonia,Syntagma,2026-01-19 03:57:00,2026-01-19 04:38:00,casual
r-01677,b-201,Kifisia,Omonia,2026-01-16 16:32:00,2026-01-16 17:29:00,casual
r-01678,b-100,Akropoli,Omonia,2026-01-04 14:27:00,2026-01-04 15:37:00,casual
r-01679,b-298,Gazi,Kifisia,2026-01-05 18:17:00,2026-01-05 18:36:00,subscriber
r-01680,b-071,Omonia,Gazi,2026-01-15 04:07:00,2026-01-15 05:08:00,casual
r-01681,b-112,Omonia,Monastiraki,2026-01-23 06:57:00,2026-01-23 07:37:00,subscriber
r-01682,b-295,Gazi,Piraeus,2026-01-30 23:19:00,2026-01-30 23:23:00,subscriber
r-01683,b-087,Piraeus,Gazi,2026-01-08 01:13:00,2026-01-08 02:04:00,subscriber
r-01684,b-027,Kifisia,Monastiraki,2026-01-05 16:54:00,2026-01-05 17:42:00,subscriber
r-01685,b-223,Gazi,Akropoli,2026-01-24 18:59:00,2026-01-24 20:25:00,subscriber
r-01686,b-061,Panepistimio,Syntagma,2026-01-29 20:49:00,2026-01-29 21:43:00,subscriber
r-01687,b-089,Akropoli,Piraeus,2026-01-19 09:14:00,2026-01-19 10:19:00,casual
r-01688,b-196,Kifisia,Piraeus,2026-01-31 07:16:00,2026-01-31 07:30:00,casual
r-01689,b-006,Kifisia,Omonia,2026-01-30 02:40:00,2026-01-30 04:06:00,subscriber
r-01690,b-261,Monastiraki,Akropoli,2026-01-06 15:23:00,2026-01-06 15:36:00,subscriber
r-01691,b-049,Kifisia,Omonia,2026-01-02 09:09:00,2026-01-02 10:27:00,subscriber
r-01692,b-293,Piraeus,Omonia,2026-01-18 19:23:00,2026-01-18 20:27:00,subscriber
r-01693,b-276,Monastiraki,Piraeus,2026-01-05 20:36:00,2026-01-05 21:20:00,subscriber
r-01694,b-275,Piraeus,Akropoli,2026-01-19 18:43:00,2026-01-19 18:48:00,casual
r-01695,b-107,Monastiraki,Kifisia,2026-01-04 05:49:00,2026-01-04 06:58:00,subscriber
r-01696,b-285,Omonia,Syntagma,2026-01-09 13:20:00,2026-01-09 14:39:00,casual
r-01697,b-295,Syntagma,Omonia,2026-01-15 15:17:00,2026-01-15 15:35:00,subscriber
r-01698,b-132,Monastiraki,Gazi,2026-01-31 00:51:00,2026-01-31 01:14:00,subscriber
r-01699,b-279,Akropoli,Omonia,2026-01-05 04:25:00,2026-01-05 04:43:00,subscriber
r-01700,b-154,Syntagma,Omonia,2026-01-20 14:05:00,2026-01-20 15:32:00,subscriber
r-01701,b-296,Kifisia,Monastiraki,2026-01-24 23:22:00,2026-01-25 00:02:00,casual
r-01702,b-276,Gazi,Akropoli,2026-01-15 13:48:00,2026-01-15 14:57:00,subscriber
r-01703,b-019,Syntagma,Omonia,2026-01-05 20:08:00,2026-01-05 21:35:00,subscriber
r-01704,b-283,Panepistimio,Monastiraki,2026-01-07 18:44:00,2026-01-07 19:25:00,subscriber
r-01705,b-217,Akropoli,Monastiraki,2026-01-28 06:23:00,2026-01-28 07:11:00,subscriber
r-01706,b-084,Akropoli,Panepistimio,2026-01-26 08:34:00,2026-01-26 09:09:00,casual
r-01707,b-218,Akropoli,Piraeus,2026-01-22 02:08:00,2026-01-22 02:21:00,subscriber
r-01708,b-138,Monastiraki,Piraeus,2026-01-25 17:21:00,2026-01-25 17:50:00,subscriber
r-01709,b-079,Omonia,Akropoli,2026-01-18 06:28:00,2026-01-18 07:43:00,casual
r-01710,b-127,Syntagma,Gazi,2026-01-21 01:38:00,2026-01-21 02:29:00,subscriber
r-01711,b-281,Monastiraki,Piraeus,2026-01-13 15:02:00,2026-01-13 15:20:00,casual
r-01712,b-171,Monastiraki,Panepistimio,2026-01-04 08:02:00,2026-01-04 08:47:00,casual
r-01713,b-051,Akropoli,Syntagma,2026-01-07 23:49:00,2026-01-08 00:20:00,casual
r-01714,b-064,Monastiraki,Kifisia,2026-01-11 10:43:00,2026-01-11 11:34:00,subscriber
r-01715,b-271,Kifisia,Syntagma,2026-01-25 07:03:00,2026-01-25 07:45:00,casual
r-01716,b-051,Akropoli,Gazi,2026-01-27 08:56:00,2026-01-27 09:35:00,subscriber
r-01717,b-177,Piraeus,Monastiraki,2026-01-09 02:30:00,2026-01-09 03:13:00,casual
r-01718,b-005,Omonia,Panepistimio,2026-01-23 00:51:00,2026-01-23 02:09:00,subscriber
r-01719,b-291,Omonia,Akropoli,2026-01-31 06:14:00,2026-01-31 06:33:00,casual
r-01720,b-128,Gazi,Piraeus,2026-01-03 17:44:00,2026-01-03 19:08:00,casual
r-01721,b-240,Kifisia,Omonia,2026-01-22 04:01:00,2026-01-22 04:27:00,casual
r-01722,b-045,Panepistimio,Omonia,2026-01-13 21:16:00,2026-01-13 22:13:00,casual
r-01723,b-041,Monastiraki,Piraeus,2026-01-19 20:01:00,2026-01-19 20:44:00,subscriber
r-01724,b-030,Omonia,Gazi,2026-01-12 06:11:00,2026-01-12 06:25:00,subscriber
r-01725,b-006,Kifisia,Piraeus,2026-01-14 08:13:00,2026-01-14 09:26:00,casual
r-01726,b-264,Kifisia,Panepistimio,2026-01-24 11:37:00,2026-01-24 11:57:00,subscriber
r-01727,b-004,Panepistimio,Kifisia,2026-01-19 18:52:00,2026-01-19 18:56:00,casual
r-01728,b-271,Panepistimio,Piraeus,2026-01-25 15:37:00,2026-01-25 16:24:00,subscriber
r-01729,b-269,Omonia,Piraeus,2026-01-28 23:24:00,2026-01-29 00:24:00,subscriber
r-01730,b-069,Gazi,Kifisia,2026-01-09 06:56:00,2026-01-09 07:08:00,casual
r-01731,b-088,Kifisia,Panepistimio,2026-01-03 15:36:00,2026-01-03 16:33:00,casual
r-01732,b-277,Panepistimio,Kifisia,2026-01-06 11:40:00,2026-01-06 12:26:00,subscriber
r-01733,b-136,Kifisia,Omonia,2026-01-14 12:49:00,2026-01-14 13:30:00,subscriber
r-01734,b-157,Piraeus,Monastiraki,2026-01-01 10:26:00,2026-01-01 11:49:00,subscriber
r-01735,b-183,Kifisia,Syntagma,2026-01-22 09:46:00,2026-01-22 11:08:00,subscriber
r-01736,b-182,Gazi,Omonia,2026-01-29 08:19:00,2026-01-29 09:20:00,subscriber
r-01737,b-182,Omonia,Akropoli,2026-01-01 13:37:00,2026-01-01 14:24:00,subscriber
r-01738,b-044,Kifisia,Monastiraki,2026-01-05 22:41:00,2026-01-05 23:39:00,subscriber
r-01739,b-080,Kifisia,Syntagma,2026-01-20 00:36:00,2026-01-20 00:54:00,casual
r-01740,b-154,Piraeus,Omonia,2026-01-11 14:57:00,2026-01-11 16:00:00,casual
r-01741,b-225,Akropoli,Syntagma,2026-01-20 19:51:00,2026-01-20 20:17:00,casual
r-01742,b-223,Gazi,Piraeus,2026-01-08 16:45:00,2026-01-08 17:05:00,subscriber
r-01743,b-146,Monastiraki,Omonia,2026-01-17 16:22:00,2026-01-17 16:50:00,subscriber
r-01744,b-170,Piraeus,Gazi,2026-01-07 10:00:00,2026-01-07 10:53:00,subscriber
r-01745,b-137,Panepistimio,Akropoli,2026-01-08 15:06:00,2026-01-08 16:34:00,subscriber
r-01746,b-066,Kifisia,Piraeus,2026-01-20 11:56:00,2026-01-20 13:01:00,casual
r-01747,b-057,Piraeus,Monastiraki,2026-01-19 12:46:00,2026-01-19 13:53:00,subscriber
r-01748,b-257,Omonia,Panepistimio,2026-01-02 07:06:00,2026-01-02 07:25:00,subscriber
r-01749,b-005,Gazi,Panepistimio,2026-01-12 02:19:00,2026-01-12 02:28:00,casual
r-01750,b-043,Akropoli,Panepistimio,2026-01-23 04:29:00,2026-01-23 05:09:00,casual
r-01751,b-262,Omonia,Piraeus,2026-01-12 14:36:00,2026-01-12 15:58:00,subscriber
r-01752,b-135,Monastiraki,Kifisia,2026-01-12 16:29:00,2026-01-12 17:07:00,subscriber
r-01753,b-053,Kifisia,Gazi,2026-01-20 20:45:00,2026-01-20 21:13:00,subscriber
r-01754,b-062,Omonia,Monastiraki,2026-01-09 22:04:00,2026-01-09 23:22:00,subscriber
r-01755,b-075,Akropoli,Monastiraki,2026-01-19 14:18:00,2026-01-19 14:25:00,casual
r-01756,b-027,Panepistimio,Syntagma,2026-01-02 03:17:00,2026-01-02 04:38:00,casual
r-01757,b-119,Akropoli,Piraeus,2026-01-19 20:52:00,2026-01-19 22:02:00,subscriber
r-01758,b-262,Kifisia,Syntagma,2026-01-16 15:11:00,2026-01-16 16:08:00,casual
r-01759,b-138,Akropoli,Syntagma,2026-01-30 15:16:00,2026-01-30 15:25:00,casual
r-01760,b-164,Piraeus,Monastiraki,2026-01-14 02:26:00,2026-01-14 03:13:00,subscriber
r-01761,b-165,Syntagma,Monastiraki,2026-01-09 14:31:00,2026-01-09 14:39:00,subscriber
r-01762,b-052,Akropoli,Gazi,2026-01-14 07:38:00,2026-01-14 08:41:00,casual
r-01763,b-172,Kifisia,Omonia,2026-01-09 17:53:00,2026-01-09 18:28:00,casual
r-01764,b-283,Syntagma,Piraeus,2026-01-06 09:49:00,2026-01-06 10:04:00,subscriber
r-01765,b-271,Gazi,Piraeus,2026-01-16 09:46:00,2026-01-16 10:35:00,casual
r-01766,b-300,Akropoli,Monastiraki,2026-01-12 04:14:00,2026-01-12 05:40:00,casual
r-01767,b-062,Omonia,Piraeus,2026-01-05 07:16:00,2026-01-05 07:32:00,subscriber
r-01768,b-229,Panepistimio,Monastiraki,2026-01-28 00:40:00,2026-01-28 02:06:00,subscriber
r-01769,b-243,Gazi,Omonia,2026-01-04 17:47:00,2026-01-04 18:59:00,subscriber
r-01770,b-099,Syntagma,Omonia,2026-01-25 14:47:00,2026-01-25 15:09:00,casual
r-01771,b-230,Gazi,Omonia,2026-01-26 09:17:00,2026-01-26 09:52:00,subscriber
r-01772,b-269,Kifisia,Panepistimio,2026-01-21 04:21:00,2026-01-21 04:32:00,subscriber
r-01773,b-067,Akropoli,Piraeus,2026-01-08 22:20:00,2026-01-08 23:39:00,casual
r-01774,b-098,Syntagma,Kifisia,2026-01-03 09:38:00,2026-01-03 10:53:00,casual
r-01775,b-225,Monastiraki,Omonia,2026-01-23 20:42:00,2026-01-23 22:12:00,casual
r-01776,b-140,Piraeus,Akropoli,2026-01-26 22:23:00,2026-01-26 23:15:00,subscriber
r-01777,b-112,Omonia,Gazi,2026-01-09 17:02:00,2026-01-09 17:05:00,subscriber
r-01778,b-113,Akropoli,Omonia,2026-01-24 16:06:00,2026-01-24 17:07:00,casual
r-01779,b-115,Monastiraki,Omonia,2026-01-13 13:17:00,2026-01-13 14:30:00,subscriber
r-01780,b-076,Akropoli,Syntagma,2026-01-25 14:47:00,2026-01-25 15:20:00,casual
r-01781,b-128,Syntagma,Piraeus,2026-01-07 09:14:00,2026-01-07 09:51:00,subscriber
r-01782,b-178,Syntagma,Piraeus,2026-01-25 15:55:00,2026-01-25 16:12:00,casual
r-01783,b-069,Akropoli,Piraeus,2026-01-16 02:30:00,2026-01-16 02:43:00,casual
r-01784,b-006,Gazi,Syntagma,2026-01-29 03:54:00,2026-01-29 04:34:00,casual
r-01785,b-009,Omonia,Panepistimio,2026-01-11 07:30:00,2026-01-11 08:08:00,subscriber
r-01786,b-283,Akropoli,Kifisia,2026-01-18 17:13:00,2026-01-18 18:39:00,subscriber
r-01787,b-105,Gazi,Omonia,2026-01-21 10:59:00,2026-01-21 11:30:00,casual
r-01788,b-223,Panepistimio,Piraeus,2026-01-08 10:00:00,2026-01-08 11:00:00,casual
r-01789,b-093,Monastiraki,Akropoli,2026-01-08 02:01:00,2026-01-08 03:05:00,casual
r-01790,b-252,Panepistimio,Gazi,2026-01-09 18:05:00,2026-01-09 18:30:00,subscriber
r-01791,b-084,Syntagma,Panepistimio,2026-01-30 19:18:00,2026-01-30 19:57:00,subscriber
r-01792,b-074,Panepistimio,Syntagma,2026-01-19 06:34:00,2026-01-19 08:04:00,subscriber
r-01793,b-207,Kifisia,Gazi,2026-01-20 17:44:00,2026-01-20 18:18:00,subscriber
r-01794,b-052,Syntagma,Gazi,2026-01-25 07:22:00,2026-01-25 07:42:00,casual
r-01795,b-007,Monastiraki,Kifisia,2026-01-18 19:25:00,2026-01-18 19:30:00,subscriber
r-01796,b-074,Monastiraki,Panepistimio,2026-01-07 08:22:00,2026-01-07 08:56:00,subscriber
r-01797,b-044,Gazi,Kifisia,2026-01-01 18:15:00,2026-01-01 18:31:00,subscriber
r-01798,b-084,Kifisia,Piraeus,2026-01-07 16:04:00,2026-01-07 17:08:00,casual
r-01799,b-029,Omonia,Monastiraki,2026-01-16 10:21:00,2026-01-16 11:25:00,casual
r-01800,b-023,Monastiraki,Syntagma,2026-01-29 21:22:00,2026-01-29 22:34:00,subscriber
r-01801,b-213,Monastiraki,Gazi,2026-01-26 02:53:00,2026-01-26 03:33:00,subscriber
r-01802,b-219,Syntagma,Omonia,2026-01-01 09:19:00,2026-01-01 09:50:00,casual
r-01803,b-197,Akropoli,Monastiraki,2026-01-08 00:58:00,2026-01-08 01:46:00,subscriber
r-01804,b-053,Monastiraki,Omonia,2026-01-23 17:11:00,2026-01-23 17:35:00,casual
r-01805,b-185,Gazi,Syntagma,2026-01-17 14:16:00,2026-01-17 14:28:00,subscriber
r-01806,b-220,Omonia,Monastiraki,2026-01-03 07:20:00,2026-01-03 08:40:00,casual
r-01807,b-155,Piraeus,Monastiraki,2026-01-28 14:56:00,2026-01-28 15:22:00,casual
r-01808,b-189,Akropoli,Panepistimio,2026-01-17 04:31:00,2026-01-17 04:47:00,casual
r-01809,b-076,Omonia,Kifisia,2026-01-04 19:24:00,2026-01-04 19:27:00,casual
r-01810,b-245,Kifisia,Gazi,2026-01-08 01:24:00,2026-01-08 02:16:00,subscriber
r-01811,b-143,Piraeus,Gazi,2026-01-06 11:36:00,2026-01-06 12:52:00,subscriber
r-01812,b-198,Omonia,Monastiraki,2026-01-05 10:47:00,2026-01-05 11:31:00,casual
r-01813,b-212,Piraeus,Panepistimio,2026-01-15 20:46:00,2026-01-15 21:52:00,casual
r-01814,b-215,Panepistimio,Akropoli,2026-01-07 14:58:00,2026-01-07 16:24:00,casual
r-01815,b-275,Kifisia,Akropoli,2026-01-25 20:27:00,2026-01-25 21:38:00,subscriber
r-01816,b-296,Piraeus,Akropoli,2026-01-18 20:06:00,2026-01-18 20:19:00,subscriber
r-01817,b-105,Gazi,Syntagma,2026-01-05 07:18:00,2026-01-05 07:51:00,subscriber
r-01818,b-057,Kifisia,Monastiraki,2026-01-17 19:50:00,2026-01-17 21:04:00,subscriber
r-01819,b-236,Omonia,Panepistimio,2026-01-17 05:34:00,2026-01-17 06:23:00,subscriber
r-01820,b-115,Panepistimio,Monastiraki,2026-01-26 10:23:00,2026-01-26 11:19:00,subscriber
r-01821,b-014,Omonia,Akropoli,2026-01-07 14:30:00,2026-01-07 14:48:00,casual
r-01822,b-298,Monastiraki,Piraeus,2026-01-18 05:58:00,2026-01-18 06:07:00,subscriber
r-01823,b-076,Omonia,Syntagma,2026-01-23 00:49:00,2026-01-23 02:08:00,casual
r-01824,b-007,Panepistimio,Syntagma,2026-01-07 18:18:00,2026-01-07 18:31:00,casual
r-01825,b-072,Kifisia,Gazi,2026-01-08 03:31:00,2026-01-08 03:57:00,casual
r-01826,b-007,Gazi,Panepistimio,2026-01-22 17:34:00,2026-01-22 18:29:00,casual
r-01827,b-017,Syntagma,Piraeus,2026-01-06 09:31:00,2026-01-06 09:53:00,subscriber
r-01828,b-217,Syntagma,Akropoli,2026-01-24 05:43:00,2026-01-24 06:06:00,casual
r-01829,b-117,Akropoli,Piraeus,2026-01-26 13:17:00,2026-01-26 13:53:00,casual
r-01830,b-194,Monastiraki,Gazi,2026-01-08 11:16:00,2026-01-08 11:53:00,subscriber
r-01831,b-201,Syntagma,Omonia,2026-01-10 23:24:00,2026-01-11 00:18:00,subscriber
r-01832,b-240,Monastiraki,Kifisia,2026-01-26 18:53:00,2026-01-26 20:13:00,casual
r-01833,b-195,Piraeus,Kifisia,2026-01-15 14:05:00,2026-01-15 15:31:00,subscriber
r-01834,b-139,Piraeus,Monastiraki,2026-01-03 19:42:00,2026-01-03 20:32:00,subscriber
r-01835,b-172,Gazi,Akropoli,2026-01-06 02:01:00,2026-01-06 02:13:00,subscriber
r-01836,b-055,Omonia,Gazi,2026-01-12 05:37:00,2026-01-12 06:16:00,subscriber
r-01837,b-159,Syntagma,Kifisia,2026-01-10 23:27:00,2026-01-11 00:46:00,subscriber
r-01838,b-138,Syntagma,Omonia,2026-01-26 10:35:00,2026-01-26 11:03:00,subscriber
r-01839,b-248,Syntagma,Gazi,2026-01-27 06:43:00,2026-01-27 07:58:00,subscriber
r-01840,b-005,Monastiraki,Panepistimio,2026-01-03 12:28:00,2026-01-03 13:11:00,casual
r-01841,b-201,Panepistimio,Omonia,2026-01-14 04:27:00,2026-01-14 05:20:00,casual
r-01842,b-209,Monastiraki,Panepistimio,2026-01-07 05:28:00,2026-01-07 06:57:00,subscriber
r-01843,b-196,Syntagma,Gazi,2026-01-24 04:30:00,2026-01-24 04:52:00,casual
r-01844,b-078,Akropoli,Monastiraki,2026-01-28 00:27:00,2026-01-28 00:34:00,casual
r-01845,b-119,Monastiraki,Piraeus,2026-01-04 22:01:00,2026-01-04 23:24:00,subscriber
r-01846,b-265,Omonia,Gazi,2026-01-31 02:34:00,2026-01-31 02:55:00,casual
r-01847,b-185,Gazi,Omonia,2026-01-21 16:46:00,2026-01-21 17:05:00,casual
r-01848,b-107,Piraeus,Monastiraki,2026-01-03 03:42:00,2026-01-03 05:12:00,subscriber
r-01849,b-008,Kifisia,Syntagma,2026-01-08 06:27:00,2026-01-08 07:42:00,subscriber
r-01850,b-049,Monastiraki,Akropoli,2026-01-15 10:06:00,2026-01-15 11:19:00,casual
r-01851,b-035,Akropoli,Monastiraki,2026-01-15 14:39:00,2026-01-15 15:03:00,casual
r-01852,b-037,Gazi,Syntagma,2026-01-27 13:42:00,2026-01-27 14:31:00,subscriber
r-01853,b-227,Kifisia,Omonia,2026-01-22 07:15:00,2026-01-22 07:51:00,subscriber
r-01854,b-187,Kifisia,Syntagma,2026-01-06 23:24:00,2026-01-07 00:39:00,casual
r-01855,b-188,Omonia,Akropoli,2026-01-19 13:55:00,2026-01-19 14:50:00,casual
r-01856,b-231,Piraeus,Akropoli,2026-01-18 08:09:00,2026-01-18 08:22:00,casual
r-01857,b-126,Syntagma,Piraeus,2026-01-03 06:36:00,2026-01-03 07:58:00,subscriber
r-01858,b-082,Akropoli,Panepistimio,2026-01-08 08:49:00,2026-01-08 09:05:00,casual
r-01859,b-237,Piraeus,Kifisia,2026-01-04 15:42:00,2026-01-04 16:13:00,subscriber
r-01860,b-274,Kifisia,Gazi,2026-01-17 05:07:00,2026-01-17 06:09:00,casual
r-01861,b-056,Omonia,Piraeus,2026-01-06 07:11:00,2026-01-06 07:24:00,casual
r-01862,b-034,Piraeus,Omonia,2026-01-21 01:04:00,2026-01-21 01:32:00,casual
r-01863,b-244,Kifisia,Monastiraki,2026-01-16 22:01:00,2026-01-16 23:21:00,subscriber
r-01864,b-080,Syntagma,Gazi,2026-01-14 00:03:00,2026-01-14 01:04:00,casual
r-01865,b-291,Panepistimio,Omonia,2026-01-07 22:56:00,2026-01-08 00:20:00,subscriber
r-01866,b-186,Syntagma,Kifisia,2026-01-28 16:32:00,2026-01-28 17:23:00,casual
r-01867,b-012,Syntagma,Omonia,2026-01-22 21:05:00,2026-01-22 21:35:00,casual
r-01868,b-073,Omonia,Syntagma,2026-01-13 14:44:00,2026-01-13 15:19:00,subscriber
r-01869,b-232,Monastiraki,Panepistimio,2026-01-13 19:10:00,2026-01-13 20:04:00,casual
r-01870,b-028,Akropoli,Monastiraki,2026-01-25 05:11:00,2026-01-25 05:41:00,subscriber
r-01871,b-102,Akropoli,Monastiraki,2026-01-20 20:04:00,2026-01-20 20:50:00,casual
r-01872,b-083,Kifisia,Akropoli,2026-01-20 09:46:00,2026-01-20 10:50:00,casual
r-01873,b-006,Piraeus,Kifisia,2026-01-17 11:25:00,2026-01-17 12:41:00,subscriber
r-01874,b-163,Omonia,Panepistimio,2026-01-04 20:59:00,2026-01-04 22:27:00,subscriber
r-01875,b-163,Omonia,Akropoli,2026-01-08 04:23:00,2026-01-08 05:24:00,subscriber
r-01876,b-065,Syntagma,Akropoli,2026-01-19 19:52:00,2026-01-19 20:28:00,casual
r-01877,b-112,Monastiraki,Syntagma,2026-01-30 09:52:00,2026-01-30 11:09:00,subscriber
r-01878,b-194,Omonia,Gazi,2026-01-20 10:56:00,2026-01-20 12:08:00,subscriber
r-01879,b-296,Panepistimio,Piraeus,2026-01-17 04:12:00,2026-01-17 04:41:00,subscriber
r-01880,b-158,Syntagma,Panepistimio,2026-01-18 04:25:00,2026-01-18 05:14:00,subscriber
r-01881,b-211,Kifisia,Panepistimio,2026-01-24 01:11:00,2026-01-24 02:37:00,casual
r-01882,b-172,Piraeus,Akropoli,2026-01-17 08:42:00,2026-01-17 09:54:00,subscriber
r-01883,b-091,Piraeus,Omonia,2026-01-09 08:02:00,2026-01-09 09:03:00,subscriber
r-01884,b-224,Piraeus,Omonia,2026-01-26 00:50:00,2026-01-26 01:48:00,casual
r-01885,b-054,Monastiraki,Kifisia,2026-01-29 13:36:00,2026-01-29 13:51:00,subscriber
r-01886,b-255,Piraeus,Syntagma,2026-01-30 21:33:00,2026-01-30 21:38:00,subscriber
r-01887,b-149,Syntagma,Piraeus,2026-01-30 03:58:00,2026-01-30 04:57:00,casual
r-01888,b-196,Kifisia,Akropoli,2026-01-10 23:25:00,2026-01-10 23:56:00,subscriber
r-01889,b-238,Monastiraki,Panepistimio,2026-01-10 05:36:00,2026-01-10 06:39:00,casual
r-01890,b-115,Syntagma,Panepistimio,2026-01-30 16:21:00,2026-01-30 17:14:00,casual
r-01891,b-213,Akropoli,Omonia,2026-01-13 12:18:00,2026-01-13 13:45:00,subscriber
r-01892,b-014,Syntagma,Monastiraki,2026-01-01 12:32:00,2026-01-01 13:28:00,subscriber
r-01893,b-088,Gazi,Omonia,2026-01-18 08:57:00,2026-01-18 10:06:00,casual
r-01894,b-202,Piraeus,Monastiraki,2026-01-12 08:08:00,2026-01-12 09:22:00,subscriber
r-01895,b-200,Omonia,Piraeus,2026-01-27 15:10:00,2026-01-27 16:07:00,subscriber
r-01896,b-119,Omonia,Akropoli,2026-01-19 16:18:00,2026-01-19 17:01:00,subscriber
r-01897,b-296,Monastiraki,Piraeus,2026-01-07 01:59:00,2026-01-07 03:06:00,casual
r-01898,b-105,Omonia,Panepistimio,2026-01-29 21:11:00,2026-01-29 21:47:00,subscriber
r-01899,b-079,Piraeus,Syntagma,2026-01-05 13:52:00,2026-01-05 13:58:00,subscriber
r-01900,b-196,Monastiraki,Gazi,2026-01-29 11:07:00,2026-01-29 12:19:00,subscriber
r-01901,b-123,Gazi,Monastiraki,2026-01-07 06:35:00,2026-01-07 07:36:00,subscriber
r-01902,b-194,Panepistimio,Piraeus,2026-01-14 20:19:00,2026-01-14 20:46:00,casual
r-01903,b-012,Monastiraki,Omonia,2026-01-03 16:31:00,2026-01-03 17:09:00,subscriber
r-01904,b-073,Monastiraki,Syntagma,2026-01-06 09:10:00,2026-01-06 10:11:00,casual
r-01905,b-254,Monastiraki,Syntagma,2026-01-13 06:10:00,2026-01-13 06:36:00,casual
r-01906,b-012,Monastiraki,Akropoli,2026-01-10 19:09:00,2026-01-10 20:02:00,casual
r-01907,b-215,Monastiraki,Omonia,2026-01-04 16:21:00,2026-01-04 17:26:00,casual
r-01908,b-083,Kifisia,Piraeus,2026-01-15 14:31:00,2026-01-15 15:55:00,subscriber
r-01909,b-291,Omonia,Piraeus,2026-01-14 22:19:00,2026-01-14 22:23:00,subscriber
r-01910,b-280,Gazi,Panepistimio,2026-01-06 16:01:00,2026-01-06 16:47:00,subscriber
r-01911,b-099,Akropoli,Syntagma,2026-01-08 13:00:00,2026-01-08 14:09:00,subscriber
r-01912,b-187,Omonia,Monastiraki,2026-01-25 17:24:00,2026-01-25 17:29:00,subscriber
r-01913,b-113,Gazi,Monastiraki,2026-01-11 04:58:00,2026-01-11 05:04:00,subscriber
r-01914,b-103,Akropoli,Panepistimio,2026-01-07 02:15:00,2026-01-07 02:52:00,subscriber
r-01915,b-254,Akropoli,Panepistimio,2026-01-17 04:42:00,2026-01-17 05:55:00,casual
r-01916,b-089,Panepistimio,Omonia,2026-01-24 15:57:00,2026-01-24 16:51:00,subscriber
r-01917,b-160,Monastiraki,Gazi,2026-01-14 03:01:00,2026-01-14 03:54:00,subscriber
r-01918,b-217,Piraeus,Panepistimio,2026-01-10 16:49:00,2026-01-10 17:54:00,casual
r-01919,b-197,Monastiraki,Gazi,2026-01-15 20:09:00,2026-01-15 21:31:00,casual
r-01920,b-033,Gazi,Omonia,2026-01-10 10:08:00,2026-01-10 11:23:00,casual
r-01921,b-210,Akropoli,Gazi,2026-01-08 22:40:00,2026-01-08 22:47:00,casual
r-01922,b-016,Gazi,Panepistimio,2026-01-28 19:36:00,2026-01-28 21:01:00,subscriber
r-01923,b-096,Piraeus,Kifisia,2026-01-09 12:30:00,2026-01-09 13:14:00,casual
r-01924,b-191,Panepistimio,Piraeus,2026-01-12 11:57:00,2026-01-12 12:09:00,casual
r-01925,b-164,Monastiraki,Syntagma,2026-01-07 22:25:00,2026-01-07 23:08:00,subscriber
r-01926,b-165,Kifisia,Akropoli,2026-01-16 07:12:00,2026-01-16 07:42:00,subscriber
r-01927,b-109,Piraeus,Omonia,2026-01-26 21:27:00,2026-01-26 21:38:00,subscriber
r-01928,b-039,Akropoli,Piraeus,2026-01-06 00:24:00,2026-01-06 01:38:00,casual
r-01929,b-101,Gazi,Monastiraki,2026-01-21 03:21:00,2026-01-21 04:04:00,subscriber
r-01930,b-216,Syntagma,Panepistimio,2026-01-23 19:30:00,2026-01-23 20:36:00,subscriber
r-01931,b-168,Omonia,Gazi,2026-01-06 23:32:00,2026-01-07 00:32:00,casual
r-01932,b-010,Syntagma,Panepistimio,2026-01-12 02:14:00,2026-01-12 03:30:00,subscriber
r-01933,b-207,Omonia,Kifisia,2026-01-22 08:22:00,2026-01-22 09:01:00,subscriber
r-01934,b-009,Syntagma,Panepistimio,2026-01-25 14:41:00,2026-01-25 15:51:00,subscriber
r-01935,b-155,Piraeus,Gazi,2026-01-22 17:14:00,2026-01-22 17:29:00,casual
r-01936,b-285,Piraeus,Syntagma,2026-01-15 18:27:00,2026-01-15 19:14:00,casual
r-01937,b-153,Syntagma,Akropoli,2026-01-23 19:22:00,2026-01-23 20:43:00,casual
r-01938,b-192,Monastiraki,Kifisia,2026-01-23 18:51:00,2026-01-23 20:16:00,subscriber
r-01939,b-006,Syntagma,Kifisia,2026-01-02 15:59:00,2026-01-02 16:30:00,subscriber
r-01940,b-088,Piraeus,Monastiraki,2026-01-06 02:50:00,2026-01-06 03:34:00,subscriber
r-01941,b-027,Syntagma,Piraeus,2026-01-10 00:47:00,2026-01-10 01:37:00,casual
r-01942,b-039,Syntagma,Panepistimio,2026-01-03 07:03:00,2026-01-03 07:20:00,casual
r-01943,b-088,Piraeus,Omonia,2026-01-16 07:42:00,2026-01-16 09:03:00,subscriber
r-01944,b-164,Monastiraki,Omonia,2026-01-27 21:17:00,2026-01-27 22:18:00,subscriber
r-01945,b-063,Kifisia,Gazi,2026-01-27 22:01:00,2026-01-27 22:56:00,subscriber
r-01946,b-165,Kifisia,Omonia,2026-01-27 15:12:00,2026-01-27 16:16:00,casual
r-01947,b-152,Akropoli,Kifisia,2026-01-11 14:40:00,2026-01-11 14:54:00,subscriber
r-01948,b-106,Panepistimio,Piraeus,2026-01-17 09:34:00,2026-01-17 10:48:00,subscriber
r-01949,b-007,Syntagma,Omonia,2026-01-04 18:04:00,2026-01-04 19:10:00,subscriber
r-01950,b-054,Panepistimio,Akropoli,2026-01-22 15:20:00,2026-01-22 16:12:00,casual
r-01951,b-160,Gazi,Kifisia,2026-01-10 19:54:00,2026-01-10 21:12:00,casual
r-01952,b-113,Monastiraki,Omonia,2026-01-31 03:45:00,2026-01-31 04:07:00,casual
r-01953,b-205,Panepistimio,Kifisia,2026-01-18 21:09:00,2026-01-18 22:09:00,subscriber
r-01954,b-158,Piraeus,Monastiraki,2026-01-04 10:58:00,2026-01-04 11:36:00,subscriber
r-01955,b-057,Monastiraki,Piraeus,2026-01-08 00:52:00,2026-01-08 01:54:00,subscriber
r-01956,b-015,Omonia,Panepistimio,2026-01-02 02:07:00,2026-01-02 03:08:00,casual
r-01957,b-061,Gazi,Omonia,2026-01-25 11:52:00,2026-01-25 12:52:00,subscriber
r-01958,b-204,Panepistimio,Monastiraki,2026-01-17 11:07:00,2026-01-17 12:05:00,casual
r-01959,b-140,Syntagma,Akropoli,2026-01-24 10:47:00,2026-01-24 11:32:00,casual
r-01960,b-217,Piraeus,Gazi,2026-01-05 18:50:00,2026-01-05 18:59:00,subscriber
r-01961,b-142,Piraeus,Monastiraki,2026-01-14 17:07:00,2026-01-14 17:34:00,casual
r-01962,b-026,Monastiraki,Piraeus,2026-01-24 22:28:00,2026-01-24 23:26:00,subscriber
r-01963,b-019,Monastiraki,Syntagma,2026-01-06 09:19:00,2026-01-06 09:50:00,casual
r-01964,b-116,Monastiraki,Panepistimio,2026-01-12 04:47:00,2026-01-12 04:58:00,casual
r-01965,b-138,Monastiraki,Omonia,2026-01-19 04:04:00,2026-01-19 04:57:00,casual
r-01966,b-148,Panepistimio,Omonia,2026-01-10 16:41:00,2026-01-10 17:05:00,casual
r-01967,b-245,Omonia,Gazi,2026-01-01 11:23:00,2026-01-01 11:38:00,casual
r-01968,b-036,Gazi,Piraeus,2026-01-12 04:38:00,2026-01-12 05:02:00,subscriber
r-01969,b-007,Kifisia,Monastiraki,2026-01-09 20:37:00,2026-01-09 21:22:00,casual
r-01970,b-136,Syntagma,Omonia,2026-01-20 19:24:00,2026-01-20 20:09:00,subscriber
r-01971,b-181,Syntagma,Gazi,2026-01-09 02:28:00,2026-01-09 03:57:00,casual
r-01972,b-127,Kifisia,Piraeus,2026-01-27 20:57:00,2026-01-27 21:00:00,casual
r-01973,b-149,Syntagma,Gazi,2026-01-06 07:28:00,2026-01-06 07:36:00,subscriber
r-01974,b-076,Omonia,Kifisia,2026-01-25 05:44:00,2026-01-25 06:51:00,subscriber
r-01975,b-252,Gazi,Panepistimio,2026-01-05 21:13:00,2026-01-05 21:54:00,casual
r-01976,b-187,Kifisia,Omonia,2026-01-26 04:03:00,2026-01-26 04:38:00,casual
r-01977,b-171,Akropoli,Piraeus,2026-01-01 22:48:00,2026-01-01 23:36:00,casual
r-01978,b-211,Syntagma,Omonia,2026-01-06 11:09:00,2026-01-06 11:46:00,subscriber
r-01979,b-126,Kifisia,Syntagma,2026-01-07 18:42:00,2026-01-07 19:30:00,casual
r-01980,b-194,Monastiraki,Omonia,2026-01-17 16:34:00,2026-01-17 17:03:00,subscriber
r-01981,b-090,Kifisia,Akropoli,2026-01-13 19:11:00,2026-01-13 20:34:00,casual
r-01982,b-214,Piraeus,Akropoli,2026-01-17 05:01:00,2026-01-17 05:46:00,casual
r-01983,b-267,Syntagma,Gazi,2026-01-15 09:51:00,2026-01-15 10:18:00,casual
r-01984,b-233,Piraeus,Kifisia,2026-01-29 04:52:00,2026-01-29 05:10:00,casual
r-01985,b-076,Syntagma,Akropoli,2026-01-14 11:01:00,2026-01-14 11:18:00,casual
r-01986,b-286,Akropoli,Gazi,2026-01-08 04:05:00,2026-01-08 05:14:00,subscriber
r-01987,b-151,Akropoli,Syntagma,2026-01-15 03:39:00,2026-01-15 04:44:00,subscriber
r-01988,b-064,Panepistimio,Omonia,2026-01-21 23:44:00,2026-01-21 23:52:00,subscriber
r-01989,b-181,Syntagma,Akropoli,2026-01-23 13:25:00,2026-01-23 14:07:00,subscriber
r-01990,b-146,Omonia,Panepistimio,2026-01-03 14:30:00,2026-01-03 15:05:00,subscriber
r-01991,b-101,Omonia,Piraeus,2026-01-05 05:56:00,2026-01-05 06:33:00,casual
r-01992,b-017,Akropoli,Monastiraki,2026-01-27 23:13:00,2026-01-27 23:26:00,casual
r-01993,b-205,Piraeus,Panepistimio,2026-01-17 11:21:00,2026-01-17 11:55:00,subscriber
r-01994,b-289,Akropoli,Monastiraki,2026-01-13 05:21:00,2026-01-13 06:02:00,casual
r-01995,b-103,Omonia,Piraeus,2026-01-16 00:14:00,2026-01-16 01:31:00,casual
r-01996,b-157,Panepistimio,Omonia,2026-01-07 12:12:00,2026-01-07 13:08:00,subscriber
r-01997,b-094,Kifisia,Akropoli,2026-01-14 20:46:00,2026-01-14 22:01:00,casual
r-01998,b-227,Omonia,Gazi,2026-01-21 05:12:00,2026-01-21 05:27:00,casual
r-01999,b-182,Gazi,Panepistimio,2026-01-24 06:18:00,2026-01-24 07:48:00,casual
r-02000,b-015,Piraeus,Panepistimio,2026-01-22 13:35:00,2026-01-22 14:31:00,subscriber
r-02001,b-155,Omonia,Gazi,2026-01-20 11:45:00,2026-01-20 11:59:00,subscriber
r-02002,b-279,Gazi,Monastiraki,2026-01-27 17:52:00,2026-01-27 19:00:00,casual
r-02003,b-004,Omonia,Akropoli,2026-01-03 18:28:00,2026-01-03 19:21:00,casual
r-02004,b-029,Syntagma,Monastiraki,2026-01-24 21:48:00,2026-01-24 22:49:00,casual
r-02005,b-050,Gazi,Akropoli,2026-01-30 21:50:00,2026-01-30 22:06:00,casual
r-02006,b-032,Gazi,Kifisia,2026-01-27 01:36:00,2026-01-27 02:40:00,subscriber
r-02007,b-105,Syntagma,Piraeus,2026-01-27 22:33:00,2026-01-28 00:02:00,subscriber
r-02008,b-080,Omonia,Monastiraki,2026-01-26 21:54:00,2026-01-26 23:00:00,casual
r-02009,b-249,Syntagma,Kifisia,2026-01-29 22:12:00,2026-01-29 22:54:00,subscriber
r-02010,b-062,Syntagma,Omonia,2026-01-06 13:17:00,2026-01-06 13:28:00,subscriber
r-02011,b-013,Monastiraki,Akropoli,2026-01-12 14:00:00,2026-01-12 14:29:00,casual
r-02012,b-208,Monastiraki,Panepistimio,2026-01-19 02:45:00,2026-01-19 02:55:00,casual
r-02013,b-225,Akropoli,Kifisia,2026-01-09 17:01:00,2026-01-09 17:34:00,subscriber
r-02014,b-073,Syntagma,Omonia,2026-01-21 00:14:00,2026-01-21 00:35:00,subscriber
r-02015,b-246,Panepistimio,Akropoli,2026-01-09 02:31:00,2026-01-09 03:39:00,casual
r-02016,b-253,Monastiraki,Gazi,2026-01-14 12:09:00,2026-01-14 13:37:00,casual
r-02017,b-055,Piraeus,Gazi,2026-01-13 20:34:00,2026-01-13 21:27:00,casual
r-02018,b-146,Omonia,Syntagma,2026-01-20 07:21:00,2026-01-20 08:18:00,casual
r-02019,b-298,Piraeus,Syntagma,2026-01-06 19:12:00,2026-01-06 20:27:00,casual
r-02020,b-182,Kifisia,Syntagma,2026-01-02 21:13:00,2026-01-02 22:38:00,subscriber
r-02021,b-082,Akropoli,Syntagma,2026-01-22 15:04:00,2026-01-22 16:05:00,casual
r-02022,b-269,Panepistimio,Omonia,2026-01-24 02:49:00,2026-01-24 03:56:00,casual
r-02023,b-078,Omonia,Piraeus,2026-01-24 16:22:00,2026-01-24 16:33:00,casual
r-02024,b-072,Gazi,Panepistimio,2026-01-31 04:27:00,2026-01-31 05:42:00,casual
r-02025,b-248,Piraeus,Syntagma,2026-01-31 07:11:00,2026-01-31 07:52:00,casual
r-02026,b-260,Omonia,Gazi,2026-01-22 19:16:00,2026-01-22 20:36:00,casual
r-02027,b-207,Gazi,Akropoli,2026-01-07 05:21:00,2026-01-07 06:05:00,subscriber
r-02028,b-050,Omonia,Monastiraki,2026-01-03 09:04:00,2026-01-03 09:10:00,subscriber
r-02029,b-119,Kifisia,Omonia,2026-01-24 01:30:00,2026-01-24 02:59:00,subscriber
r-02030,b-216,Piraeus,Kifisia,2026-01-06 03:09:00,2026-01-06 03:34:00,subscriber
r-02031,b-020,Akropoli,Syntagma,2026-01-04 03:38:00,2026-01-04 04:59:00,subscriber
r-02032,b-165,Syntagma,Omonia,2026-01-21 10:16:00,2026-01-21 11:06:00,subscriber
r-02033,b-294,Omonia,Piraeus,2026-01-21 18:59:00,2026-01-21 19:50:00,subscriber
r-02034,b-147,Kifisia,Panepistimio,2026-01-10 05:46:00,2026-01-10 06:21:00,subscriber
r-02035,b-271,Piraeus,Kifisia,2026-01-10 11:45:00,2026-01-10 12:08:00,subscriber
r-02036,b-050,Syntagma,Piraeus,2026-01-05 05:57:00,2026-01-05 07:14:00,subscriber
r-02037,b-209,Syntagma,Panepistimio,2026-01-02 20:18:00,2026-01-02 20:38:00,subscriber
r-02038,b-107,Kifisia,Monastiraki,2026-01-16 20:08:00,2026-01-16 20:34:00,casual
r-02039,b-287,Gazi,Akropoli,2026-01-24 03:03:00,2026-01-24 03:51:00,subscriber
r-02040,b-193,Piraeus,Gazi,2026-01-04 09:21:00,2026-01-04 10:20:00,subscriber
r-02041,b-265,Omonia,Kifisia,2026-01-27 05:39:00,2026-01-27 05:52:00,casual
r-02042,b-027,Kifisia,Monastiraki,2026-01-05 22:13:00,2026-01-05 22:31:00,casual
r-02043,b-129,Akropoli,Kifisia,2026-01-02 08:37:00,2026-01-02 09:08:00,casual
r-02044,b-039,Omonia,Panepistimio,2026-01-17 14:55:00,2026-01-17 15:06:00,subscriber
r-02045,b-030,Akropoli,Panepistimio,2026-01-24 21:31:00,2026-01-24 22:52:00,subscriber
r-02046,b-016,Akropoli,Piraeus,2026-01-27 20:32:00,2026-01-27 21:35:00,subscriber
r-02047,b-172,Akropoli,Monastiraki,2026-01-16 17:14:00,2026-01-16 18:10:00,subscriber
r-02048,b-032,Gazi,Kifisia,2026-01-07 16:08:00,2026-01-07 16:37:00,subscriber
r-02049,b-037,Syntagma,Panepistimio,2026-01-23 19:05:00,2026-01-23 19:17:00,casual
r-02050,b-246,Monastiraki,Gazi,2026-01-28 13:20:00,2026-01-28 14:41:00,subscriber
r-02051,b-255,Monastiraki,Syntagma,2026-01-13 15:28:00,2026-01-13 15:36:00,subscriber
r-02052,b-156,Piraeus,Panepistimio,2026-01-30 22:20:00,2026-01-30 23:07:00,subscriber
r-02053,b-101,Syntagma,Kifisia,2026-01-02 07:25:00,2026-01-02 07:35:00,casual
r-02054,b-199,Kifisia,Syntagma,2026-01-02 03:45:00,2026-01-02 04:58:00,casual
r-02055,b-071,Piraeus,Akropoli,2026-01-07 00:47:00,2026-01-07 01:45:00,subscriber
r-02056,b-100,Gazi,Omonia,2026-01-21 06:21:00,2026-01-21 06:39:00,casual
r-02057,b-048,Panepistimio,Monastiraki,2026-01-21 04:48:00,2026-01-21 04:58:00,subscriber
r-02058,b-008,Syntagma,Kifisia,2026-01-11 16:04:00,2026-01-11 16:59:00,subscriber
r-02059,b-225,Syntagma,Omonia,2026-01-03 22:07:00,2026-01-03 22:19:00,subscriber
r-02060,b-126,Gazi,Omonia,2026-01-14 04:40:00,2026-01-14 04:48:00,casual
r-02061,b-063,Piraeus,Panepistimio,2026-01-07 05:41:00,2026-01-07 07:01:00,subscriber
r-02062,b-183,Panepistimio,Akropoli,2026-01-04 19:25:00,2026-01-04 20:00:00,subscriber
r-02063,b-283,Gazi,Kifisia,2026-01-21 12:27:00,2026-01-21 13:08:00,casual
r-02064,b-278,Akropoli,Omonia,2026-01-31 01:57:00,2026-01-31 02:31:00,subscriber
r-02065,b-249,Piraeus,Gazi,2026-01-03 18:58:00,2026-01-03 19:45:00,casual
r-02066,b-267,Omonia,Kifisia,2026-01-04 21:41:00,2026-01-04 22:10:00,subscriber
r-02067,b-191,Panepistimio,Syntagma,2026-01-15 05:04:00,2026-01-15 06:17:00,subscriber
r-02068,b-233,Kifisia,Gazi,2026-01-02 23:10:00,2026-01-02 23:43:00,subscriber
r-02069,b-143,Syntagma,Panepistimio,2026-01-02 07:15:00,2026-01-02 08:21:00,casual
r-02070,b-197,Syntagma,Panepistimio,2026-01-15 00:07:00,2026-01-15 00:20:00,casual
r-02071,b-023,Piraeus,Panepistimio,2026-01-02 04:35:00,2026-01-02 05:26:00,subscriber
r-02072,b-221,Omonia,Piraeus,2026-01-10 16:42:00,2026-01-10 17:33:00,subscriber
r-02073,b-173,Gazi,Syntagma,2026-01-15 05:18:00,2026-01-15 05:25:00,casual
r-02074,b-223,Syntagma,Panepistimio,2026-01-28 05:29:00,2026-01-28 05:59:00,casual
r-02075,b-148,Piraeus,Gazi,2026-01-03 22:23:00,2026-01-03 22:39:00,casual
r-02076,b-196,Akropoli,Monastiraki,2026-01-20 14:56:00,2026-01-20 16:12:00,casual
r-02077,b-141,Syntagma,Panepistimio,2026-01-12 04:12:00,2026-01-12 04:31:00,subscriber
r-02078,b-293,Akropoli,Omonia,2026-01-12 16:59:00,2026-01-12 18:11:00,casual
r-02079,b-138,Akropoli,Omonia,2026-01-03 02:10:00,2026-01-03 03:31:00,casual
r-02080,b-158,Syntagma,Monastiraki,2026-01-31 01:17:00,2026-01-31 02:37:00,casual
r-02081,b-009,Kifisia,Panepistimio,2026-01-13 08:55:00,2026-01-13 09:20:00,casual
r-02082,b-246,Syntagma,Panepistimio,2026-01-01 17:41:00,2026-01-01 18:43:00,subscriber
r-02083,b-283,Monastiraki,Panepistimio,2026-01-19 22:18:00,2026-01-19 22:28:00,casual
r-02084,b-142,Omonia,Panepistimio,2026-01-04 05:57:00,2026-01-04 06:56:00,casual
r-02085,b-090,Panepistimio,Piraeus,2026-01-23 20:35:00,2026-01-23 20:54:00,subscriber
r-02086,b-059,Syntagma,Omonia,2026-01-29 10:57:00,2026-01-29 12:23:00,subscriber
r-02087,b-163,Kifisia,Akropoli,2026-01-09 17:15:00,2026-01-09 18:45:00,subscriber
r-02088,b-133,Syntagma,Piraeus,2026-01-26 12:28:00,2026-01-26 13:00:00,casual
r-02089,b-023,Gazi,Akropoli,2026-01-02 01:36:00,2026-01-02 03:05:00,subscriber
r-02090,b-228,Monastiraki,Gazi,2026-01-17 05:59:00,2026-01-17 06:15:00,subscriber
r-02091,b-167,Panepistimio,Monastiraki,2026-01-24 14:11:00,2026-01-24 14:23:00,casual
r-02092,b-074,Piraeus,Omonia,2026-01-20 06:20:00,2026-01-20 06:32:00,subscriber
r-02093,b-209,Gazi,Omonia,2026-01-16 04:40:00,2026-01-16 06:00:00,casual
r-02094,b-189,Syntagma,Omonia,2026-01-22 18:06:00,2026-01-22 18:46:00,subscriber
r-02095,b-109,Syntagma,Monastiraki,2026-01-14 13:42:00,2026-01-14 14:04:00,casual
r-02096,b-194,Gazi,Monastiraki,2026-01-24 13:55:00,2026-01-24 15:03:00,subscriber
r-02097,b-041,Piraeus,Kifisia,2026-01-31 05:41:00,2026-01-31 06:03:00,subscriber
r-02098,b-063,Piraeus,Akropoli,2026-01-11 13:18:00,2026-01-11 14:33:00,subscriber
r-02099,b-138,Kifisia,Omonia,2026-01-28 23:07:00,2026-01-29 00:10:00,subscriber
r-02100,b-125,Panepistimio,Omonia,2026-01-27 12:19:00,2026-01-27 12:59:00,casual
r-02101,b-060,Gazi,Piraeus,2026-01-11 20:11:00,2026-01-11 21:12:00,subscriber
r-02102,b-181,Gazi,Syntagma,2026-01-21 14:04:00,2026-01-21 14:59:00,subscriber
r-02103,b-118,Kifisia,Akropoli,2026-01-17 19:43:00,2026-01-17 21:09:00,casual
r-02104,b-126,Omonia,Gazi,2026-01-20 09:29:00,2026-01-20 10:01:00,casual
r-02105,b-134,Omonia,Gazi,2026-01-27 22:42:00,2026-01-28 00:10:00,casual
r-02106,b-210,Monastiraki,Syntagma,2026-01-16 21:05:00,2026-01-16 21:48:00,casual
r-02107,b-102,Kifisia,Gazi,2026-01-24 07:37:00,2026-01-24 07:58:00,subscriber
r-02108,b-215,Omonia,Syntagma,2026-01-21 23:57:00,2026-01-22 00:01:00,casual
r-02109,b-018,Monastiraki,Omonia,2026-01-26 13:44:00,2026-01-26 14:47:00,casual
r-02110,b-264,Monastiraki,Omonia,2026-01-02 10:08:00,2026-01-02 10:32:00,casual
r-02111,b-286,Omonia,Akropoli,2026-01-20 13:19:00,2026-01-20 14:07:00,subscriber
r-02112,b-173,Gazi,Kifisia,2026-01-14 16:27:00,2026-01-14 16:45:00,subscriber
r-02113,b-210,Gazi,Panepistimio,2026-01-03 09:24:00,2026-01-03 09:36:00,casual
r-02114,b-069,Kifisia,Gazi,2026-01-21 03:53:00,2026-01-21 04:33:00,subscriber
r-02115,b-004,Monastiraki,Omonia,2026-01-28 03:57:00,2026-01-28 05:05:00,casual
r-02116,b-225,Piraeus,Omonia,2026-01-30 21:19:00,2026-01-30 22:20:00,subscriber
r-02117,b-050,Akropoli,Kifisia,2026-01-24 11:36:00,2026-01-24 12:54:00,subscriber
r-02118,b-289,Gazi,Syntagma,2026-01-14 20:47:00,2026-01-14 21:53:00,casual
r-02119,b-092,Piraeus,Omonia,2026-01-14 07:34:00,2026-01-14 08:18:00,subscriber
r-02120,b-143,Piraeus,Akropoli,2026-01-03 05:48:00,2026-01-03 06:17:00,casual
r-02121,b-061,Akropoli,Monastiraki,2026-01-05 20:38:00,2026-01-05 21:25:00,casual
r-02122,b-087,Kifisia,Monastiraki,2026-01-13 19:06:00,2026-01-13 20:11:00,casual
r-02123,b-143,Monastiraki,Omonia,2026-01-13 03:21:00,2026-01-13 04:41:00,subscriber
r-02124,b-021,Omonia,Syntagma,2026-01-05 16:49:00,2026-01-05 17:18:00,subscriber
r-02125,b-105,Syntagma,Panepistimio,2026-01-01 15:16:00,2026-01-01 16:21:00,casual
r-02126,b-065,Kifisia,Akropoli,2026-01-27 07:51:00,2026-01-27 08:48:00,casual
r-02127,b-222,Monastiraki,Akropoli,2026-01-14 18:09:00,2026-01-14 18:26:00,casual
r-02128,b-060,Omonia,Panepistimio,2026-01-13 07:19:00,2026-01-13 07:33:00,casual
r-02129,b-081,Monastiraki,Panepistimio,2026-01-04 22:21:00,2026-01-04 22:52:00,casual
r-02130,b-162,Monastiraki,Piraeus,2026-01-13 21:35:00,2026-01-13 22:36:00,subscriber
r-02131,b-286,Gazi,Monastiraki,2026-01-21 01:21:00,2026-01-21 01:36:00,subscriber
r-02132,b-071,Syntagma,Omonia,2026-01-30 05:02:00,2026-01-30 06:25:00,casual
r-02133,b-241,Panepistimio,Omonia,2026-01-11 08:31:00,2026-01-11 10:00:00,subscriber
r-02134,b-068,Kifisia,Omonia,2026-01-23 09:12:00,2026-01-23 09:38:00,subscriber
r-02135,b-223,Panepistimio,Syntagma,2026-01-30 05:20:00,2026-01-30 05:34:00,subscriber
r-02136,b-092,Panepistimio,Piraeus,2026-01-23 15:57:00,2026-01-23 17:11:00,subscriber
r-02137,b-299,Piraeus,Gazi,2026-01-20 08:44:00,2026-01-20 09:20:00,subscriber
r-02138,b-093,Kifisia,Akropoli,2026-01-30 08:33:00,2026-01-30 09:20:00,casual
r-02139,b-201,Kifisia,Panepistimio,2026-01-11 21:17:00,2026-01-11 21:57:00,casual
r-02140,b-113,Akropoli,Syntagma,2026-01-26 01:33:00,2026-01-26 02:37:00,subscriber
r-02141,b-127,Kifisia,Omonia,2026-01-14 09:46:00,2026-01-14 10:42:00,casual
r-02142,b-059,Kifisia,Omonia,2026-01-06 14:30:00,2026-01-06 14:55:00,casual
r-02143,b-251,Kifisia,Piraeus,2026-01-19 10:49:00,2026-01-19 11:08:00,casual
r-02144,b-260,Akropoli,Omonia,2026-01-12 00:31:00,2026-01-12 00:37:00,subscriber
r-02145,b-163,Gazi,Omonia,2026-01-19 22:44:00,2026-01-19 22:54:00,casual
r-02146,b-134,Piraeus,Panepistimio,2026-01-19 03:29:00,2026-01-19 04:28:00,subscriber
r-02147,b-024,Panepistimio,Omonia,2026-01-13 13:04:00,2026-01-13 14:09:00,casual
r-02148,b-086,Panepistimio,Gazi,2026-01-21 16:56:00,2026-01-21 17:51:00,subscriber
r-02149,b-277,Gazi,Monastiraki,2026-01-29 18:58:00,2026-01-29 19:15:00,subscriber
r-02150,b-171,Monastiraki,Kifisia,2026-01-02 07:03:00,2026-01-02 07:54:00,casual
r-02151,b-108,Syntagma,Gazi,2026-01-26 11:54:00,2026-01-26 12:05:00,casual
r-02152,b-275,Omonia,Kifisia,2026-01-25 16:52:00,2026-01-25 17:20:00,casual
r-02153,b-170,Omonia,Panepistimio,2026-01-11 18:29:00,2026-01-11 19:09:00,casual
r-02154,b-019,Panepistimio,Syntagma,2026-01-11 03:30:00,2026-01-11 04:43:00,subscriber
r-02155,b-249,Piraeus,Kifisia,2026-01-25 07:08:00,2026-01-25 07:24:00,subscriber
r-02156,b-118,Akropoli,Syntagma,2026-01-08 11:25:00,2026-01-08 12:04:00,subscriber
r-02157,b-194,Monastiraki,Kifisia,2026-01-02 20:53:00,2026-01-02 21:30:00,casual
r-02158,b-038,Monastiraki,Syntagma,2026-01-07 07:17:00,2026-01-07 07:54:00,casual
r-02159,b-201,Omonia,Syntagma,2026-01-02 06:00:00,2026-01-02 06:04:00,subscriber
r-02160,b-263,Gazi,Panepistimio,2026-01-28 21:34:00,2026-01-28 22:16:00,subscriber
r-02161,b-052,Kifisia,Monastiraki,2026-01-15 02:01:00,2026-01-15 02:39:00,casual
r-02162,b-150,Kifisia,Panepistimio,2026-01-31 04:34:00,2026-01-31 05:50:00,casual
r-02163,b-143,Piraeus,Akropoli,2026-01-05 13:38:00,2026-01-05 14:09:00,casual
r-02164,b-009,Panepistimio,Akropoli,2026-01-14 06:39:00,2026-01-14 07:50:00,casual
r-02165,b-115,Monastiraki,Akropoli,2026-01-19 05:57:00,2026-01-19 06:47:00,subscriber
r-02166,b-245,Kifisia,Omonia,2026-01-19 10:00:00,2026-01-19 10:32:00,subscriber
r-02167,b-043,Gazi,Monastiraki,2026-01-30 14:07:00,2026-01-30 14:49:00,subscriber
r-02168,b-251,Panepistimio,Kifisia,2026-01-26 20:38:00,2026-01-26 21:02:00,subscriber
r-02169,b-243,Piraeus,Akropoli,2026-01-05 03:37:00,2026-01-05 03:58:00,subscriber
r-02170,b-160,Akropoli,Panepistimio,2026-01-04 00:22:00,2026-01-04 01:28:00,casual
r-02171,b-290,Gazi,Piraeus,2026-01-08 04:30:00,2026-01-08 04:37:00,casual
r-02172,b-288,Panepistimio,Kifisia,2026-01-01 14:05:00,2026-01-01 14:42:00,casual
r-02173,b-121,Gazi,Piraeus,2026-01-26 03:55:00,2026-01-26 05:01:00,casual
r-02174,b-218,Monastiraki,Syntagma,2026-01-22 07:56:00,2026-01-22 09:00:00,subscriber
r-02175,b-267,Syntagma,Omonia,2026-01-18 10:20:00,2026-01-18 10:39:00,subscriber
r-02176,b-059,Kifisia,Piraeus,2026-01-08 21:31:00,2026-01-08 21:59:00,subscriber
r-02177,b-269,Omonia,Piraeus,2026-01-20 15:19:00,2026-01-20 16:25:00,casual
r-02178,b-005,Piraeus,Panepistimio,2026-01-07 16:46:00,2026-01-07 17:59:00,casual
r-02179,b-139,Akropoli,Piraeus,2026-01-06 16:25:00,2026-01-06 17:23:00,casual
r-02180,b-149,Omonia,Monastiraki,2026-01-29 07:51:00,2026-01-29 08:41:00,subscriber
r-02181,b-237,Akropoli,Panepistimio,2026-01-29 06:39:00,2026-01-29 07:29:00,subscriber
r-02182,b-243,Omonia,Gazi,2026-01-16 08:38:00,2026-01-16 08:58:00,subscriber
r-02183,b-241,Omonia,Monastiraki,2026-01-15 19:00:00,2026-01-15 19:56:00,subscriber
r-02184,b-049,Panepistimio,Monastiraki,2026-01-01 14:07:00,2026-01-01 14:49:00,casual
r-02185,b-240,Syntagma,Gazi,2026-01-16 09:34:00,2026-01-16 09:49:00,subscriber
r-02186,b-008,Panepistimio,Omonia,2026-01-04 08:55:00,2026-01-04 09:42:00,subscriber
r-02187,b-157,Piraeus,Akropoli,2026-01-13 19:54:00,2026-01-13 20:33:00,casual
r-02188,b-278,Akropoli,Gazi,2026-01-29 18:07:00,2026-01-29 19:01:00,subscriber
r-02189,b-111,Omonia,Syntagma,2026-01-04 20:37:00,2026-01-04 21:55:00,casual
r-02190,b-268,Monastiraki,Omonia,2026-01-09 10:46:00,2026-01-09 11:22:00,casual
r-02191,b-243,Akropoli,Kifisia,2026-01-16 08:37:00,2026-01-16 09:53:00,subscriber
r-02192,b-047,Panepistimio,Monastiraki,2026-01-08 23:36:00,2026-01-08 23:39:00,subscriber
r-02193,b-001,Kifisia,Piraeus,2026-01-07 20:33:00,2026-01-07 20:57:00,casual
r-02194,b-226,Omonia,Gazi,2026-01-04 20:57:00,2026-01-04 21:06:00,casual
r-02195,b-061,Akropoli,Gazi,2026-01-22 19:12:00,2026-01-22 19:56:00,subscriber
r-02196,b-198,Piraeus,Kifisia,2026-01-26 19:49:00,2026-01-26 20:42:00,casual
r-02197,b-041,Gazi,Akropoli,2026-01-17 11:44:00,2026-01-17 12:26:00,subscriber
r-02198,b-074,Akropoli,Piraeus,2026-01-08 21:26:00,2026-01-08 22:50:00,casual
r-02199,b-129,Kifisia,Gazi,2026-01-26 20:12:00,2026-01-26 21:11:00,subscriber
r-02200,b-013,Gazi,Monastiraki,2026-01-26 17:22:00,2026-01-26 18:20:00,casual
r-02201,b-218,Gazi,Piraeus,2026-01-22 13:04:00,2026-01-22 14:32:00,subscriber
r-02202,b-192,Panepistimio,Akropoli,2026-01-29 09:54:00,2026-01-29 11:08:00,subscriber
r-02203,b-270,Kifisia,Omonia,2026-01-01 19:39:00,2026-01-01 20:07:00,subscriber
r-02204,b-049,Akropoli,Omonia,2026-01-01 14:07:00,2026-01-01 15:25:00,casual
r-02205,b-140,Syntagma,Gazi,2026-01-12 21:10:00,2026-01-12 22:17:00,subscriber
r-02206,b-023,Kifisia,Panepistimio,2026-01-30 18:56:00,2026-01-30 19:34:00,casual
r-02207,b-016,Syntagma,Gazi,2026-01-13 19:28:00,2026-01-13 20:51:00,casual
r-02208,b-089,Kifisia,Panepistimio,2026-01-28 23:36:00,2026-01-29 00:59:00,casual
r-02209,b-190,Monastiraki,Syntagma,2026-01-30 19:17:00,2026-01-30 20:29:00,subscriber
r-02210,b-068,Omonia,Kifisia,2026-01-29 05:28:00,2026-01-29 05:50:00,subscriber
r-02211,b-032,Syntagma,Akropoli,2026-01-20 10:17:00,2026-01-20 10:35:00,casual
r-02212,b-100,Akropoli,Kifisia,2026-01-05 18:28:00,2026-01-05 19:40:00,subscriber
r-02213,b-087,Gazi,Piraeus,2026-01-16 11:21:00,2026-01-16 12:50:00,casual
r-02214,b-032,Piraeus,Panepistimio,2026-01-24 19:58:00,2026-01-24 20:02:00,subscriber
r-02215,b-137,Omonia,Piraeus,2026-01-10 02:44:00,2026-01-10 03:51:00,subscriber
r-02216,b-102,Syntagma,Panepistimio,2026-01-09 04:30:00,2026-01-09 05:29:00,casual
r-02217,b-141,Syntagma,Panepistimio,2026-01-09 04:55:00,2026-01-09 06:19:00,casual
r-02218,b-045,Kifisia,Akropoli,2026-01-06 16:34:00,2026-01-06 17:20:00,casual
r-02219,b-045,Monastiraki,Omonia,2026-01-05 08:17:00,2026-01-05 08:34:00,subscriber
r-02220,b-087,Syntagma,Kifisia,2026-01-15 18:47:00,2026-01-15 20:05:00,subscriber
r-02221,b-042,Gazi,Panepistimio,2026-01-11 05:35:00,2026-01-11 06:59:00,subscriber
r-02222,b-068,Panepistimio,Piraeus,2026-01-15 08:10:00,2026-01-15 09:40:00,casual
r-02223,b-143,Akropoli,Monastiraki,2026-01-03 18:15:00,2026-01-03 19:06:00,subscriber
r-02224,b-097,Piraeus,Monastiraki,2026-01-27 01:10:00,2026-01-27 01:53:00,casual
r-02225,b-226,Akropoli,Omonia,2026-01-10 09:36:00,2026-01-10 10:01:00,casual
r-02226,b-187,Gazi,Akropoli,2026-01-05 12:56:00,2026-01-05 14:01:00,casual
r-02227,b-088,Kifisia,Piraeus,2026-01-30 13:02:00,2026-01-30 14:11:00,subscriber
r-02228,b-292,Omonia,Gazi,2026-01-27 23:13:00,2026-01-28 00:05:00,subscriber
r-02229,b-176,Akropoli,Monastiraki,2026-01-21 01:53:00,2026-01-21 02:40:00,casual
r-02230,b-112,Panepistimio,Omonia,2026-01-05 11:07:00,2026-01-05 12:15:00,casual
r-02231,b-096,Monastiraki,Gazi,2026-01-13 04:54:00,2026-01-13 05:01:00,casual
r-02232,b-289,Gazi,Omonia,2026-01-07 16:42:00,2026-01-07 17:44:00,casual
r-02233,b-054,Syntagma,Panepistimio,2026-01-31 07:02:00,2026-01-31 08:20:00,casual
r-02234,b-172,Piraeus,Panepistimio,2026-01-01 16:37:00,2026-01-01 17:00:00,casual
r-02235,b-157,Omonia,Panepistimio,2026-01-30 19:39:00,2026-01-30 19:54:00,subscriber
r-02236,b-012,Omonia,Kifisia,2026-01-22 13:54:00,2026-01-22 15:06:00,casual
r-02237,b-205,Piraeus,Gazi,2026-01-29 09:30:00,2026-01-29 10:31:00,casual
r-02238,b-173,Gazi,Akropoli,2026-01-12 10:03:00,2026-01-12 10:38:00,casual
r-02239,b-260,Syntagma,Omonia,2026-01-19 14:09:00,2026-01-19 14:50:00,subscriber
r-02240,b-206,Akropoli,Gazi,2026-01-20 11:49:00,2026-01-20 12:46:00,subscriber
r-02241,b-269,Omonia,Panepistimio,2026-01-08 19:09:00,2026-01-08 20:17:00,subscriber
r-02242,b-171,Omonia,Piraeus,2026-01-27 04:23:00,2026-01-27 04:43:00,subscriber
r-02243,b-178,Omonia,Kifisia,2026-01-05 10:44:00,2026-01-05 11:26:00,casual
r-02244,b-076,Kifisia,Syntagma,2026-01-19 08:31:00,2026-01-19 08:55:00,subscriber
r-02245,b-095,Akropoli,Syntagma,2026-01-09 03:56:00,2026-01-09 04:37:00,subscriber
r-02246,b-126,Monastiraki,Piraeus,2026-01-10 14:04:00,2026-01-10 15:02:00,subscriber
r-02247,b-082,Syntagma,Akropoli,2026-01-26 14:35:00,2026-01-26 15:25:00,casual
r-02248,b-109,Piraeus,Gazi,2026-01-05 21:07:00,2026-01-05 22:10:00,casual
r-02249,b-050,Panepistimio,Kifisia,2026-01-18 11:00:00,2026-01-18 12:02:00,casual
r-02250,b-168,Omonia,Akropoli,2026-01-07 04:21:00,2026-01-07 05:04:00,casual
r-02251,b-037,Piraeus,Akropoli,2026-01-20 15:46:00,2026-01-20 17:05:00,casual
r-02252,b-092,Syntagma,Omonia,2026-01-23 13:21:00,2026-01-23 14:49:00,subscriber
r-02253,b-001,Gazi,Akropoli,2026-01-18 03:11:00,2026-01-18 04:00:00,casual
r-02254,b-256,Panepistimio,Monastiraki,2026-01-04 20:23:00,2026-01-04 21:48:00,subscriber
r-02255,b-048,Akropoli,Panepistimio,2026-01-03 08:19:00,2026-01-03 08:49:00,casual
r-02256,b-078,Omonia,Akropoli,2026-01-18 19:30:00,2026-01-18 20:56:00,casual
r-02257,b-134,Kifisia,Syntagma,2026-01-15 11:47:00,2026-01-15 12:39:00,casual
r-02258,b-265,Piraeus,Gazi,2026-01-09 12:04:00,2026-01-09 12:27:00,subscriber
r-02259,b-052,Gazi,Piraeus,2026-01-22 11:49:00,2026-01-22 12:02:00,casual
r-02260,b-295,Gazi,Monastiraki,2026-01-01 21:21:00,2026-01-01 21:44:00,casual
r-02261,b-206,Kifisia,Gazi,2026-01-22 00:38:00,2026-01-22 00:42:00,casual
r-02262,b-060,Piraeus,Omonia,2026-01-03 19:32:00,2026-01-03 20:13:00,casual
r-02263,b-172,Kifisia,Gazi,2026-01-24 04:23:00,2026-01-24 05:13:00,casual
r-02264,b-197,Piraeus,Akropoli,2026-01-06 09:58:00,2026-01-06 10:23:00,subscriber
r-02265,b-133,Gazi,Piraeus,2026-01-08 04:15:00,2026-01-08 04:18:00,subscriber
r-02266,b-025,Kifisia,Panepistimio,2026-01-24 18:24:00,2026-01-24 19:45:00,casual
r-02267,b-251,Monastiraki,Kifisia,2026-01-14 03:42:00,2026-01-14 03:50:00,casual
r-02268,b-218,Gazi,Omonia,2026-01-18 00:58:00,2026-01-18 01:07:00,casual
r-02269,b-151,Akropoli,Monastiraki,2026-01-14 19:28:00,2026-01-14 19:34:00,casual
r-02270,b-153,Kifisia,Omonia,2026-01-20 07:32:00,2026-01-20 07:37:00,subscriber
r-02271,b-019,Gazi,Piraeus,2026-01-28 10:44:00,2026-01-28 11:01:00,casual
r-02272,b-049,Monastiraki,Gazi,2026-01-12 15:34:00,2026-01-12 15:59:00,subscriber
r-02273,b-141,Kifisia,Panepistimio,2026-01-07 21:59:00,2026-01-07 23:23:00,casual
r-02274,b-269,Panepistimio,Kifisia,2026-01-22 04:17:00,2026-01-22 05:39:00,casual
r-02275,b-020,Gazi,Omonia,2026-01-03 04:23:00,2026-01-03 04:35:00,subscriber
r-02276,b-263,Monastiraki,Akropoli,2026-01-29 01:34:00,2026-01-29 02:58:00,subscriber
r-02277,b-206,Akropoli,Panepistimio,2026-01-16 16:56:00,2026-01-16 18:20:00,subscriber
r-02278,b-222,Monastiraki,Kifisia,2026-01-09 16:54:00,2026-01-09 17:29:00,subscriber
r-02279,b-264,Akropoli,Omonia,2026-01-10 01:19:00,2026-01-10 02:35:00,subscriber
r-02280,b-224,Kifisia,Monastiraki,2026-01-03 13:20:00,2026-01-03 14:10:00,casual
r-02281,b-205,Syntagma,Gazi,2026-01-09 18:50:00,2026-01-09 19:28:00,subscriber
r-02282,b-107,Syntagma,Akropoli,2026-01-14 07:12:00,2026-01-14 07:49:00,subscriber
r-02283,b-137,Omonia,Panepistimio,2026-01-20 04:33:00,2026-01-20 06:00:00,casual
r-02284,b-114,Gazi,Syntagma,2026-01-28 14:21:00,2026-01-28 15:45:00,subscriber
r-02285,b-148,Panepistimio,Syntagma,2026-01-02 03:44:00,2026-01-02 04:28:00,casual
r-02286,b-200,Gazi,Akropoli,2026-01-28 02:09:00,2026-01-28 03:05:00,casual
r-02287,b-164,Gazi,Omonia,2026-01-26 17:06:00,2026-01-26 17:10:00,casual
r-02288,b-256,Kifisia,Piraeus,2026-01-21 13:23:00,2026-01-21 13:45:00,subscriber
r-02289,b-207,Piraeus,Omonia,2026-01-25 13:20:00,2026-01-25 13:44:00,subscriber
r-02290,b-177,Kifisia,Akropoli,2026-01-27 08:01:00,2026-01-27 08:14:00,subscriber
r-02291,b-150,Gazi,Omonia,2026-01-10 18:42:00,2026-01-10 19:52:00,casual
r-02292,b-080,Kifisia,Syntagma,2026-01-21 21:09:00,2026-01-21 22:38:00,subscriber
r-02293,b-012,Piraeus,Panepistimio,2026-01-29 17:51:00,2026-01-29 18:39:00,casual
r-02294,b-276,Panepistimio,Akropoli,2026-01-26 15:46:00,2026-01-26 16:51:00,subscriber
r-02295,b-203,Monastiraki,Syntagma,2026-01-18 13:20:00,2026-01-18 14:40:00,subscriber
r-02296,b-082,Akropoli,Monastiraki,2026-01-10 22:48:00,2026-01-10 23:05:00,casual
r-02297,b-112,Gazi,Kifisia,2026-01-26 08:49:00,2026-01-26 09:44:00,casual
r-02298,b-186,Gazi,Kifisia,2026-01-28 14:32:00,2026-01-28 15:10:00,subscriber
r-02299,b-275,Gazi,Akropoli,2026-01-30 03:32:00,2026-01-30 04:56:00,casual
r-02300,b-238,Kifisia,Piraeus,2026-01-11 13:52:00,2026-01-11 14:46:00,casual
r-02301,b-148,Omonia,Akropoli,2026-01-21 18:55:00,2026-01-21 19:18:00,subscriber
r-02302,b-089,Kifisia,Gazi,2026-01-25 13:48:00,2026-01-25 14:33:00,subscriber
r-02303,b-211,Piraeus,Panepistimio,2026-01-18 18:43:00,2026-01-18 20:00:00,subscriber
r-02304,b-258,Panepistimio,Monastiraki,2026-01-30 07:08:00,2026-01-30 07:14:00,subscriber
r-02305,b-167,Piraeus,Syntagma,2026-01-28 14:53:00,2026-01-28 16:09:00,subscriber
r-02306,b-047,Kifisia,Gazi,2026-01-08 21:49:00,2026-01-08 23:04:00,casual
r-02307,b-262,Piraeus,Akropoli,2026-01-02 08:48:00,2026-01-02 10:07:00,subscriber
r-02308,b-123,Gazi,Piraeus,2026-01-08 16:16:00,2026-01-08 17:17:00,subscriber
r-02309,b-151,Gazi,Monastiraki,2026-01-22 19:44:00,2026-01-22 20:12:00,subscriber
r-02310,b-126,Kifisia,Panepistimio,2026-01-02 17:44:00,2026-01-02 18:13:00,casual
r-02311,b-057,Kifisia,Akropoli,2026-01-12 08:12:00,2026-01-12 08:37:00,casual
r-02312,b-036,Kifisia,Gazi,2026-01-08 13:57:00,2026-01-08 14:31:00,subscriber
r-02313,b-267,Piraeus,Kifisia,2026-01-02 19:18:00,2026-01-02 20:48:00,casual
r-02314,b-276,Piraeus,Omonia,2026-01-18 20:52:00,2026-01-18 21:04:00,subscriber
r-02315,b-247,Syntagma,Akropoli,2026-01-28 22:58:00,2026-01-29 00:23:00,subscriber
r-02316,b-205,Syntagma,Panepistimio,2026-01-14 15:59:00,2026-01-14 16:52:00,casual
r-02317,b-135,Monastiraki,Omonia,2026-01-20 20:07:00,2026-01-20 20:25:00,subscriber
r-02318,b-174,Piraeus,Gazi,2026-01-09 00:32:00,2026-01-09 01:21:00,subscriber
r-02319,b-050,Panepistimio,Omonia,2026-01-12 09:29:00,2026-01-12 10:33:00,casual
r-02320,b-252,Kifisia,Gazi,2026-01-30 13:16:00,2026-01-30 13:28:00,subscriber
r-02321,b-228,Akropoli,Piraeus,2026-01-13 03:59:00,2026-01-13 04:45:00,casual
r-02322,b-019,Akropoli,Gazi,2026-01-21 19:55:00,2026-01-21 20:31:00,subscriber
r-02323,b-114,Akropoli,Syntagma,2026-01-08 01:40:00,2026-01-08 02:49:00,casual
r-02324,b-082,Akropoli,Omonia,2026-01-26 23:32:00,2026-01-27 00:21:00,casual
r-02325,b-066,Akropoli,Monastiraki,2026-01-22 23:08:00,2026-01-23 00:07:00,subscriber
r-02326,b-117,Piraeus,Omonia,2026-01-28 23:29:00,2026-01-29 00:09:00,subscriber
r-02327,b-300,Akropoli,Monastiraki,2026-01-10 23:11:00,2026-01-11 00:28:00,subscriber
r-02328,b-088,Piraeus,Panepistimio,2026-01-13 03:21:00,2026-01-13 04:10:00,casual
r-02329,b-192,Gazi,Akropoli,2026-01-30 15:15:00,2026-01-30 15:37:00,casual
r-02330,b-269,Omonia,Kifisia,2026-01-23 10:01:00,2026-01-23 11:26:00,casual
r-02331,b-034,Piraeus,Syntagma,2026-01-09 07:34:00,2026-01-09 08:38:00,casual
r-02332,b-077,Panepistimio,Monastiraki,2026-01-11 13:34:00,2026-01-11 14:16:00,casual
r-02333,b-256,Panepistimio,Omonia,2026-01-29 00:47:00,2026-01-29 01:05:00,casual
r-02334,b-269,Syntagma,Kifisia,2026-01-27 05:56:00,2026-01-27 07:20:00,subscriber
r-02335,b-051,Syntagma,Akropoli,2026-01-10 13:13:00,2026-01-10 14:02:00,casual
r-02336,b-274,Akropoli,Gazi,2026-01-24 10:14:00,2026-01-24 10:25:00,subscriber
r-02337,b-132,Panepistimio,Monastiraki,2026-01-03 21:08:00,2026-01-03 22:08:00,subscriber
r-02338,b-234,Panepistimio,Piraeus,2026-01-30 22:51:00,2026-01-30 23:25:00,subscriber
r-02339,b-143,Akropoli,Gazi,2026-01-03 03:56:00,2026-01-03 05:16:00,subscriber
r-02340,b-156,Omonia,Gazi,2026-01-09 23:32:00,2026-01-09 23:43:00,subscriber
r-02341,b-298,Panepistimio,Gazi,2026-01-10 18:53:00,2026-01-10 19:25:00,casual
r-02342,b-038,Syntagma,Panepistimio,2026-01-22 11:06:00,2026-01-22 11:21:00,subscriber
r-02343,b-244,Kifisia,Syntagma,2026-01-23 02:25:00,2026-01-23 02:42:00,subscriber
r-02344,b-250,Panepistimio,Gazi,2026-01-05 21:05:00,2026-01-05 22:17:00,casual
r-02345,b-058,Piraeus,Kifisia,2026-01-27 05:51:00,2026-01-27 05:55:00,casual
r-02346,b-129,Kifisia,Syntagma,2026-01-30 13:55:00,2026-01-30 14:22:00,casual
r-02347,b-091,Kifisia,Gazi,2026-01-28 16:50:00,2026-01-28 17:27:00,casual
r-02348,b-154,Akropoli,Piraeus,2026-01-24 10:05:00,2026-01-24 11:09:00,casual
r-02349,b-288,Gazi,Omonia,2026-01-25 13:17:00,2026-01-25 13:51:00,casual
r-02350,b-094,Monastiraki,Kifisia,2026-01-29 19:40:00,2026-01-29 20:39:00,casual
r-02351,b-084,Kifisia,Panepistimio,2026-01-01 15:07:00,2026-01-01 15:50:00,subscriber
r-02352,b-227,Akropoli,Syntagma,2026-01-04 07:36:00,2026-01-04 08:34:00,casual
r-02353,b-056,Omonia,Monastiraki,2026-01-30 08:44:00,2026-01-30 10:14:00,subscriber
r-02354,b-272,Akropoli,Omonia,2026-01-11 00:53:00,2026-01-11 01:35:00,casual
r-02355,b-108,Akropoli,Gazi,2026-01-06 00:24:00,2026-01-06 01:54:00,subscriber
r-02356,b-203,Panepistimio,Kifisia,2026-01-16 01:38:00,2026-01-16 02:01:00,subscriber
r-02357,b-265,Omonia,Panepistimio,2026-01-08 12:30:00,2026-01-08 13:51:00,casual
r-02358,b-138,Piraeus,Kifisia,2026-01-31 01:47:00,2026-01-31 03:06:00,subscriber
r-02359,b-075,Akropoli,Omonia,2026-01-13 07:06:00,2026-01-13 08:09:00,casual
r-02360,b-158,Gazi,Panepistimio,2026-01-16 12:30:00,2026-01-16 13:18:00,casual
r-02361,b-207,Piraeus,Syntagma,2026-01-26 23:15:00,2026-01-27 00:08:00,subscriber
r-02362,b-141,Omonia,Akropoli,2026-01-19 22:30:00,2026-01-19 23:18:00,subscriber
r-02363,b-192,Akropoli,Omonia,2026-01-10 12:52:00,2026-01-10 13:21:00,subscriber
r-02364,b-286,Piraeus,Omonia,2026-01-15 23:32:00,2026-01-16 00:29:00,subscriber
r-02365,b-141,Kifisia,Piraeus,2026-01-11 02:48:00,2026-01-11 04:10:00,subscriber
r-02366,b-246,Omonia,Panepistimio,2026-01-04 17:17:00,2026-01-04 17:51:00,casual
r-02367,b-250,Piraeus,Gazi,2026-01-03 10:14:00,2026-01-03 11:41:00,subscriber
r-02368,b-052,Piraeus,Syntagma,2026-01-14 01:59:00,2026-01-14 03:19:00,subscriber
r-02369,b-190,Akropoli,Gazi,2026-01-30 10:38:00,2026-01-30 11:24:00,casual
r-02370,b-038,Kifisia,Monastiraki,2026-01-14 06:27:00,2026-01-14 06:44:00,casual
r-02371,b-154,Omonia,Gazi,2026-01-20 03:57:00,2026-01-20 04:19:00,subscriber
r-02372,b-168,Kifisia,Monastiraki,2026-01-26 21:40:00,2026-01-26 21:54:00,casual
r-02373,b-012,Akropoli,Piraeus,2026-01-26 16:02:00,2026-01-26 17:12:00,subscriber
r-02374,b-229,Gazi,Kifisia,2026-01-04 10:16:00,2026-01-04 10:59:00,subscriber
r-02375,b-236,Kifisia,Monastiraki,2026-01-09 17:07:00,2026-01-09 17:51:00,casual
r-02376,b-012,Akropoli,Omonia,2026-01-16 11:44:00,2026-01-16 12:12:00,subscriber
r-02377,b-203,Piraeus,Panepistimio,2026-01-06 18:11:00,2026-01-06 19:36:00,casual
r-02378,b-192,Syntagma,Gazi,2026-01-03 12:27:00,2026-01-03 13:37:00,subscriber
r-02379,b-168,Syntagma,Gazi,2026-01-27 01:54:00,2026-01-27 02:52:00,casual
r-02380,b-035,Gazi,Piraeus,2026-01-14 04:43:00,2026-01-14 05:59:00,subscriber
r-02381,b-082,Monastiraki,Gazi,2026-01-27 01:27:00,2026-01-27 01:41:00,subscriber
r-02382,b-038,Panepistimio,Kifisia,2026-01-27 10:52:00,2026-01-27 11:54:00,casual
r-02383,b-078,Kifisia,Gazi,2026-01-13 22:24:00,2026-01-13 23:26:00,casual
r-02384,b-271,Gazi,Panepistimio,2026-01-04 15:45:00,2026-01-04 16:11:00,casual
r-02385,b-200,Akropoli,Syntagma,2026-01-02 07:27:00,2026-01-02 08:21:00,subscriber
r-02386,b-078,Gazi,Panepistimio,2026-01-01 17:19:00,2026-01-01 17:50:00,casual
r-02387,b-235,Gazi,Akropoli,2026-01-11 11:27:00,2026-01-11 12:44:00,subscriber
r-02388,b-076,Omonia,Monastiraki,2026-01-27 11:26:00,2026-01-27 12:14:00,subscriber
r-02389,b-274,Monastiraki,Syntagma,2026-01-15 08:56:00,2026-01-15 09:22:00,subscriber
r-02390,b-168,Gazi,Syntagma,2026-01-07 03:04:00,2026-01-07 04:16:00,casual
r-02391,b-156,Panepistimio,Monastiraki,2026-01-11 19:20:00,2026-01-11 20:47:00,subscriber
r-02392,b-182,Panepistimio,Monastiraki,2026-01-20 15:25:00,2026-01-20 16:02:00,subscriber
r-02393,b-193,Monastiraki,Kifisia,2026-01-07 13:58:00,2026-01-07 14:57:00,subscriber
r-02394,b-229,Piraeus,Syntagma,2026-01-21 12:54:00,2026-01-21 13:23:00,casual
r-02395,b-195,Panepistimio,Kifisia,2026-01-19 12:00:00,2026-01-19 12:28:00,subscriber
r-02396,b-108,Monastiraki,Omonia,2026-01-05 13:25:00,2026-01-05 13:50:00,subscriber
r-02397,b-163,Gazi,Piraeus,2026-01-23 14:14:00,2026-01-23 15:34:00,casual
r-02398,b-260,Monastiraki,Kifisia,2026-01-10 00:36:00,2026-01-10 01:05:00,casual
r-02399,b-009,Monastiraki,Akropoli,2026-01-23 02:04:00,2026-01-23 02:39:00,subscriber
r-02400,b-052,Piraeus,Kifisia,2026-01-18 15:05:00,2026-01-18 16:01:00,casual
r-02401,b-154,Monastiraki,Akropoli,2026-01-17 17:38:00,2026-01-17 18:20:00,subscriber
r-02402,b-009,Piraeus,Panepistimio,2026-01-05 04:14:00,2026-01-05 05:40:00,casual
r-02403,b-128,Syntagma,Omonia,2026-01-30 19:05:00,2026-01-30 19:49:00,subscriber
r-02404,b-080,Omonia,Gazi,2026-01-27 00:40:00,2026-01-27 00:44:00,subscriber
r-02405,b-108,Syntagma,Gazi,2026-01-22 17:09:00,2026-01-22 17:16:00,casual
r-02406,b-081,Piraeus,Kifisia,2026-01-18 05:59:00,2026-01-18 07:21:00,casual
r-02407,b-093,Omonia,Piraeus,2026-01-09 04:19:00,2026-01-09 04:44:00,casual
r-02408,b-105,Syntagma,Akropoli,2026-01-06 07:29:00,2026-01-06 07:52:00,casual
r-02409,b-136,Gazi,Kifisia,2026-01-19 16:53:00,2026-01-19 18:16:00,casual
r-02410,b-241,Gazi,Syntagma,2026-01-02 15:06:00,2026-01-02 15:12:00,subscriber
r-02411,b-194,Syntagma,Gazi,2026-01-07 21:39:00,2026-01-07 22:34:00,subscriber
r-02412,b-115,Syntagma,Panepistimio,2026-01-08 12:45:00,2026-01-08 13:00:00,subscriber
r-02413,b-238,Monastiraki,Akropoli,2026-01-20 10:37:00,2026-01-20 10:48:00,casual
r-02414,b-001,Omonia,Kifisia,2026-01-25 18:14:00,2026-01-25 19:13:00,casual
r-02415,b-166,Akropoli,Monastiraki,2026-01-23 00:11:00,2026-01-23 01:14:00,casual
r-02416,b-253,Monastiraki,Akropoli,2026-01-29 06:13:00,2026-01-29 07:41:00,subscriber
r-02417,b-074,Omonia,Kifisia,2026-01-07 01:26:00,2026-01-07 01:57:00,subscriber
r-02418,b-054,Piraeus,Omonia,2026-01-05 01:46:00,2026-01-05 02:01:00,subscriber
r-02419,b-155,Omonia,Piraeus,2026-01-11 15:05:00,2026-01-11 15:40:00,casual
r-02420,b-068,Akropoli,Kifisia,2026-01-22 08:47:00,2026-01-22 10:15:00,casual
r-02421,b-018,Omonia,Gazi,2026-01-20 12:57:00,2026-01-20 13:47:00,casual
r-02422,b-008,Panepistimio,Monastiraki,2026-01-30 02:10:00,2026-01-30 02:19:00,subscriber
r-02423,b-204,Panepistimio,Monastiraki,2026-01-30 05:11:00,2026-01-30 05:18:00,casual
r-02424,b-177,Kifisia,Panepistimio,2026-01-01 20:47:00,2026-01-01 22:03:00,subscriber
r-02425,b-110,Piraeus,Panepistimio,2026-01-29 22:43:00,2026-01-29 23:59:00,casual
r-02426,b-144,Kifisia,Syntagma,2026-01-29 14:38:00,2026-01-29 15:14:00,casual
r-02427,b-250,Akropoli,Omonia,2026-01-16 16:22:00,2026-01-16 16:48:00,casual
r-02428,b-266,Gazi,Kifisia,2026-01-05 17:24:00,2026-01-05 18:52:00,casual
r-02429,b-014,Piraeus,Gazi,2026-01-04 04:56:00,2026-01-04 05:45:00,subscriber
r-02430,b-057,Kifisia,Piraeus,2026-01-05 15:18:00,2026-01-05 15:50:00,subscriber
r-02431,b-178,Omonia,Kifisia,2026-01-26 09:15:00,2026-01-26 09:55:00,casual
r-02432,b-259,Monastiraki,Kifisia,2026-01-21 22:19:00,2026-01-21 23:17:00,subscriber
r-02433,b-114,Panepistimio,Monastiraki,2026-01-19 10:14:00,2026-01-19 11:22:00,subscriber
r-02434,b-272,Omonia,Gazi,2026-01-10 09:00:00,2026-01-10 09:48:00,subscriber
r-02435,b-272,Panepistimio,Piraeus,2026-01-25 14:20:00,2026-01-25 15:09:00,subscriber
r-02436,b-085,Monastiraki,Piraeus,2026-01-18 09:01:00,2026-01-18 09:24:00,subscriber
r-02437,b-104,Piraeus,Kifisia,2026-01-08 06:04:00,2026-01-08 07:16:00,casual
r-02438,b-268,Akropoli,Panepistimio,2026-01-03 13:25:00,2026-01-03 14:19:00,casual
r-02439,b-154,Gazi,Monastiraki,2026-01-23 00:30:00,2026-01-23 01:32:00,subscriber
r-02440,b-035,Akropoli,Monastiraki,2026-01-04 17:46:00,2026-01-04 18:21:00,subscriber
r-02441,b-083,Omonia,Akropoli,2026-01-20 00:14:00,2026-01-20 00:34:00,subscriber
r-02442,b-100,Piraeus,Panepistimio,2026-01-19 03:20:00,2026-01-19 03:43:00,subscriber
r-02443,b-072,Panepistimio,Omonia,2026-01-17 06:44:00,2026-01-17 06:56:00,casual
r-02444,b-228,Omonia,Monastiraki,2026-01-06 22:51:00,2026-01-07 00:08:00,subscriber
r-02445,b-061,Syntagma,Piraeus,2026-01-13 20:53:00,2026-01-13 21:37:00,casual
r-02446,b-225,Kifisia,Monastiraki,2026-01-25 04:36:00,2026-01-25 04:52:00,casual
r-02447,b-037,Kifisia,Monastiraki,2026-01-07 00:23:00,2026-01-07 01:35:00,casual
r-02448,b-131,Piraeus,Kifisia,2026-01-13 17:12:00,2026-01-13 17:20:00,subscriber
r-02449,b-087,Piraeus,Akropoli,2026-01-29 20:44:00,2026-01-29 21:46:00,casual
r-02450,b-186,Monastiraki,Syntagma,2026-01-14 13:57:00,2026-01-14 14:28:00,subscriber
r-02451,b-054,Piraeus,Syntagma,2026-01-23 20:09:00,2026-01-23 21:07:00,casual
r-02452,b-129,Gazi,Panepistimio,2026-01-13 21:19:00,2026-01-13 21:54:00,casual
r-02453,b-249,Monastiraki,Piraeus,2026-01-05 02:45:00,2026-01-05 02:49:00,subscriber
r-02454,b-223,Panepistimio,Gazi,2026-01-27 23:49:00,2026-01-28 00:55:00,casual
r-02455,b-266,Piraeus,Akropoli,2026-01-06 01:33:00,2026-01-06 02:38:00,casual
r-02456,b-051,Monastiraki,Gazi,2026-01-03 05:59:00,2026-01-03 07:19:00,subscriber
r-02457,b-216,Gazi,Akropoli,2026-01-06 16:18:00,2026-01-06 16:51:00,casual
r-02458,b-236,Kifisia,Piraeus,2026-01-03 03:32:00,2026-01-03 04:19:00,subscriber
r-02459,b-014,Piraeus,Gazi,2026-01-19 11:28:00,2026-01-19 12:51:00,subscriber
r-02460,b-169,Syntagma,Piraeus,2026-01-27 03:14:00,2026-01-27 03:40:00,subscriber
r-02461,b-234,Syntagma,Piraeus,2026-01-14 15:14:00,2026-01-14 16:09:00,casual
r-02462,b-128,Gazi,Omonia,2026-01-17 15:40:00,2026-01-17 17:10:00,casual
r-02463,b-135,Gazi,Panepistimio,2026-01-21 15:09:00,2026-01-21 15:18:00,subscriber
r-02464,b-206,Gazi,Piraeus,2026-01-10 20:41:00,2026-01-10 21:55:00,casual
r-02465,b-181,Monastiraki,Panepistimio,2026-01-09 03:55:00,2026-01-09 05:01:00,subscriber
r-02466,b-047,Monastiraki,Piraeus,2026-01-15 17:44:00,2026-01-15 18:26:00,casual
r-02467,b-096,Kifisia,Gazi,2026-01-15 13:47:00,2026-01-15 15:09:00,casual
r-02468,b-173,Kifisia,Omonia,2026-01-10 12:48:00,2026-01-10 13:24:00,casual
r-02469,b-009,Omonia,Panepistimio,2026-01-17 18:48:00,2026-01-17 19:11:00,subscriber
r-02470,b-287,Akropoli,Gazi,2026-01-09 23:18:00,2026-01-10 00:35:00,casual
r-02471,b-039,Omonia,Akropoli,2026-01-26 19:34:00,2026-01-26 20:45:00,subscriber
r-02472,b-135,Piraeus,Kifisia,2026-01-05 13:58:00,2026-01-05 14:12:00,subscriber
r-02473,b-069,Gazi,Panepistimio,2026-01-16 19:32:00,2026-01-16 20:43:00,casual
r-02474,b-116,Monastiraki,Panepistimio,2026-01-06 01:11:00,2026-01-06 01:51:00,casual
r-02475,b-141,Omonia,Piraeus,2026-01-03 04:32:00,2026-01-03 05:06:00,subscriber
r-02476,b-116,Panepistimio,Monastiraki,2026-01-23 20:07:00,2026-01-23 20:38:00,casual
r-02477,b-152,Omonia,Syntagma,2026-01-30 19:40:00,2026-01-30 20:10:00,subscriber
r-02478,b-225,Kifisia,Piraeus,2026-01-02 06:41:00,2026-01-02 08:02:00,casual
r-02479,b-096,Panepistimio,Akropoli,2026-01-26 15:39:00,2026-01-26 16:52:00,casual
r-02480,b-134,Piraeus,Gazi,2026-01-29 21:07:00,2026-01-29 22:23:00,casual
r-02481,b-121,Gazi,Omonia,2026-01-13 07:52:00,2026-01-13 08:50:00,casual
r-02482,b-069,Monastiraki,Piraeus,2026-01-25 22:13:00,2026-01-25 23:01:00,casual
r-02483,b-260,Omonia,Syntagma,2026-01-12 13:40:00,2026-01-12 14:51:00,casual
r-02484,b-117,Monastiraki,Kifisia,2026-01-25 16:45:00,2026-01-25 17:28:00,casual
r-02485,b-138,Panepistimio,Akropoli,2026-01-30 16:28:00,2026-01-30 17:41:00,subscriber
r-02486,b-224,Kifisia,Panepistimio,2026-01-22 06:42:00,2026-01-22 08:04:00,subscriber
r-02487,b-030,Kifisia,Akropoli,2026-01-09 03:09:00,2026-01-09 03:14:00,casual
r-02488,b-182,Monastiraki,Piraeus,2026-01-23 00:36:00,2026-01-23 00:57:00,subscriber
r-02489,b-015,Akropoli,Piraeus,2026-01-13 21:33:00,2026-01-13 22:48:00,casual
r-02490,b-232,Piraeus,Monastiraki,2026-01-20 22:34:00,2026-01-20 22:54:00,casual
r-02491,b-120,Akropoli,Omonia,2026-01-25 20:04:00,2026-01-25 21:33:00,casual
r-02492,b-004,Gazi,Kifisia,2026-01-07 21:32:00,2026-01-07 22:44:00,subscriber
r-02493,b-037,Monastiraki,Kifisia,2026-01-17 15:24:00,2026-01-17 16:42:00,subscriber
r-02494,b-100,Omonia,Piraeus,2026-01-25 10:39:00,2026-01-25 11:34:00,subscriber
r-02495,b-254,Omonia,Syntagma,2026-01-28 17:01:00,2026-01-28 17:26:00,subscriber
r-02496,b-294,Monastiraki,Akropoli,2026-01-16 10:24:00,2026-01-16 10:38:00,casual
r-02497,b-176,Kifisia,Monastiraki,2026-01-19 21:10:00,2026-01-19 22:01:00,subscriber
r-02498,b-221,Gazi,Monastiraki,2026-01-05 16:42:00,2026-01-05 17:24:00,casual
r-02499,b-206,Omonia,Panepistimio,2026-01-24 01:47:00,2026-01-24 02:01:00,subscriber
r-02500,b-232,Monastiraki,Panepistimio,2026-01-11 15:33:00,2026-01-11 16:20:00,subscriber
r-02501,b-032,Syntagma,Gazi,2026-01-25 04:12:00,2026-01-25 04:47:00,subscriber
r-02502,b-271,Omonia,Syntagma,2026-01-18 07:34:00,2026-01-18 07:49:00,subscriber
r-02503,b-015,Piraeus,Omonia,2026-01-01 13:05:00,2026-01-01 13:49:00,casual
r-02504,b-256,Panepistimio,Piraeus,2026-01-04 11:47:00,2026-01-04 12:12:00,subscriber
r-02505,b-080,Gazi,Syntagma,2026-01-25 16:35:00,2026-01-25 17:05:00,casual
r-02506,b-091,Kifisia,Gazi,2026-01-27 10:56:00,2026-01-27 11:21:00,subscriber
r-02507,b-062,Syntagma,Gazi,2026-01-21 14:10:00,2026-01-21 14:16:00,casual
r-02508,b-093,Gazi,Piraeus,2026-01-14 14:19:00,2026-01-14 14:35:00,subscriber
r-02509,b-080,Panepistimio,Gazi,2026-01-05 20:55:00,2026-01-05 22:01:00,casual
r-02510,b-230,Piraeus,Kifisia,2026-01-22 00:37:00,2026-01-22 02:04:00,subscriber
r-02511,b-188,Gazi,Monastiraki,2026-01-26 13:37:00,2026-01-26 13:48:00,subscriber
r-02512,b-207,Panepistimio,Kifisia,2026-01-12 05:32:00,2026-01-12 06:37:00,subscriber
r-02513,b-051,Kifisia,Piraeus,2026-01-17 15:22:00,2026-01-17 15:32:00,subscriber
r-02514,b-280,Piraeus,Kifisia,2026-01-31 03:13:00,2026-01-31 03:57:00,subscriber
r-02515,b-102,Omonia,Akropoli,2026-01-14 04:37:00,2026-01-14 05:21:00,casual
r-02516,b-194,Piraeus,Panepistimio,2026-01-29 20:07:00,2026-01-29 21:04:00,subscriber
r-02517,b-165,Kifisia,Syntagma,2026-01-23 15:43:00,2026-01-23 15:49:00,casual
r-02518,b-148,Akropoli,Panepistimio,2026-01-29 01:54:00,2026-01-29 02:46:00,subscriber
r-02519,b-158,Panepistimio,Syntagma,2026-01-25 08:13:00,2026-01-25 08:21:00,subscriber
r-02520,b-015,Syntagma,Gazi,2026-01-30 12:04:00,2026-01-30 12:47:00,subscriber
r-02521,b-276,Panepistimio,Omonia,2026-01-15 02:53:00,2026-01-15 03:45:00,subscriber
r-02522,b-190,Omonia,Gazi,2026-01-21 01:49:00,2026-01-21 02:57:00,subscriber
r-02523,b-114,Kifisia,Monastiraki,2026-01-11 02:17:00,2026-01-11 02:32:00,casual
r-02524,b-293,Kifisia,Monastiraki,2026-01-04 15:41:00,2026-01-04 16:10:00,subscriber
r-02525,b-060,Panepistimio,Piraeus,2026-01-03 09:24:00,2026-01-03 10:15:00,casual
r-02526,b-200,Gazi,Monastiraki,2026-01-01 13:10:00,2026-01-01 13:43:00,subscriber
r-02527,b-073,Syntagma,Omonia,2026-01-18 06:05:00,2026-01-18 06:59:00,subscriber
r-02528,b-293,Akropoli,Panepistimio,2026-01-29 15:07:00,2026-01-29 16:35:00,casual
r-02529,b-006,Akropoli,Panepistimio,2026-01-10 15:46:00,2026-01-10 17:12:00,casual
r-02530,b-098,Akropoli,Kifisia,2026-01-20 03:48:00,2026-01-20 04:39:00,casual
r-02531,b-203,Syntagma,Piraeus,2026-01-12 20:48:00,2026-01-12 22:07:00,subscriber
r-02532,b-059,Panepistimio,Syntagma,2026-01-21 18:34:00,2026-01-21 18:53:00,subscriber
r-02533,b-275,Monastiraki,Omonia,2026-01-08 13:35:00,2026-01-08 14:40:00,casual
r-02534,b-275,Piraeus,Omonia,2026-01-08 22:48:00,2026-01-08 23:23:00,casual
r-02535,b-062,Akropoli,Syntagma,2026-01-14 06:58:00,2026-01-14 08:13:00,casual
r-02536,b-066,Kifisia,Monastiraki,2026-01-10 12:46:00,2026-01-10 13:00:00,subscriber
r-02537,b-118,Monastiraki,Syntagma,2026-01-22 16:13:00,2026-01-22 17:17:00,subscriber
r-02538,b-035,Monastiraki,Kifisia,2026-01-18 23:52:00,2026-01-19 00:18:00,subscriber
r-02539,b-074,Gazi,Panepistimio,2026-01-21 04:10:00,2026-01-21 05:31:00,casual
r-02540,b-108,Panepistimio,Kifisia,2026-01-28 12:05:00,2026-01-28 12:13:00,casual
r-02541,b-175,Syntagma,Omonia,2026-01-03 07:47:00,2026-01-03 09:02:00,casual
r-02542,b-029,Kifisia,Monastiraki,2026-01-09 07:43:00,2026-01-09 08:30:00,casual
r-02543,b-033,Akropoli,Gazi,2026-01-18 15:05:00,2026-01-18 15:27:00,subscriber
r-02544,b-225,Panepistimio,Omonia,2026-01-09 16:56:00,2026-01-09 18:19:00,subscriber
r-02545,b-271,Panepistimio,Gazi,2026-01-21 09:10:00,2026-01-21 09:21:00,casual
r-02546,b-163,Omonia,Gazi,2026-01-26 16:13:00,2026-01-26 16:36:00,subscriber
r-02547,b-266,Monastiraki,Akropoli,2026-01-06 09:38:00,2026-01-06 11:08:00,subscriber
r-02548,b-020,Gazi,Omonia,2026-01-29 11:39:00,2026-01-29 12:03:00,subscriber
r-02549,b-196,Panepistimio,Syntagma,2026-01-06 01:22:00,2026-01-06 02:52:00,subscriber
r-02550,b-291,Piraeus,Kifisia,2026-01-26 22:37:00,2026-01-26 22:47:00,subscriber
r-02551,b-280,Syntagma,Gazi,2026-01-11 13:14:00,2026-01-11 14:37:00,subscriber
r-02552,b-198,Kifisia,Akropoli,2026-01-02 05:37:00,2026-01-02 07:03:00,casual
r-02553,b-122,Kifisia,Gazi,2026-01-29 08:53:00,2026-01-29 09:45:00,casual
r-02554,b-233,Gazi,Piraeus,2026-01-29 05:07:00,2026-01-29 05:42:00,casual
r-02555,b-074,Gazi,Monastiraki,2026-01-08 07:16:00,2026-01-08 08:17:00,casual
r-02556,b-083,Piraeus,Omonia,2026-01-30 07:52:00,2026-01-30 08:17:00,casual
r-02557,b-022,Akropoli,Monastiraki,2026-01-02 06:52:00,2026-01-02 07:50:00,casual
r-02558,b-065,Panepistimio,Akropoli,2026-01-20 00:14:00,2026-01-20 01:26:00,casual
r-02559,b-236,Piraeus,Panepistimio,2026-01-10 19:18:00,2026-01-10 20:12:00,casual
r-02560,b-173,Kifisia,Omonia,2026-01-21 12:50:00,2026-01-21 13:42:00,casual
r-02561,b-112,Panepistimio,Monastiraki,2026-01-19 11:41:00,2026-01-19 12:01:00,subscriber
r-02562,b-281,Gazi,Panepistimio,2026-01-27 04:49:00,2026-01-27 05:16:00,casual
r-02563,b-202,Akropoli,Monastiraki,2026-01-18 09:23:00,2026-01-18 10:48:00,subscriber
r-02564,b-212,Kifisia,Omonia,2026-01-22 17:37:00,2026-01-22 17:53:00,subscriber
r-02565,b-081,Gazi,Akropoli,2026-01-10 09:48:00,2026-01-10 10:18:00,casual
r-02566,b-013,Omonia,Akropoli,2026-01-24 21:14:00,2026-01-24 22:12:00,subscriber
r-02567,b-289,Omonia,Panepistimio,2026-01-18 21:34:00,2026-01-18 22:49:00,subscriber
r-02568,b-211,Panepistimio,Monastiraki,2026-01-30 12:24:00,2026-01-30 13:18:00,casual
r-02569,b-250,Omonia,Kifisia,2026-01-22 15:48:00,2026-01-22 16:22:00,casual
r-02570,b-050,Syntagma,Piraeus,2026-01-29 02:40:00,2026-01-29 04:01:00,subscriber
r-02571,b-028,Syntagma,Kifisia,2026-01-05 05:39:00,2026-01-05 05:44:00,casual
r-02572,b-078,Gazi,Monastiraki,2026-01-05 10:14:00,2026-01-05 10:57:00,subscriber
r-02573,b-162,Gazi,Akropoli,2026-01-15 07:56:00,2026-01-15 08:07:00,casual
r-02574,b-156,Omonia,Panepistimio,2026-01-22 22:55:00,2026-01-22 23:41:00,subscriber
r-02575,b-213,Omonia,Monastiraki,2026-01-26 21:43:00,2026-01-26 22:06:00,subscriber
r-02576,b-288,Piraeus,Monastiraki,2026-01-25 13:25:00,2026-01-25 14:47:00,casual
r-02577,b-076,Monastiraki,Piraeus,2026-01-14 03:10:00,2026-01-14 03:44:00,casual
r-02578,b-243,Omonia,Akropoli,2026-01-05 18:01:00,2026-01-05 18:09:00,casual
r-02579,b-186,Syntagma,Gazi,2026-01-23 00:52:00,2026-01-23 01:16:00,casual
r-02580,b-011,Omonia,Akropoli,2026-01-27 22:51:00,2026-01-28 00:07:00,casual
r-02581,b-190,Gazi,Syntagma,2026-01-27 03:04:00,2026-01-27 03:51:00,subscriber
r-02582,b-202,Akropoli,Piraeus,2026-01-09 09:35:00,2026-01-09 09:55:00,subscriber
r-02583,b-165,Panepistimio,Piraeus,2026-01-06 09:12:00,2026-01-06 10:40:00,casual
r-02584,b-214,Kifisia,Syntagma,2026-01-05 02:44:00,2026-01-05 03:32:00,subscriber
r-02585,b-144,Panepistimio,Gazi,2026-01-17 22:54:00,2026-01-17 23:29:00,subscriber
r-02586,b-123,Omonia,Syntagma,2026-01-23 14:47:00,2026-01-23 15:30:00,casual
r-02587,b-021,Piraeus,Omonia,2026-01-13 07:23:00,2026-01-13 08:23:00,casual
r-02588,b-283,Monastiraki,Panepistimio,2026-01-31 05:17:00,2026-01-31 06:18:00,subscriber
r-02589,b-294,Syntagma,Piraeus,2026-01-07 06:42:00,2026-01-07 08:04:00,subscriber
r-02590,b-195,Panepistimio,Akropoli,2026-01-15 02:38:00,2026-01-15 03:29:00,casual
r-02591,b-193,Akropoli,Piraeus,2026-01-02 23:18:00,2026-01-03 00:47:00,casual
r-02592,b-176,Piraeus,Panepistimio,2026-01-18 00:38:00,2026-01-18 01:46:00,subscriber
r-02593,b-145,Panepistimio,Akropoli,2026-01-17 02:11:00,2026-01-17 02:47:00,casual
r-02594,b-164,Monastiraki,Kifisia,2026-01-05 02:59:00,2026-01-05 03:59:00,subscriber
r-02595,b-039,Monastiraki,Omonia,2026-01-02 09:07:00,2026-01-02 09:26:00,subscriber
r-02596,b-122,Omonia,Gazi,2026-01-18 07:50:00,2026-01-18 08:01:00,subscriber
r-02597,b-175,Syntagma,Piraeus,2026-01-04 18:22:00,2026-01-04 18:26:00,subscriber
r-02598,b-170,Kifisia,Gazi,2026-01-08 10:39:00,2026-01-08 11:56:00,subscriber
r-02599,b-072,Syntagma,Piraeus,2026-01-29 05:05:00,2026-01-29 05:23:00,subscriber
r-02600,b-047,Monastiraki,Piraeus,2026-01-05 00:38:00,2026-01-05 01:04:00,subscriber
r-02601,b-026,Panepistimio,Monastiraki,2026-01-21 00:55:00,2026-01-21 02:25:00,subscriber
r-02602,b-102,Panepistimio,Akropoli,2026-01-18 22:35:00,2026-01-18 23:19:00,casual
r-02603,b-032,Kifisia,Omonia,2026-01-28 21:19:00,2026-01-28 21:45:00,casual
r-02604,b-091,Syntagma,Monastiraki,2026-01-09 17:59:00,2026-01-09 19:06:00,subscriber
r-02605,b-064,Panepistimio,Piraeus,2026-01-13 07:33:00,2026-01-13 07:54:00,subscriber
r-02606,b-117,Gazi,Kifisia,2026-01-09 21:33:00,2026-01-09 21:59:00,subscriber
r-02607,b-212,Akropoli,Gazi,2026-01-19 07:04:00,2026-01-19 08:28:00,casual
r-02608,b-177,Akropoli,Kifisia,2026-01-11 06:23:00,2026-01-11 07:20:00,subscriber
r-02609,b-083,Akropoli,Omonia,2026-01-25 11:30:00,2026-01-25 11:33:00,subscriber
r-02610,b-031,Kifisia,Omonia,2026-01-04 03:18:00,2026-01-04 03:29:00,casual
r-02611,b-046,Kifisia,Syntagma,2026-01-04 23:19:00,2026-01-05 00:48:00,casual
r-02612,b-135,Monastiraki,Gazi,2026-01-28 02:24:00,2026-01-28 03:13:00,casual
r-02613,b-256,Kifisia,Omonia,2026-01-21 20:22:00,2026-01-21 21:10:00,casual
r-02614,b-088,Panepistimio,Monastiraki,2026-01-23 14:12:00,2026-01-23 14:55:00,subscriber
r-02615,b-167,Kifisia,Panepistimio,2026-01-17 09:27:00,2026-01-17 10:22:00,casual
r-02616,b-073,Kifisia,Monastiraki,2026-01-22 10:24:00,2026-01-22 11:26:00,casual
r-02617,b-163,Omonia,Kifisia,2026-01-20 10:18:00,2026-01-20 10:24:00,casual
r-02618,b-008,Piraeus,Omonia,2026-01-30 02:31:00,2026-01-30 02:53:00,casual
r-02619,b-049,Omonia,Monastiraki,2026-01-09 04:43:00,2026-01-09 05:05:00,subscriber
r-02620,b-173,Omonia,Panepistimio,2026-01-19 03:23:00,2026-01-19 04:26:00,subscriber
r-02621,b-156,Piraeus,Monastiraki,2026-01-02 07:40:00,2026-01-02 08:46:00,casual
r-02622,b-256,Kifisia,Akropoli,2026-01-11 16:45:00,2026-01-11 17:12:00,casual
r-02623,b-031,Kifisia,Gazi,2026-01-21 03:15:00,2026-01-21 03:38:00,casual
r-02624,b-245,Gazi,Piraeus,2026-01-06 03:47:00,2026-01-06 03:58:00,casual
r-02625,b-111,Kifisia,Piraeus,2026-01-07 18:31:00,2026-01-07 19:04:00,casual
r-02626,b-082,Akropoli,Piraeus,2026-01-23 15:45:00,2026-01-23 15:49:00,casual
r-02627,b-063,Piraeus,Akropoli,2026-01-30 00:37:00,2026-01-30 01:19:00,subscriber
r-02628,b-192,Gazi,Piraeus,2026-01-25 10:30:00,2026-01-25 11:09:00,subscriber
r-02629,b-010,Kifisia,Syntagma,2026-01-18 03:39:00,2026-01-18 04:54:00,casual
r-02630,b-168,Panepistimio,Monastiraki,2026-01-18 04:08:00,2026-01-18 05:04:00,subscriber
r-02631,b-144,Kifisia,Piraeus,2026-01-15 13:22:00,2026-01-15 14:46:00,casual
r-02632,b-165,Panepistimio,Monastiraki,2026-01-27 14:28:00,2026-01-27 15:13:00,subscriber
r-02633,b-128,Panepistimio,Kifisia,2026-01-28 07:32:00,2026-01-28 08:53:00,casual
r-02634,b-262,Syntagma,Panepistimio,2026-01-26 23:16:00,2026-01-27 00:19:00,subscriber
r-02635,b-271,Gazi,Syntagma,2026-01-18 19:35:00,2026-01-18 19:56:00,casual
r-02636,b-231,Akropoli,Syntagma,2026-01-22 09:22:00,2026-01-22 10:42:00,casual
r-02637,b-031,Omonia,Panepistimio,2026-01-10 03:00:00,2026-01-10 03:38:00,casual
r-02638,b-183,Syntagma,Panepistimio,2026-01-12 13:20:00,2026-01-12 13:51:00,casual
r-02639,b-249,Akropoli,Omonia,2026-01-26 21:43:00,2026-01-26 22:04:00,casual
r-02640,b-097,Panepistimio,Kifisia,2026-01-28 20:34:00,2026-01-28 21:45:00,subscriber
r-02641,b-259,Panepistimio,Gazi,2026-01-14 18:53:00,2026-01-14 19:03:00,casual
r-02642,b-006,Piraeus,Gazi,2026-01-12 15:07:00,2026-01-12 15:58:00,casual
r-02643,b-013,Omonia,Panepistimio,2026-01-13 05:04:00,2026-01-13 05:33:00,subscriber
r-02644,b-189,Piraeus,Syntagma,2026-01-30 23:45:00,2026-01-31 01:10:00,casual
r-02645,b-081,Piraeus,Akropoli,2026-01-08 01:14:00,2026-01-08 02:14:00,casual
r-02646,b-142,Akropoli,Panepistimio,2026-01-15 15:04:00,2026-01-15 15:20:00,subscriber
r-02647,b-066,Akropoli,Monastiraki,2026-01-28 22:30:00,2026-01-28 23:31:00,casual
r-02648,b-168,Syntagma,Kifisia,2026-01-02 02:31:00,2026-01-02 02:49:00,casual
r-02649,b-193,Gazi,Kifisia,2026-01-18 02:51:00,2026-01-18 03:12:00,subscriber
r-02650,b-092,Gazi,Panepistimio,2026-01-29 22:54:00,2026-01-29 23:52:00,casual
r-02651,b-290,Akropoli,Omonia,2026-01-29 05:38:00,2026-01-29 05:45:00,subscriber
r-02652,b-033,Omonia,Akropoli,2026-01-24 14:55:00,2026-01-24 15:05:00,subscriber
r-02653,b-084,Monastiraki,Gazi,2026-01-07 16:49:00,2026-01-07 17:11:00,subscriber
r-02654,b-042,Gazi,Omonia,2026-01-05 12:20:00,2026-01-05 13:09:00,casual
r-02655,b-280,Kifisia,Panepistimio,2026-01-16 23:16:00,2026-01-16 23:27:00,subscriber
r-02656,b-080,Piraeus,Gazi,2026-01-25 05:05:00,2026-01-25 06:01:00,subscriber
r-02657,b-134,Omonia,Syntagma,2026-01-10 18:22:00,2026-01-10 19:22:00,subscriber
r-02658,b-116,Syntagma,Monastiraki,2026-01-12 05:20:00,2026-01-12 05:30:00,casual
r-02659,b-120,Panepistimio,Kifisia,2026-01-03 06:18:00,2026-01-03 06:26:00,subscriber
r-02660,b-199,Gazi,Omonia,2026-01-07 14:22:00,2026-01-07 15:29:00,casual
r-02661,b-013,Akropoli,Panepistimio,2026-01-02 05:01:00,2026-01-02 06:09:00,casual
r-02662,b-019,Syntagma,Omonia,2026-01-26 08:46:00,2026-01-26 08:57:00,subscriber
r-02663,b-179,Kifisia,Syntagma,2026-01-11 18:40:00,2026-01-11 19:57:00,subscriber
r-02664,b-109,Omonia,Akropoli,2026-01-27 19:14:00,2026-01-27 20:04:00,subscriber
r-02665,b-285,Akropoli,Omonia,2026-01-25 17:42:00,2026-01-25 17:45:00,casual
r-02666,b-104,Omonia,Kifisia,2026-01-24 14:01:00,2026-01-24 14:53:00,casual
r-02667,b-202,Gazi,Omonia,2026-01-16 13:20:00,2026-01-16 13:48:00,subscriber
r-02668,b-229,Kifisia,Syntagma,2026-01-30 22:28:00,2026-01-30 23:07:00,casual
r-02669,b-199,Monastiraki,Syntagma,2026-01-10 15:28:00,2026-01-10 15:54:00,subscriber
r-02670,b-110,Akropoli,Kifisia,2026-01-10 16:33:00,2026-01-10 17:01:00,casual
r-02671,b-118,Syntagma,Piraeus,2026-01-17 18:14:00,2026-01-17 19:16:00,casual
r-02672,b-007,Syntagma,Panepistimio,2026-01-11 04:48:00,2026-01-11 05:56:00,subscriber
r-02673,b-199,Panepistimio,Akropoli,2026-01-09 13:36:00,2026-01-09 14:21:00,casual
r-02674,b-246,Omonia,Akropoli,2026-01-22 04:07:00,2026-01-22 05:00:00,casual
r-02675,b-016,Monastiraki,Syntagma,2026-01-12 15:26:00,2026-01-12 15:38:00,subscriber
r-02676,b-228,Syntagma,Panepistimio,2026-01-01 20:14:00,2026-01-01 20:52:00,casual
r-02677,b-189,Monastiraki,Syntagma,2026-01-27 04:31:00,2026-01-27 04:54:00,subscriber
r-02678,b-191,Piraeus,Gazi,2026-01-30 17:21:00,2026-01-30 17:48:00,subscriber
r-02679,b-018,Syntagma,Panepistimio,2026-01-14 01:48:00,2026-01-14 02:44:00,subscriber
r-02680,b-105,Akropoli,Panepistimio,2026-01-15 01:55:00,2026-01-15 02:16:00,subscriber
r-02681,b-090,Syntagma,Akropoli,2026-01-30 07:27:00,2026-01-30 08:57:00,subscriber
r-02682,b-297,Panepistimio,Akropoli,2026-01-06 10:58:00,2026-01-06 11:12:00,casual
r-02683,b-079,Kifisia,Syntagma,2026-01-13 14:59:00,2026-01-13 15:04:00,subscriber
r-02684,b-020,Piraeus,Syntagma,2026-01-04 07:10:00,2026-01-04 08:03:00,casual
r-02685,b-007,Piraeus,Monastiraki,2026-01-21 00:23:00,2026-01-21 01:25:00,subscriber
r-02686,b-145,Akropoli,Piraeus,2026-01-31 05:11:00,2026-01-31 05:22:00,casual
r-02687,b-140,Syntagma,Piraeus,2026-01-10 13:24:00,2026-01-10 14:01:00,subscriber
r-02688,b-023,Syntagma,Piraeus,2026-01-12 00:29:00,2026-01-12 01:29:00,casual
r-02689,b-025,Panepistimio,Piraeus,2026-01-26 18:30:00,2026-01-26 19:35:00,casual
r-02690,b-242,Gazi,Panepistimio,2026-01-17 21:37:00,2026-01-17 21:51:00,subscriber
r-02691,b-283,Gazi,Piraeus,2026-01-18 07:42:00,2026-01-18 09:09:00,subscriber
r-02692,b-090,Gazi,Panepistimio,2026-01-15 22:18:00,2026-01-15 23:42:00,casual
r-02693,b-150,Gazi,Kifisia,2026-01-18 06:26:00,2026-01-18 07:28:00,subscriber
r-02694,b-222,Piraeus,Omonia,2026-01-23 20:08:00,2026-01-23 21:37:00,subscriber
r-02695,b-184,Omonia,Panepistimio,2026-01-28 17:42:00,2026-01-28 18:17:00,casual
r-02696,b-176,Omonia,Syntagma,2026-01-21 20:21:00,2026-01-21 21:33:00,subscriber
r-02697,b-294,Omonia,Kifisia,2026-01-28 14:02:00,2026-01-28 14:48:00,subscriber
r-02698,b-215,Monastiraki,Kifisia,2026-01-10 16:48:00,2026-01-10 17:41:00,subscriber
r-02699,b-054,Syntagma,Gazi,2026-01-24 03:38:00,2026-01-24 04:50:00,subscriber
r-02700,b-117,Omonia,Piraeus,2026-01-12 22:13:00,2026-01-12 23:26:00,casual
r-02701,b-192,Gazi,Piraeus,2026-01-23 14:18:00,2026-01-23 14:35:00,casual
r-02702,b-296,Piraeus,Monastiraki,2026-01-25 03:23:00,2026-01-25 04:50:00,casual
r-02703,b-233,Panepistimio,Piraeus,2026-01-19 21:38:00,2026-01-19 21:54:00,subscriber
r-02704,b-074,Monastiraki,Akropoli,2026-01-09 21:42:00,2026-01-09 21:45:00,subscriber
r-02705,b-108,Piraeus,Omonia,2026-01-15 06:50:00,2026-01-15 07:23:00,subscriber
r-02706,b-152,Syntagma,Monastiraki,2026-01-10 00:37:00,2026-01-10 00:43:00,subscriber
r-02707,b-130,Monastiraki,Syntagma,2026-01-10 18:11:00,2026-01-10 18:37:00,casual
r-02708,b-207,Gazi,Piraeus,2026-01-06 17:55:00,2026-01-06 18:52:00,subscriber
r-02709,b-192,Gazi,Panepistimio,2026-01-28 12:41:00,2026-01-28 13:22:00,subscriber
r-02710,b-022,Kifisia,Gazi,2026-01-15 03:48:00,2026-01-15 04:45:00,casual
r-02711,b-016,Gazi,Omonia,2026-01-02 18:25:00,2026-01-02 19:31:00,casual
r-02712,b-180,Monastiraki,Akropoli,2026-01-22 21:17:00,2026-01-22 22:09:00,casual
r-02713,b-045,Syntagma,Akropoli,2026-01-02 13:50:00,2026-01-02 14:41:00,casual
r-02714,b-126,Monastiraki,Syntagma,2026-01-12 19:25:00,2026-01-12 20:37:00,subscriber
r-02715,b-241,Gazi,Monastiraki,2026-01-22 00:38:00,2026-01-22 01:29:00,subscriber
r-02716,b-211,Kifisia,Monastiraki,2026-01-16 00:39:00,2026-01-16 01:21:00,subscriber
r-02717,b-015,Omonia,Gazi,2026-01-01 19:14:00,2026-01-01 20:44:00,casual
r-02718,b-141,Omonia,Akropoli,2026-01-04 11:28:00,2026-01-04 12:35:00,casual
r-02719,b-300,Syntagma,Panepistimio,2026-01-25 17:05:00,2026-01-25 18:31:00,subscriber
r-02720,b-151,Omonia,Akropoli,2026-01-24 20:24:00,2026-01-24 21:29:00,subscriber
r-02721,b-057,Gazi,Panepistimio,2026-01-03 03:29:00,2026-01-03 04:09:00,subscriber
r-02722,b-128,Kifisia,Panepistimio,2026-01-04 19:54:00,2026-01-04 20:22:00,subscriber
r-02723,b-193,Omonia,Kifisia,2026-01-18 23:02:00,2026-01-19 00:28:00,subscriber
r-02724,b-299,Panepistimio,Omonia,2026-01-15 02:10:00,2026-01-15 02:36:00,casual
r-02725,b-085,Monastiraki,Syntagma,2026-01-11 17:50:00,2026-01-11 18:49:00,subscriber
r-02726,b-255,Syntagma,Akropoli,2026-01-07 08:10:00,2026-01-07 09:30:00,casual
r-02727,b-279,Gazi,Piraeus,2026-01-20 21:38:00,2026-01-20 21:43:00,subscriber
r-02728,b-224,Syntagma,Panepistimio,2026-01-20 09:14:00,2026-01-20 10:17:00,casual
r-02729,b-184,Monastiraki,Panepistimio,2026-01-04 09:06:00,2026-01-04 09:17:00,casual
r-02730,b-062,Panepistimio,Monastiraki,2026-01-19 14:21:00,2026-01-19 15:28:00,subscriber
r-02731,b-101,Omonia,Piraeus,2026-01-08 16:56:00,2026-01-08 17:10:00,casual
r-02732,b-035,Akropoli,Panepistimio,2026-01-26 04:17:00,2026-01-26 05:07:00,subscriber
r-02733,b-021,Monastiraki,Gazi,2026-01-27 19:49:00,2026-01-27 20:44:00,subscriber
r-02734,b-201,Akropoli,Monastiraki,2026-01-10 13:07:00,2026-01-10 13:28:00,subscriber
r-02735,b-269,Syntagma,Monastiraki,2026-01-18 06:10:00,2026-01-18 06:20:00,casual
r-02736,b-071,Syntagma,Panepistimio,2026-01-27 23:36:00,2026-01-28 00:46:00,casual
r-02737,b-244,Panepistimio,Monastiraki,2026-01-12 10:09:00,2026-01-12 11:13:00,casual
r-02738,b-199,Monastiraki,Omonia,2026-01-23 02:54:00,2026-01-23 03:24:00,subscriber
r-02739,b-262,Omonia,Kifisia,2026-01-07 23:35:00,2026-01-08 01:03:00,subscriber
r-02740,b-085,Monastiraki,Gazi,2026-01-04 10:16:00,2026-01-04 11:20:00,subscriber
r-02741,b-135,Gazi,Monastiraki,2026-01-29 20:47:00,2026-01-29 21:42:00,casual
r-02742,b-165,Syntagma,Kifisia,2026-01-04 01:10:00,2026-01-04 02:08:00,casual
r-02743,b-231,Gazi,Panepistimio,2026-01-02 14:13:00,2026-01-02 14:40:00,subscriber
r-02744,b-081,Piraeus,Gazi,2026-01-07 03:04:00,2026-01-07 04:08:00,subscriber
r-02745,b-039,Akropoli,Panepistimio,2026-01-28 14:14:00,2026-01-28 15:23:00,casual
r-02746,b-288,Piraeus,Syntagma,2026-01-28 15:09:00,2026-01-28 15:15:00,subscriber
r-02747,b-143,Syntagma,Panepistimio,2026-01-07 22:59:00,2026-01-08 00:24:00,casual
r-02748,b-275,Gazi,Omonia,2026-01-14 02:44:00,2026-01-14 03:46:00,casual
r-02749,b-287,Kifisia,Panepistimio,2026-01-15 08:34:00,2026-01-15 09:37:00,subscriber
r-02750,b-251,Monastiraki,Piraeus,2026-01-22 16:37:00,2026-01-22 17:23:00,casual
r-02751,b-138,Monastiraki,Panepistimio,2026-01-25 13:53:00,2026-01-25 15:02:00,casual
r-02752,b-166,Panepistimio,Omonia,2026-01-14 11:36:00,2026-01-14 12:55:00,subscriber
r-02753,b-099,Gazi,Omonia,2026-01-27 02:14:00,2026-01-27 02:41:00,casual
r-02754,b-136,Piraeus,Omonia,2026-01-24 21:26:00,2026-01-24 22:55:00,casual
r-02755,b-152,Omonia,Kifisia,2026-01-31 07:55:00,2026-01-31 08:22:00,subscriber
r-02756,b-237,Gazi,Monastiraki,2026-01-17 18:50:00,2026-01-17 20:02:00,subscriber
r-02757,b-173,Panepistimio,Monastiraki,2026-01-06 16:01:00,2026-01-06 16:41:00,subscriber
r-02758,b-201,Gazi,Monastiraki,2026-01-30 19:13:00,2026-01-30 20:19:00,casual
r-02759,b-175,Kifisia,Akropoli,2026-01-13 15:43:00,2026-01-13 16:58:00,subscriber
r-02760,b-064,Monastiraki,Panepistimio,2026-01-12 22:13:00,2026-01-12 23:33:00,casual
r-02761,b-097,Syntagma,Monastiraki,2026-01-26 09:29:00,2026-01-26 10:22:00,casual
r-02762,b-291,Akropoli,Gazi,2026-01-23 20:43:00,2026-01-23 21:44:00,casual
r-02763,b-251,Syntagma,Akropoli,2026-01-10 09:34:00,2026-01-10 10:11:00,subscriber
r-02764,b-062,Piraeus,Omonia,2026-01-23 00:19:00,2026-01-23 01:17:00,subscriber
r-02765,b-028,Gazi,Kifisia,2026-01-09 13:48:00,2026-01-09 14:06:00,subscriber
r-02766,b-275,Monastiraki,Gazi,2026-01-04 12:45:00,2026-01-04 13:23:00,casual
r-02767,b-021,Piraeus,Monastiraki,2026-01-07 03:10:00,2026-01-07 03:25:00,subscriber
r-02768,b-142,Gazi,Akropoli,2026-01-01 18:45:00,2026-01-01 19:02:00,casual
r-02769,b-293,Panepistimio,Monastiraki,2026-01-20 21:27:00,2026-01-20 22:00:00,casual
r-02770,b-012,Panepistimio,Monastiraki,2026-01-26 11:36:00,2026-01-26 12:24:00,casual
r-02771,b-278,Piraeus,Monastiraki,2026-01-11 08:09:00,2026-01-11 08:33:00,subscriber
r-02772,b-249,Akropoli,Kifisia,2026-01-08 15:11:00,2026-01-08 15:25:00,subscriber
r-02773,b-124,Piraeus,Monastiraki,2026-01-05 16:30:00,2026-01-05 17:04:00,casual
r-02774,b-144,Omonia,Monastiraki,2026-01-29 01:51:00,2026-01-29 02:15:00,subscriber
r-02775,b-297,Akropoli,Panepistimio,2026-01-01 11:27:00,2026-01-01 12:00:00,casual
r-02776,b-042,Panepistimio,Syntagma,2026-01-21 15:19:00,2026-01-21 15:49:00,casual
r-02777,b-197,Omonia,Piraeus,2026-01-21 13:06:00,2026-01-21 14:05:00,casual
r-02778,b-252,Akropoli,Monastiraki,2026-01-02 09:09:00,2026-01-02 10:21:00,casual
r-02779,b-256,Gazi,Syntagma,2026-01-25 04:16:00,2026-01-25 05:02:00,casual
r-02780,b-074,Panepistimio,Omonia,2026-01-21 10:59:00,2026-01-21 12:19:00,subscriber
r-02781,b-207,Piraeus,Monastiraki,2026-01-28 16:24:00,2026-01-28 17:54:00,subscriber
r-02782,b-141,Gazi,Panepistimio,2026-01-11 06:02:00,2026-01-11 06:45:00,subscriber
r-02783,b-241,Piraeus,Akropoli,2026-01-14 13:29:00,2026-01-14 14:01:00,subscriber
r-02784,b-012,Monastiraki,Akropoli,2026-01-26 23:17:00,2026-01-26 23:51:00,casual
r-02785,b-011,Gazi,Panepistimio,2026-01-27 08:24:00,2026-01-27 09:11:00,casual
r-02786,b-224,Piraeus,Syntagma,2026-01-21 04:32:00,2026-01-21 05:32:00,casual
r-02787,b-134,Akropoli,Omonia,2026-01-17 04:21:00,2026-01-17 04:53:00,casual
r-02788,b-300,Panepistimio,Kifisia,2026-01-08 12:41:00,2026-01-08 13:05:00,subscriber
r-02789,b-118,Gazi,Syntagma,2026-01-02 23:38:00,2026-01-03 00:29:00,subscriber
r-02790,b-041,Syntagma,Panepistimio,2026-01-08 13:24:00,2026-01-08 13:38:00,casual
r-02791,b-224,Akropoli,Monastiraki,2026-01-21 22:54:00,2026-01-21 23:16:00,casual
r-02792,b-086,Piraeus,Omonia,2026-01-09 19:11:00,2026-01-09 19:43:00,subscriber
r-02793,b-091,Syntagma,Gazi,2026-01-11 21:12:00,2026-01-11 21:26:00,casual
r-02794,b-121,Piraeus,Monastiraki,2026-01-26 06:29:00,2026-01-26 07:32:00,subscriber
r-02795,b-052,Monastiraki,Syntagma,2026-01-10 05:24:00,2026-01-10 06:44:00,casual
r-02796,b-237,Monastiraki,Kifisia,2026-01-09 11:13:00,2026-01-09 12:24:00,casual
r-02797,b-005,Omonia,Monastiraki,2026-01-09 11:25:00,2026-01-09 11:47:00,casual
r-02798,b-259,Syntagma,Gazi,2026-01-09 03:38:00,2026-01-09 04:15:00,subscriber
r-02799,b-241,Omonia,Syntagma,2026-01-19 06:08:00,2026-01-19 06:28:00,subscriber
r-02800,b-143,Gazi,Akropoli,2026-01-07 08:29:00,2026-01-07 09:02:00,casual
r-02801,b-057,Omonia,Piraeus,2026-01-12 12:28:00,2026-01-12 13:29:00,subscriber
r-02802,b-194,Syntagma,Monastiraki,2026-01-08 17:02:00,2026-01-08 18:26:00,subscriber
r-02803,b-251,Kifisia,Akropoli,2026-01-01 08:37:00,2026-01-01 09:16:00,casual
r-02804,b-239,Piraeus,Akropoli,2026-01-26 09:05:00,2026-01-26 10:17:00,casual
r-02805,b-129,Piraeus,Kifisia,2026-01-28 21:23:00,2026-01-28 22:39:00,casual
r-02806,b-019,Kifisia,Monastiraki,2026-01-08 22:17:00,2026-01-08 23:24:00,subscriber
r-02807,b-153,Gazi,Kifisia,2026-01-04 16:11:00,2026-01-04 17:30:00,subscriber
r-02808,b-154,Piraeus,Panepistimio,2026-01-28 20:09:00,2026-01-28 21:04:00,casual
r-02809,b-009,Kifisia,Monastiraki,2026-01-02 10:04:00,2026-01-02 10:47:00,subscriber
r-02810,b-072,Omonia,Akropoli,2026-01-21 03:43:00,2026-01-21 05:07:00,casual
r-02811,b-117,Omonia,Syntagma,2026-01-19 08:55:00,2026-01-19 09:29:00,casual
r-02812,b-239,Piraeus,Panepistimio,2026-01-12 20:15:00,2026-01-12 21:20:00,casual
r-02813,b-027,Omonia,Akropoli,2026-01-10 15:34:00,2026-01-10 16:36:00,subscriber
r-02814,b-192,Monastiraki,Panepistimio,2026-01-07 22:57:00,2026-01-08 00:21:00,subscriber
r-02815,b-222,Piraeus,Gazi,2026-01-17 06:53:00,2026-01-17 07:55:00,subscriber
r-02816,b-263,Gazi,Kifisia,2026-01-28 13:26:00,2026-01-28 14:06:00,casual
r-02817,b-170,Monastiraki,Panepistimio,2026-01-03 04:15:00,2026-01-03 05:19:00,subscriber
r-02818,b-052,Omonia,Syntagma,2026-01-15 10:58:00,2026-01-15 12:05:00,subscriber
r-02819,b-261,Syntagma,Monastiraki,2026-01-26 21:24:00,2026-01-26 22:01:00,subscriber
r-02820,b-230,Gazi,Syntagma,2026-01-30 00:51:00,2026-01-30 02:00:00,casual
r-02821,b-168,Kifisia,Omonia,2026-01-16 12:51:00,2026-01-16 14:12:00,casual
r-02822,b-250,Monastiraki,Akropoli,2026-01-18 01:55:00,2026-01-18 02:04:00,casual
r-02823,b-194,Monastiraki,Omonia,2026-01-24 17:23:00,2026-01-24 17:30:00,casual
r-02824,b-073,Akropoli,Monastiraki,2026-01-21 08:26:00,2026-01-21 09:50:00,subscriber
r-02825,b-202,Piraeus,Omonia,2026-01-05 13:47:00,2026-01-05 15:08:00,subscriber
r-02826,b-069,Akropoli,Syntagma,2026-01-03 05:45:00,2026-01-03 05:53:00,subscriber
r-02827,b-078,Panepistimio,Akropoli,2026-01-20 08:58:00,2026-01-20 10:13:00,casual
r-02828,b-001,Akropoli,Monastiraki,2026-01-26 05:31:00,2026-01-26 06:46:00,subscriber
r-02829,b-248,Akropoli,Piraeus,2026-01-08 18:28:00,2026-01-08 18:35:00,subscriber
r-02830,b-253,Omonia,Piraeus,2026-01-11 07:18:00,2026-01-11 08:20:00,subscriber
r-02831,b-176,Kifisia,Piraeus,2026-01-04 23:20:00,2026-01-05 00:48:00,casual
r-02832,b-168,Gazi,Piraeus,2026-01-22 16:11:00,2026-01-22 16:47:00,subscriber
r-02833,b-126,Akropoli,Kifisia,2026-01-28 04:11:00,2026-01-28 05:20:00,subscriber
r-02834,b-169,Kifisia,Omonia,2026-01-02 08:16:00,2026-01-02 09:14:00,casual
r-02835,b-154,Syntagma,Gazi,2026-01-24 00:54:00,2026-01-24 01:48:00,casual
r-02836,b-113,Panepistimio,Kifisia,2026-01-06 04:19:00,2026-01-06 04:40:00,subscriber
r-02837,b-278,Monastiraki,Piraeus,2026-01-22 11:11:00,2026-01-22 11:33:00,casual
r-02838,b-170,Piraeus,Akropoli,2026-01-20 02:43:00,2026-01-20 03:37:00,casual
r-02839,b-247,Omonia,Gazi,2026-01-05 00:36:00,2026-01-05 01:10:00,subscriber
r-02840,b-222,Piraeus,Panepistimio,2026-01-15 14:55:00,2026-01-15 15:05:00,subscriber
r-02841,b-190,Syntagma,Panepistimio,2026-01-20 04:26:00,2026-01-20 05:29:00,subscriber
r-02842,b-203,Kifisia,Panepistimio,2026-01-15 08:25:00,2026-01-15 08:58:00,subscriber
r-02843,b-125,Panepistimio,Omonia,2026-01-19 18:42:00,2026-01-19 19:40:00,subscriber
r-02844,b-193,Gazi,Akropoli,2026-01-16 15:07:00,2026-01-16 15:30:00,subscriber
r-02845,b-005,Monastiraki,Kifisia,2026-01-05 21:56:00,2026-01-05 22:09:00,subscriber
r-02846,b-078,Kifisia,Syntagma,2026-01-25 22:13:00,2026-01-25 23:10:00,subscriber
r-02847,b-069,Omonia,Syntagma,2026-01-01 10:16:00,2026-01-01 11:19:00,casual
r-02848,b-293,Gazi,Piraeus,2026-01-18 00:36:00,2026-01-18 02:05:00,subscriber
r-02849,b-052,Akropoli,Omonia,2026-01-03 04:09:00,2026-01-03 04:33:00,subscriber
r-02850,b-001,Syntagma,Gazi,2026-01-27 20:38:00,2026-01-27 20:51:00,subscriber
r-02851,b-137,Kifisia,Syntagma,2026-01-09 01:36:00,2026-01-09 02:29:00,casual
r-02852,b-146,Monastiraki,Kifisia,2026-01-29 08:13:00,2026-01-29 09:23:00,subscriber
r-02853,b-264,Akropoli,Monastiraki,2026-01-04 06:56:00,2026-01-04 07:58:00,subscriber
r-02854,b-146,Panepistimio,Piraeus,2026-01-23 22:13:00,2026-01-23 23:33:00,subscriber
r-02855,b-243,Omonia,Piraeus,2026-01-19 05:41:00,2026-01-19 06:27:00,casual
r-02856,b-206,Akropoli,Omonia,2026-01-17 15:51:00,2026-01-17 16:59:00,casual
r-02857,b-124,Gazi,Monastiraki,2026-01-12 00:49:00,2026-01-12 01:31:00,casual
r-02858,b-031,Syntagma,Monastiraki,2026-01-08 02:26:00,2026-01-08 02:48:00,subscriber
r-02859,b-077,Kifisia,Monastiraki,2026-01-08 01:18:00,2026-01-08 01:34:00,subscriber
r-02860,b-123,Gazi,Akropoli,2026-01-14 04:32:00,2026-01-14 05:17:00,casual
r-02861,b-283,Monastiraki,Piraeus,2026-01-21 03:30:00,2026-01-21 04:25:00,casual
r-02862,b-081,Syntagma,Panepistimio,2026-01-10 21:07:00,2026-01-10 22:10:00,casual
r-02863,b-017,Monastiraki,Syntagma,2026-01-10 01:09:00,2026-01-10 01:56:00,casual
r-02864,b-204,Kifisia,Panepistimio,2026-01-19 01:30:00,2026-01-19 01:56:00,casual
r-02865,b-217,Gazi,Piraeus,2026-01-21 19:05:00,2026-01-21 19:25:00,casual
r-02866,b-085,Syntagma,Kifisia,2026-01-27 02:50:00,2026-01-27 03:16:00,casual
r-02867,b-076,Kifisia,Omonia,2026-01-20 06:09:00,2026-01-20 06:23:00,subscriber
r-02868,b-104,Kifisia,Omonia,2026-01-07 17:17:00,2026-01-07 17:50:00,subscriber
r-02869,b-185,Syntagma,Piraeus,2026-01-20 08:25:00,2026-01-20 08:32:00,casual
r-02870,b-054,Gazi,Syntagma,2026-01-29 07:36:00,2026-01-29 08:26:00,casual
r-02871,b-171,Panepistimio,Monastiraki,2026-01-24 03:18:00,2026-01-24 03:46:00,casual
r-02872,b-021,Panepistimio,Akropoli,2026-01-25 11:51:00,2026-01-25 12:44:00,casual
r-02873,b-234,Akropoli,Gazi,2026-01-28 05:30:00,2026-01-28 06:43:00,subscriber
r-02874,b-033,Syntagma,Akropoli,2026-01-14 06:44:00,2026-01-14 07:29:00,casual
r-02875,b-115,Panepistimio,Omonia,2026-01-20 07:44:00,2026-01-20 08:46:00,casual
r-02876,b-118,Syntagma,Kifisia,2026-01-13 09:07:00,2026-01-13 09:48:00,casual
r-02877,b-118,Syntagma,Gazi,2026-01-19 07:14:00,2026-01-19 07:50:00,subscriber
r-02878,b-002,Panepistimio,Akropoli,2026-01-11 10:15:00,2026-01-11 11:15:00,casual
r-02879,b-280,Akropoli,Gazi,2026-01-03 12:10:00,2026-01-03 12:22:00,casual
r-02880,b-027,Akropoli,Kifisia,2026-01-02 01:51:00,2026-01-02 02:58:00,casual
r-02881,b-060,Akropoli,Kifisia,2026-01-27 17:42:00,2026-01-27 18:12:00,subscriber
r-02882,b-280,Gazi,Monastiraki,2026-01-19 00:55:00,2026-01-19 02:09:00,subscriber
r-02883,b-169,Piraeus,Syntagma,2026-01-01 23:31:00,2026-01-02 01:01:00,subscriber
r-02884,b-133,Monastiraki,Omonia,2026-01-23 04:08:00,2026-01-23 04:13:00,subscriber
r-02885,b-083,Akropoli,Panepistimio,2026-01-31 06:07:00,2026-01-31 06:47:00,casual
r-02886,b-148,Gazi,Syntagma,2026-01-10 14:55:00,2026-01-10 15:18:00,casual
r-02887,b-080,Monastiraki,Syntagma,2026-01-26 00:21:00,2026-01-26 01:34:00,subscriber
r-02888,b-139,Monastiraki,Kifisia,2026-01-01 11:38:00,2026-01-01 12:11:00,subscriber
r-02889,b-257,Gazi,Syntagma,2026-01-06 11:49:00,2026-01-06 12:49:00,casual
r-02890,b-143,Kifisia,Gazi,2026-01-24 13:54:00,2026-01-24 14:12:00,subscriber
r-02891,b-199,Gazi,Monastiraki,2026-01-17 13:07:00,2026-01-17 13:21:00,subscriber
r-02892,b-045,Syntagma,Gazi,2026-01-26 03:37:00,2026-01-26 04:12:00,subscriber
r-02893,b-268,Gazi,Monastiraki,2026-01-08 17:15:00,2026-01-08 17:36:00,subscriber
r-02894,b-175,Gazi,Syntagma,2026-01-23 02:51:00,2026-01-23 04:14:00,casual
r-02895,b-086,Piraeus,Monastiraki,2026-01-21 00:17:00,2026-01-21 00:33:00,subscriber
r-02896,b-035,Kifisia,Piraeus,2026-01-29 14:22:00,2026-01-29 15:46:00,subscriber
r-02897,b-165,Kifisia,Panepistimio,2026-01-31 05:38:00,2026-01-31 06:44:00,casual
r-02898,b-097,Syntagma,Akropoli,2026-01-10 09:29:00,2026-01-10 09:37:00,subscriber
r-02899,b-191,Syntagma,Piraeus,2026-01-27 07:37:00,2026-01-27 08:25:00,casual
r-02900,b-238,Gazi,Kifisia,2026-01-20 05:52:00,2026-01-20 05:55:00,subscriber
r-02901,b-070,Monastiraki,Gazi,2026-01-07 10:27:00,2026-01-07 10:42:00,casual
r-02902,b-017,Gazi,Syntagma,2026-01-23 19:57:00,2026-01-23 21:10:00,casual
r-02903,b-020,Piraeus,Omonia,2026-01-12 12:44:00,2026-01-12 13:26:00,subscriber
r-02904,b-133,Omonia,Piraeus,2026-01-03 19:58:00,2026-01-03 20:39:00,casual
r-02905,b-211,Gazi,Kifisia,2026-01-08 07:09:00,2026-01-08 07:47:00,subscriber
r-02906,b-158,Monastiraki,Akropoli,2026-01-25 11:57:00,2026-01-25 12:46:00,casual
r-02907,b-168,Syntagma,Panepistimio,2026-01-19 20:24:00,2026-01-19 20:29:00,subscriber
r-02908,b-059,Monastiraki,Panepistimio,2026-01-05 13:39:00,2026-01-05 13:59:00,subscriber
r-02909,b-094,Gazi,Syntagma,2026-01-13 08:34:00,2026-01-13 09:19:00,subscriber
r-02910,b-142,Panepistimio,Syntagma,2026-01-27 19:56:00,2026-01-27 20:09:00,casual
r-02911,b-282,Monastiraki,Kifisia,2026-01-26 08:58:00,2026-01-26 10:10:00,casual
r-02912,b-207,Akropoli,Syntagma,2026-01-26 11:19:00,2026-01-26 12:46:00,subscriber
r-02913,b-171,Monastiraki,Piraeus,2026-01-15 12:40:00,2026-01-15 13:36:00,casual
r-02914,b-003,Monastiraki,Syntagma,2026-01-03 16:51:00,2026-01-03 17:11:00,subscriber
r-02915,b-185,Kifisia,Piraeus,2026-01-23 00:59:00,2026-01-23 01:07:00,casual
r-02916,b-288,Akropoli,Monastiraki,2026-01-25 23:58:00,2026-01-26 00:14:00,subscriber
r-02917,b-292,Omonia,Monastiraki,2026-01-05 01:34:00,2026-01-05 02:19:00,subscriber
r-02918,b-065,Kifisia,Monastiraki,2026-01-30 01:02:00,2026-01-30 01:07:00,subscriber
r-02919,b-268,Piraeus,Syntagma,2026-01-24 12:42:00,2026-01-24 13:15:00,casual
r-02920,b-122,Kifisia,Akropoli,2026-01-27 13:54:00,2026-01-27 14:21:00,subscriber
r-02921,b-271,Piraeus,Monastiraki,2026-01-20 21:22:00,2026-01-20 21:52:00,casual
r-02922,b-211,Piraeus,Akropoli,2026-01-17 00:01:00,2026-01-17 00:21:00,casual
r-02923,b-216,Monastiraki,Piraeus,2026-01-13 14:12:00,2026-01-13 14:46:00,casual
r-02924,b-059,Kifisia,Syntagma,2026-01-30 20:09:00,2026-01-30 21:29:00,casual
r-02925,b-066,Akropoli,Piraeus,2026-01-28 05:14:00,2026-01-28 05:41:00,subscriber
r-02926,b-128,Monastiraki,Piraeus,2026-01-30 11:56:00,2026-01-30 13:13:00,subscriber
r-02927,b-024,Panepistimio,Piraeus,2026-01-03 03:54:00,2026-01-03 04:26:00,subscriber
r-02928,b-058,Panepistimio,Omonia,2026-01-19 07:08:00,2026-01-19 07:28:00,subscriber
r-02929,b-008,Monastiraki,Kifisia,2026-01-30 23:59:00,2026-01-31 00:28:00,casual
r-02930,b-074,Panepistimio,Akropoli,2026-01-06 04:49:00,2026-01-06 05:35:00,subscriber
r-02931,b-211,Gazi,Omonia,2026-01-30 19:44:00,2026-01-30 20:02:00,casual
r-02932,b-104,Akropoli,Panepistimio,2026-01-24 22:44:00,2026-01-25 00:14:00,subscriber
r-02933,b-125,Gazi,Monastiraki,2026-01-10 17:51:00,2026-01-10 18:43:00,casual
r-02934,b-130,Piraeus,Syntagma,2026-01-23 14:01:00,2026-01-23 14:39:00,subscriber
r-02935,b-031,Omonia,Syntagma,2026-01-21 01:16:00,2026-01-21 02:18:00,casual
r-02936,b-057,Panepistimio,Akropoli,2026-01-25 04:39:00,2026-01-25 05:19:00,casual
r-02937,b-219,Akropoli,Monastiraki,2026-01-07 17:40:00,2026-01-07 18:19:00,subscriber
r-02938,b-233,Monastiraki,Gazi,2026-01-22 20:53:00,2026-01-22 22:03:00,casual
r-02939,b-103,Panepistimio,Akropoli,2026-01-15 03:10:00,2026-01-15 04:35:00,casual
r-02940,b-246,Akropoli,Monastiraki,2026-01-23 00:49:00,2026-01-23 01:41:00,subscriber
r-02941,b-121,Syntagma,Kifisia,2026-01-21 06:33:00,2026-01-21 06:53:00,casual
r-02942,b-138,Omonia,Syntagma,2026-01-18 20:03:00,2026-01-18 20:34:00,casual
r-02943,b-265,Monastiraki,Panepistimio,2026-01-25 02:11:00,2026-01-25 02:46:00,casual
r-02944,b-055,Monastiraki,Gazi,2026-01-19 16:57:00,2026-01-19 17:02:00,subscriber
r-02945,b-285,Panepistimio,Kifisia,2026-01-14 04:54:00,2026-01-14 05:29:00,subscriber
r-02946,b-011,Syntagma,Omonia,2026-01-29 21:25:00,2026-01-29 22:31:00,casual
r-02947,b-247,Gazi,Syntagma,2026-01-26 12:58:00,2026-01-26 13:54:00,subscriber
r-02948,b-218,Akropoli,Piraeus,2026-01-09 20:39:00,2026-01-09 20:55:00,casual
r-02949,b-206,Panepistimio,Piraeus,2026-01-13 17:01:00,2026-01-13 18:19:00,casual
r-02950,b-101,Kifisia,Akropoli,2026-01-05 16:57:00,2026-01-05 17:48:00,subscriber
r-02951,b-242,Gazi,Omonia,2026-01-16 02:40:00,2026-01-16 02:48:00,subscriber
r-02952,b-221,Kifisia,Monastiraki,2026-01-25 13:37:00,2026-01-25 14:22:00,subscriber
r-02953,b-211,Omonia,Monastiraki,2026-01-04 19:18:00,2026-01-04 19:34:00,subscriber
r-02954,b-038,Piraeus,Akropoli,2026-01-10 15:52:00,2026-01-10 16:54:00,subscriber
r-02955,b-110,Omonia,Monastiraki,2026-01-26 07:10:00,2026-01-26 08:09:00,subscriber
r-02956,b-006,Syntagma,Panepistimio,2026-01-18 05:05:00,2026-01-18 05:20:00,casual
r-02957,b-048,Kifisia,Monastiraki,2026-01-06 19:22:00,2026-01-06 20:00:00,casual
r-02958,b-129,Monastiraki,Syntagma,2026-01-12 02:32:00,2026-01-12 03:53:00,subscriber
r-02959,b-086,Akropoli,Gazi,2026-01-03 08:14:00,2026-01-03 09:17:00,subscriber
r-02960,b-052,Piraeus,Omonia,2026-01-23 14:43:00,2026-01-23 15:13:00,subscriber
r-02961,b-143,Panepistimio,Gazi,2026-01-24 06:10:00,2026-01-24 07:27:00,subscriber
r-02962,b-232,Gazi,Kifisia,2026-01-20 18:30:00,2026-01-20 19:17:00,subscriber
r-02963,b-141,Syntagma,Piraeus,2026-01-02 13:22:00,2026-01-02 13:37:00,subscriber
r-02964,b-024,Panepistimio,Piraeus,2026-01-09 03:56:00,2026-01-09 04:19:00,subscriber
r-02965,b-152,Panepistimio,Monastiraki,2026-01-10 05:55:00,2026-01-10 06:24:00,casual
r-02966,b-069,Kifisia,Monastiraki,2026-01-04 02:55:00,2026-01-04 04:22:00,subscriber
r-02967,b-154,Gazi,Piraeus,2026-01-06 16:45:00,2026-01-06 17:14:00,casual
r-02968,b-194,Omonia,Akropoli,2026-01-08 08:07:00,2026-01-08 08:18:00,subscriber
r-02969,b-090,Syntagma,Gazi,2026-01-09 03:11:00,2026-01-09 04:01:00,casual
r-02970,b-038,Omonia,Monastiraki,2026-01-06 06:32:00,2026-01-06 06:45:00,subscriber
r-02971,b-086,Piraeus,Monastiraki,2026-01-20 05:20:00,2026-01-20 05:36:00,casual
r-02972,b-081,Gazi,Panepistimio,2026-01-25 00:15:00,2026-01-25 01:29:00,subscriber
r-02973,b-228,Omonia,Gazi,2026-01-21 18:29:00,2026-01-21 19:26:00,casual
r-02974,b-011,Panepistimio,Piraeus,2026-01-15 16:51:00,2026-01-15 17:27:00,subscriber
r-02975,b-275,Piraeus,Kifisia,2026-01-19 19:15:00,2026-01-19 19:55:00,casual
r-02976,b-065,Monastiraki,Kifisia,2026-01-05 11:25:00,2026-01-05 12:42:00,subscriber
r-02977,b-246,Monastiraki,Gazi,2026-01-11 18:56:00,2026-01-11 20:07:00,casual
r-02978,b-266,Omonia,Syntagma,2026-01-30 21:35:00,2026-01-30 22:52:00,subscriber
r-02979,b-026,Omonia,Monastiraki,2026-01-25 20:45:00,2026-01-25 21:17:00,subscriber
r-02980,b-269,Monastiraki,Panepistimio,2026-01-12 07:46:00,2026-01-12 08:57:00,subscriber
r-02981,b-070,Gazi,Akropoli,2026-01-13 03:36:00,2026-01-13 04:12:00,subscriber
r-02982,b-106,Kifisia,Piraeus,2026-01-03 08:04:00,2026-01-03 09:01:00,subscriber
r-02983,b-076,Monastiraki,Gazi,2026-01-11 08:51:00,2026-01-11 10:15:00,casual
r-02984,b-165,Monastiraki,Piraeus,2026-01-04 14:01:00,2026-01-04 14:58:00,casual
r-02985,b-173,Akropoli,Kifisia,2026-01-08 19:49:00,2026-01-08 21:19:00,subscriber
r-02986,b-013,Syntagma,Kifisia,2026-01-02 20:09:00,2026-01-02 20:13:00,subscriber
r-02987,b-300,Omonia,Kifisia,2026-01-05 03:21:00,2026-01-05 04:05:00,subscriber
r-02988,b-051,Kifisia,Piraeus,2026-01-05 02:15:00,2026-01-05 02:42:00,casual
r-02989,b-014,Gazi,Syntagma,2026-01-25 20:45:00,2026-01-25 22:10:00,subscriber
r-02990,b-059,Piraeus,Gazi,2026-01-17 09:56:00,2026-01-17 10:39:00,casual
r-02991,b-280,Omonia,Syntagma,2026-01-14 15:05:00,2026-01-14 15:41:00,subscriber
r-02992,b-252,Kifisia,Omonia,2026-01-28 15:44:00,2026-01-28 17:12:00,subscriber
r-02993,b-022,Akropoli,Gazi,2026-01-08 04:28:00,2026-01-08 04:53:00,casual
r-02994,b-223,Syntagma,Gazi,2026-01-18 14:27:00,2026-01-18 15:30:00,casual
r-02995,b-134,Syntagma,Monastiraki,2026-01-02 12:40:00,2026-01-02 12:48:00,subscriber
r-02996,b-186,Gazi,Syntagma,2026-01-18 12:45:00,2026-01-18 13:32:00,casual
r-02997,b-289,Piraeus,Panepistimio,2026-01-25 10:56:00,2026-01-25 11:18:00,subscriber
r-02998,b-138,Omonia,Kifisia,2026-01-12 01:33:00,2026-01-12 02:28:00,subscriber
r-02999,b-159,Syntagma,Panepistimio,2026-01-15 23:19:00,2026-01-16 00:09:00,subscriber
r-03000,b-021,Syntagma,Gazi,2026-01-27 14:02:00,2026-01-27 14:53:00,casual
r-03001,b-211,Panepistimio,Monastiraki,2026-01-03 17:55:00,2026-01-03 18:50:00,casual
r-03002,b-270,Syntagma,Kifisia,2026-01-29 11:07:00,2026-01-29 11:55:00,subscriber
r-03003,b-025,Syntagma,Panepistimio,2026-01-07 01:22:00,2026-01-07 01:33:00,subscriber
r-03004,b-271,Monastiraki,Gazi,2026-01-19 03:48:00,2026-01-19 04:23:00,subscriber
r-03005,b-091,Akropoli,Kifisia,2026-01-13 05:44:00,2026-01-13 07:07:00,casual
r-03006,b-097,Panepistimio,Akropoli,2026-01-24 00:26:00,2026-01-24 01:00:00,subscriber
r-03007,b-034,Panepistimio,Monastiraki,2026-01-19 12:35:00,2026-01-19 13:12:00,subscriber
r-03008,b-088,Akropoli,Piraeus,2026-01-19 12:59:00,2026-01-19 14:21:00,casual
r-03009,b-125,Omonia,Syntagma,2026-01-19 21:15:00,2026-01-19 21:56:00,casual
r-03010,b-054,Piraeus,Monastiraki,2026-01-07 06:33:00,2026-01-07 07:23:00,casual
r-03011,b-021,Kifisia,Piraeus,2026-01-12 19:05:00,2026-01-12 19:18:00,casual
r-03012,b-182,Piraeus,Monastiraki,2026-01-14 14:31:00,2026-01-14 15:54:00,casual
r-03013,b-118,Omonia,Akropoli,2026-01-14 13:25:00,2026-01-14 13:33:00,casual
r-03014,b-099,Omonia,Panepistimio,2026-01-16 19:17:00,2026-01-16 20:29:00,subscriber
r-03015,b-211,Piraeus,Omonia,2026-01-05 04:24:00,2026-01-05 05:27:00,casual
r-03016,b-116,Syntagma,Kifisia,2026-01-14 13:24:00,2026-01-14 14:32:00,subscriber
r-03017,b-142,Omonia,Kifisia,2026-01-18 02:21:00,2026-01-18 02:54:00,casual
r-03018,b-175,Syntagma,Piraeus,2026-01-07 10:38:00,2026-01-07 11:40:00,subscriber
r-03019,b-150,Syntagma,Kifisia,2026-01-14 12:25:00,2026-01-14 13:55:00,subscriber
r-03020,b-182,Panepistimio,Kifisia,2026-01-10 15:31:00,2026-01-10 16:01:00,subscriber
r-03021,b-063,Gazi,Piraeus,2026-01-25 06:45:00,2026-01-25 07:20:00,casual
r-03022,b-049,Monastiraki,Syntagma,2026-01-11 10:21:00,2026-01-11 10:42:00,casual
r-03023,b-025,Monastiraki,Gazi,2026-01-25 06:45:00,2026-01-25 07:47:00,subscriber
r-03024,b-102,Monastiraki,Piraeus,2026-01-12 07:20:00,2026-01-12 08:38:00,casual
r-03025,b-166,Piraeus,Gazi,2026-01-11 04:47:00,2026-01-11 05:07:00,subscriber
r-03026,b-040,Syntagma,Piraeus,2026-01-03 02:49:00,2026-01-03 03:44:00,subscriber
r-03027,b-168,Kifisia,Piraeus,2026-01-29 04:19:00,2026-01-29 05:26:00,casual
r-03028,b-283,Piraeus,Kifisia,2026-01-05 16:06:00,2026-01-05 17:08:00,subscriber
r-03029,b-014,Panepistimio,Kifisia,2026-01-01 19:39:00,2026-01-01 20:05:00,subscriber
r-03030,b-213,Gazi,Kifisia,2026-01-28 00:10:00,2026-01-28 00:26:00,subscriber
r-03031,b-194,Syntagma,Omonia,2026-01-26 08:27:00,2026-01-26 08:46:00,casual
r-03032,b-146,Kifisia,Omonia,2026-01-22 19:50:00,2026-01-22 21:14:00,subscriber
r-03033,b-189,Panepistimio,Akropoli,2026-01-20 05:50:00,2026-01-20 05:53:00,casual
r-03034,b-037,Monastiraki,Panepistimio,2026-01-07 10:16:00,2026-01-07 10:26:00,subscriber
r-03035,b-277,Akropoli,Syntagma,2026-01-25 06:29:00,2026-01-25 07:53:00,casual
r-03036,b-245,Piraeus,Akropoli,2026-01-11 14:40:00,2026-01-11 15:12:00,casual
r-03037,b-209,Omonia,Kifisia,2026-01-02 12:48:00,2026-01-02 14:06:00,subscriber
r-03038,b-259,Panepistimio,Gazi,2026-01-09 02:20:00,2026-01-09 02:43:00,subscriber
r-03039,b-172,Kifisia,Omonia,2026-01-04 16:16:00,2026-01-04 16:49:00,casual
r-03040,b-019,Monastiraki,Panepistimio,2026-01-20 08:51:00,2026-01-20 09:03:00,casual
r-03041,b-022,Piraeus,Gazi,2026-01-07 06:03:00,2026-01-07 07:12:00,casual
r-03042,b-253,Gazi,Monastiraki,2026-01-30 00:39:00,2026-01-30 00:44:00,casual
r-03043,b-050,Syntagma,Gazi,2026-01-20 20:13:00,2026-01-20 21:11:00,subscriber
r-03044,b-099,Syntagma,Monastiraki,2026-01-07 04:40:00,2026-01-07 05:37:00,subscriber
r-03045,b-204,Gazi,Panepistimio,2026-01-25 00:15:00,2026-01-25 00:44:00,subscriber
r-03046,b-234,Omonia,Piraeus,2026-01-02 13:47:00,2026-01-02 14:39:00,subscriber
r-03047,b-112,Monastiraki,Omonia,2026-01-15 21:56:00,2026-01-15 22:26:00,casual
r-03048,b-221,Syntagma,Kifisia,2026-01-16 19:57:00,2026-01-16 20:45:00,subscriber
r-03049,b-249,Monastiraki,Akropoli,2026-01-21 04:29:00,2026-01-21 05:45:00,casual
r-03050,b-108,Omonia,Gazi,2026-01-26 21:10:00,2026-01-26 22:35:00,casual
r-03051,b-156,Monastiraki,Omonia,2026-01-14 13:11:00,2026-01-14 13:19:00,subscriber
r-03052,b-153,Panepistimio,Omonia,2026-01-25 08:30:00,2026-01-25 09:30:00,subscriber
r-03053,b-024,Omonia,Akropoli,2026-01-23 00:53:00,2026-01-23 02:21:00,subscriber
r-03054,b-064,Gazi,Akropoli,2026-01-11 23:18:00,2026-01-12 00:43:00,subscriber
r-03055,b-010,Gazi,Panepistimio,2026-01-05 23:55:00,2026-01-06 01:23:00,subscriber
r-03056,b-149,Monastiraki,Kifisia,2026-01-24 10:12:00,2026-01-24 11:02:00,casual
r-03057,b-232,Syntagma,Piraeus,2026-01-27 11:03:00,2026-01-27 11:29:00,casual
r-03058,b-294,Piraeus,Kifisia,2026-01-27 20:40:00,2026-01-27 21:04:00,casual
r-03059,b-152,Piraeus,Kifisia,2026-01-29 18:06:00,2026-01-29 19:22:00,casual
r-03060,b-275,Akropoli,Monastiraki,2026-01-05 09:55:00,2026-01-05 11:04:00,casual
r-03061,b-170,Panepistimio,Monastiraki,2026-01-27 16:43:00,2026-01-27 17:35:00,subscriber
r-03062,b-100,Akropoli,Gazi,2026-01-14 17:34:00,2026-01-14 17:39:00,subscriber
r-03063,b-115,Omonia,Kifisia,2026-01-09 23:56:00,2026-01-10 00:12:00,casual
r-03064,b-287,Piraeus,Akropoli,2026-01-07 18:19:00,2026-01-07 19:17:00,subscriber
r-03065,b-243,Syntagma,Gazi,2026-01-19 21:26:00,2026-01-19 22:48:00,subscriber
r-03066,b-214,Monastiraki,Akropoli,2026-01-19 10:42:00,2026-01-19 12:06:00,subscriber
r-03067,b-111,Omonia,Piraeus,2026-01-30 13:09:00,2026-01-30 14:08:00,casual
r-03068,b-186,Panepistimio,Omonia,2026-01-26 21:28:00,2026-01-26 22:00:00,subscriber
r-03069,b-146,Syntagma,Kifisia,2026-01-25 00:12:00,2026-01-25 00:32:00,subscriber
r-03070,b-290,Monastiraki,Omonia,2026-01-17 00:29:00,2026-01-17 01:24:00,casual
r-03071,b-184,Omonia,Akropoli,2026-01-16 20:50:00,2026-01-16 20:56:00,subscriber
r-03072,b-282,Akropoli,Syntagma,2026-01-21 02:12:00,2026-01-21 03:39:00,casual
r-03073,b-038,Gazi,Panepistimio,2026-01-27 09:46:00,2026-01-27 10:37:00,subscriber
r-03074,b-219,Kifisia,Piraeus,2026-01-02 00:18:00,2026-01-02 01:32:00,subscriber
r-03075,b-173,Gazi,Akropoli,2026-01-07 23:09:00,2026-01-07 23:36:00,subscriber
r-03076,b-278,Akropoli,Panepistimio,2026-01-12 19:10:00,2026-01-12 19:37:00,subscriber
r-03077,b-261,Akropoli,Kifisia,2026-01-12 06:48:00,2026-01-12 08:06:00,casual
r-03078,b-085,Syntagma,Kifisia,2026-01-29 19:48:00,2026-01-29 19:56:00,casual
r-03079,b-264,Syntagma,Piraeus,2026-01-11 12:22:00,2026-01-11 12:25:00,casual
r-03080,b-029,Piraeus,Syntagma,2026-01-28 15:47:00,2026-01-28 16:40:00,subscriber
r-03081,b-042,Panepistimio,Syntagma,2026-01-18 22:54:00,2026-01-19 00:01:00,subscriber
r-03082,b-034,Syntagma,Monastiraki,2026-01-29 04:20:00,2026-01-29 05:05:00,casual
r-03083,b-151,Akropoli,Syntagma,2026-01-25 08:30:00,2026-01-25 08:40:00,subscriber
r-03084,b-091,Kifisia,Panepistimio,2026-01-15 23:02:00,2026-01-15 23:11:00,subscriber
r-03085,b-074,Piraeus,Gazi,2026-01-27 20:12:00,2026-01-27 21:11:00,subscriber
r-03086,b-009,Akropoli,Omonia,2026-01-18 02:20:00,2026-01-18 02:51:00,casual
r-03087,b-084,Akropoli,Panepistimio,2026-01-21 09:18:00,2026-01-21 10:17:00,subscriber
r-03088,b-211,Piraeus,Kifisia,2026-01-21 18:27:00,2026-01-21 18:47:00,subscriber
r-03089,b-285,Gazi,Syntagma,2026-01-28 11:19:00,2026-01-28 11:39:00,subscriber
r-03090,b-025,Kifisia,Panepistimio,2026-01-23 17:29:00,2026-01-23 18:52:00,subscriber
r-03091,b-135,Monastiraki,Kifisia,2026-01-27 01:35:00,2026-01-27 02:55:00,subscriber
r-03092,b-100,Akropoli,Syntagma,2026-01-19 09:56:00,2026-01-19 11:06:00,subscriber
r-03093,b-068,Panepistimio,Syntagma,2026-01-10 13:21:00,2026-01-10 14:22:00,casual
r-03094,b-206,Panepistimio,Omonia,2026-01-17 14:53:00,2026-01-17 15:17:00,subscriber
r-03095,b-006,Monastiraki,Akropoli,2026-01-22 14:17:00,2026-01-22 15:29:00,subscriber
r-03096,b-084,Monastiraki,Syntagma,2026-01-08 19:25:00,2026-01-08 20:54:00,subscriber
r-03097,b-217,Panepistimio,Kifisia,2026-01-18 14:52:00,2026-01-18 15:09:00,subscriber
r-03098,b-240,Gazi,Monastiraki,2026-01-24 16:39:00,2026-01-24 18:07:00,casual
r-03099,b-063,Gazi,Panepistimio,2026-01-26 04:30:00,2026-01-26 05:46:00,subscriber
r-03100,b-280,Monastiraki,Piraeus,2026-01-11 06:23:00,2026-01-11 07:23:00,casual
r-03101,b-087,Syntagma,Piraeus,2026-01-15 07:25:00,2026-01-15 08:01:00,casual
r-03102,b-262,Piraeus,Omonia,2026-01-03 12:11:00,2026-01-03 12:32:00,subscriber
r-03103,b-028,Akropoli,Omonia,2026-01-05 15:14:00,2026-01-05 16:12:00,subscriber
r-03104,b-053,Akropoli,Kifisia,2026-01-21 21:25:00,2026-01-21 21:54:00,casual
r-03105,b-238,Monastiraki,Omonia,2026-01-22 17:48:00,2026-01-22 18:59:00,casual
r-03106,b-008,Omonia,Syntagma,2026-01-24 16:45:00,2026-01-24 17:09:00,subscriber
r-03107,b-275,Kifisia,Piraeus,2026-01-30 10:01:00,2026-01-30 10:15:00,subscriber
r-03108,b-266,Panepistimio,Omonia,2026-01-05 23:46:00,2026-01-06 01:09:00,casual
r-03109,b-252,Gazi,Piraeus,2026-01-09 03:27:00,2026-01-09 04:43:00,casual
r-03110,b-277,Panepistimio,Kifisia,2026-01-11 23:26:00,2026-01-12 00:23:00,subscriber
r-03111,b-164,Omonia,Gazi,2026-01-06 13:35:00,2026-01-06 14:43:00,casual
r-03112,b-231,Panepistimio,Gazi,2026-01-02 15:50:00,2026-01-02 16:36:00,subscriber
r-03113,b-061,Piraeus,Panepistimio,2026-01-23 18:17:00,2026-01-23 19:35:00,casual
r-03114,b-255,Piraeus,Kifisia,2026-01-23 02:27:00,2026-01-23 02:37:00,subscriber
r-03115,b-008,Omonia,Kifisia,2026-01-19 18:27:00,2026-01-19 19:36:00,casual
r-03116,b-088,Omonia,Syntagma,2026-01-01 10:27:00,2026-01-01 11:18:00,subscriber
r-03117,b-082,Gazi,Omonia,2026-01-11 12:34:00,2026-01-11 13:57:00,subscriber
r-03118,b-172,Gazi,Syntagma,2026-01-19 05:39:00,2026-01-19 07:08:00,casual
r-03119,b-292,Akropoli,Panepistimio,2026-01-06 02:34:00,2026-01-06 04:04:00,subscriber
r-03120,b-293,Omonia,Syntagma,2026-01-04 15:35:00,2026-01-04 16:44:00,subscriber
r-03121,b-021,Piraeus,Panepistimio,2026-01-16 05:35:00,2026-01-16 06:50:00,casual
r-03122,b-280,Akropoli,Kifisia,2026-01-12 00:55:00,2026-01-12 01:53:00,subscriber
r-03123,b-170,Syntagma,Kifisia,2026-01-08 12:56:00,2026-01-08 13:15:00,subscriber
r-03124,b-129,Piraeus,Gazi,2026-01-28 21:00:00,2026-01-28 21:32:00,casual
r-03125,b-173,Akropoli,Gazi,2026-01-30 20:11:00,2026-01-30 20:30:00,subscriber
r-03126,b-232,Akropoli,Omonia,2026-01-30 18:59:00,2026-01-30 19:12:00,casual
r-03127,b-183,Kifisia,Syntagma,2026-01-02 23:06:00,2026-01-03 00:32:00,subscriber
r-03128,b-200,Piraeus,Panepistimio,2026-01-12 00:59:00,2026-01-12 02:11:00,casual
r-03129,b-232,Omonia,Syntagma,2026-01-10 06:04:00,2026-01-10 07:16:00,casual
r-03130,b-237,Monastiraki,Piraeus,2026-01-18 15:33:00,2026-01-18 15:45:00,casual
r-03131,b-278,Kifisia,Panepistimio,2026-01-29 02:45:00,2026-01-29 03:56:00,subscriber
r-03132,b-255,Piraeus,Akropoli,2026-01-29 17:10:00,2026-01-29 18:26:00,subscriber
r-03133,b-020,Panepistimio,Akropoli,2026-01-07 05:26:00,2026-01-07 06:09:00,casual
r-03134,b-096,Piraeus,Gazi,2026-01-25 04:46:00,2026-01-25 04:49:00,subscriber
r-03135,b-185,Akropoli,Syntagma,2026-01-18 02:41:00,2026-01-18 02:50:00,casual
r-03136,b-234,Gazi,Piraeus,2026-01-18 16:05:00,2026-01-18 17:27:00,subscriber
r-03137,b-144,Monastiraki,Omonia,2026-01-02 17:27:00,2026-01-02 18:56:00,subscriber
r-03138,b-094,Akropoli,Omonia,2026-01-16 22:14:00,2026-01-16 23:04:00,casual
r-03139,b-072,Piraeus,Monastiraki,2026-01-22 07:11:00,2026-01-22 08:29:00,casual
r-03140,b-127,Omonia,Piraeus,2026-01-29 03:47:00,2026-01-29 04:27:00,subscriber
r-03141,b-201,Akropoli,Kifisia,2026-01-25 13:51:00,2026-01-25 15:07:00,subscriber
r-03142,b-208,Monastiraki,Panepistimio,2026-01-10 04:31:00,2026-01-10 05:43:00,subscriber
r-03143,b-273,Gazi,Monastiraki,2026-01-13 04:47:00,2026-01-13 05:00:00,casual
r-03144,b-086,Gazi,Panepistimio,2026-01-23 07:53:00,2026-01-23 08:18:00,subscriber
r-03145,b-114,Panepistimio,Kifisia,2026-01-19 16:53:00,2026-01-19 18:11:00,casual
r-03146,b-115,Gazi,Syntagma,2026-01-25 10:37:00,2026-01-25 11:57:00,subscriber
r-03147,b-014,Gazi,Omonia,2026-01-26 19:35:00,2026-01-26 20:28:00,casual
r-03148,b-287,Piraeus,Kifisia,2026-01-24 22:48:00,2026-01-24 23:24:00,casual
r-03149,b-250,Gazi,Kifisia,2026-01-02 01:04:00,2026-01-02 02:25:00,casual
r-03150,b-157,Syntagma,Omonia,2026-01-13 05:51:00,2026-01-13 06:22:00,subscriber
r-03151,b-058,Monastiraki,Kifisia,2026-01-24 15:34:00,2026-01-24 16:50:00,casual
r-03152,b-102,Omonia,Syntagma,2026-01-28 14:16:00,2026-01-28 15:20:00,casual
r-03153,b-020,Akropoli,Kifisia,2026-01-27 19:40:00,2026-01-27 20:13:00,subscriber
r-03154,b-046,Piraeus,Omonia,2026-01-17 21:49:00,2026-01-17 22:18:00,casual
r-03155,b-168,Monastiraki,Panepistimio,2026-01-14 16:44:00,2026-01-14 17:45:00,subscriber
r-03156,b-110,Omonia,Panepistimio,2026-01-06 05:06:00,2026-01-06 05:36:00,casual
r-03157,b-219,Monastiraki,Omonia,2026-01-22 23:45:00,2026-01-23 00:55:00,casual
r-03158,b-137,Syntagma,Gazi,2026-01-15 18:35:00,2026-01-15 18:43:00,subscriber
r-03159,b-045,Akropoli,Kifisia,2026-01-30 14:40:00,2026-01-30 14:56:00,subscriber
r-03160,b-271,Kifisia,Panepistimio,2026-01-17 10:30:00,2026-01-17 10:55:00,subscriber
r-03161,b-031,Kifisia,Akropoli,2026-01-28 06:19:00,2026-01-28 07:29:00,subscriber
r-03162,b-067,Akropoli,Omonia,2026-01-23 02:07:00,2026-01-23 02:10:00,subscriber
r-03163,b-084,Gazi,Panepistimio,2026-01-24 17:42:00,2026-01-24 18:52:00,subscriber
r-03164,b-030,Piraeus,Panepistimio,2026-01-16 09:25:00,2026-01-16 10:39:00,casual
r-03165,b-231,Piraeus,Kifisia,2026-01-27 21:24:00,2026-01-27 22:31:00,casual
r-03166,b-253,Omonia,Monastiraki,2026-01-14 01:19:00,2026-01-14 02:00:00,casual
r-03167,b-174,Akropoli,Gazi,2026-01-24 13:17:00,2026-01-24 14:03:00,casual
r-03168,b-258,Akropoli,Monastiraki,2026-01-17 21:16:00,2026-01-17 21:59:00,subscriber
r-03169,b-220,Monastiraki,Syntagma,2026-01-15 04:38:00,2026-01-15 05:59:00,casual
r-03170,b-022,Syntagma,Monastiraki,2026-01-02 11:44:00,2026-01-02 12:04:00,subscriber
r-03171,b-119,Panepistimio,Gazi,2026-01-15 07:09:00,2026-01-15 07:59:00,subscriber
r-03172,b-167,Monastiraki,Kifisia,2026-01-12 02:14:00,2026-01-12 02:33:00,casual
r-03173,b-175,Syntagma,Panepistimio,2026-01-04 11:37:00,2026-01-04 12:06:00,casual
r-03174,b-218,Panepistimio,Piraeus,2026-01-02 20:54:00,2026-01-02 22:03:00,subscriber
r-03175,b-267,Akropoli,Omonia,2026-01-05 21:37:00,2026-01-05 22:16:00,casual
r-03176,b-256,Kifisia,Monastiraki,2026-01-18 21:25:00,2026-01-18 22:43:00,subscriber
r-03177,b-150,Kifisia,Gazi,2026-01-20 14:06:00,2026-01-20 15:06:00,casual
r-03178,b-264,Omonia,Panepistimio,2026-01-08 03:31:00,2026-01-08 03:34:00,subscriber
r-03179,b-270,Panepistimio,Syntagma,2026-01-18 02:51:00,2026-01-18 03:30:00,subscriber
r-03180,b-069,Monastiraki,Piraeus,2026-01-09 04:49:00,2026-01-09 06:01:00,subscriber
r-03181,b-074,Panepistimio,Gazi,2026-01-04 04:43:00,2026-01-04 05:02:00,subscriber
r-03182,b-194,Monastiraki,Syntagma,2026-01-29 20:45:00,2026-01-29 21:27:00,subscriber
r-03183,b-135,Panepistimio,Akropoli,2026-01-05 10:08:00,2026-01-05 11:17:00,casual
r-03184,b-013,Kifisia,Omonia,2026-01-08 14:55:00,2026-01-08 15:24:00,subscriber
r-03185,b-234,Monastiraki,Piraeus,2026-01-22 19:10:00,2026-01-22 20:04:00,subscriber
r-03186,b-165,Kifisia,Panepistimio,2026-01-09 13:20:00,2026-01-09 14:07:00,casual
r-03187,b-070,Akropoli,Panepistimio,2026-01-17 20:41:00,2026-01-17 21:55:00,casual
r-03188,b-073,Syntagma,Panepistimio,2026-01-08 09:02:00,2026-01-08 10:18:00,subscriber
r-03189,b-284,Kifisia,Panepistimio,2026-01-24 14:04:00,2026-01-24 15:32:00,subscriber
r-03190,b-094,Syntagma,Gazi,2026-01-05 23:41:00,2026-01-06 00:34:00,casual
r-03191,b-033,Kifisia,Monastiraki,2026-01-06 20:05:00,2026-01-06 21:30:00,casual
r-03192,b-112,Kifisia,Piraeus,2026-01-11 02:54:00,2026-01-11 03:22:00,subscriber
r-03193,b-080,Omonia,Monastiraki,2026-01-02 15:58:00,2026-01-02 16:42:00,subscriber
r-03194,b-219,Monastiraki,Piraeus,2026-01-20 01:56:00,2026-01-20 02:20:00,casual
r-03195,b-156,Monastiraki,Piraeus,2026-01-31 05:53:00,2026-01-31 07:10:00,subscriber
r-03196,b-086,Omonia,Monastiraki,2026-01-26 12:10:00,2026-01-26 13:23:00,casual
r-03197,b-296,Panepistimio,Kifisia,2026-01-31 01:35:00,2026-01-31 02:24:00,subscriber
r-03198,b-214,Akropoli,Omonia,2026-01-15 21:44:00,2026-01-15 22:58:00,subscriber
r-03199,b-253,Kifisia,Gazi,2026-01-23 14:13:00,2026-01-23 15:38:00,subscriber
r-03200,b-011,Akropoli,Monastiraki,2026-01-08 16:28:00,2026-01-08 17:21:00,casual
r-03201,b-060,Kifisia,Akropoli,2026-01-13 05:07:00,2026-01-13 05:42:00,subscriber
r-03202,b-096,Kifisia,Syntagma,2026-01-21 16:03:00,2026-01-21 17:23:00,subscriber
r-03203,b-170,Omonia,Syntagma,2026-01-21 08:45:00,2026-01-21 08:56:00,subscriber
r-03204,b-058,Kifisia,Gazi,2026-01-28 10:52:00,2026-01-28 11:54:00,subscriber
r-03205,b-286,Omonia,Gazi,2026-01-23 15:34:00,2026-01-23 16:18:00,subscriber
r-03206,b-051,Syntagma,Kifisia,2026-01-07 06:43:00,2026-01-07 07:05:00,subscriber
r-03207,b-097,Syntagma,Gazi,2026-01-17 21:55:00,2026-01-17 22:48:00,subscriber
r-03208,b-284,Akropoli,Kifisia,2026-01-03 01:07:00,2026-01-03 01:15:00,casual
r-03209,b-258,Kifisia,Akropoli,2026-01-28 22:32:00,2026-01-29 00:02:00,casual
r-03210,b-191,Panepistimio,Piraeus,2026-01-17 05:32:00,2026-01-17 07:02:00,casual
r-03211,b-021,Piraeus,Syntagma,2026-01-09 17:41:00,2026-01-09 18:14:00,subscriber
r-03212,b-199,Akropoli,Monastiraki,2026-01-02 02:56:00,2026-01-02 03:34:00,subscriber
r-03213,b-236,Gazi,Syntagma,2026-01-27 09:30:00,2026-01-27 10:46:00,subscriber
r-03214,b-293,Panepistimio,Kifisia,2026-01-17 02:53:00,2026-01-17 03:16:00,subscriber
r-03215,b-179,Omonia,Kifisia,2026-01-02 08:56:00,2026-01-02 09:18:00,subscriber
r-03216,b-142,Panepistimio,Akropoli,2026-01-05 13:00:00,2026-01-05 13:41:00,subscriber
r-03217,b-296,Panepistimio,Syntagma,2026-01-03 21:55:00,2026-01-03 23:16:00,casual
r-03218,b-256,Panepistimio,Piraeus,2026-01-22 17:28:00,2026-01-22 17:41:00,subscriber
r-03219,b-025,Omonia,Akropoli,2026-01-29 00:51:00,2026-01-29 01:08:00,subscriber
r-03220,b-061,Panepistimio,Monastiraki,2026-01-08 05:47:00,2026-01-08 06:04:00,casual
r-03221,b-059,Omonia,Syntagma,2026-01-19 23:57:00,2026-01-20 00:59:00,subscriber
r-03222,b-054,Piraeus,Panepistimio,2026-01-06 14:37:00,2026-01-06 14:54:00,subscriber
r-03223,b-017,Monastiraki,Gazi,2026-01-09 13:22:00,2026-01-09 13:30:00,casual
r-03224,b-102,Kifisia,Monastiraki,2026-01-07 12:32:00,2026-01-07 13:18:00,subscriber
r-03225,b-195,Panepistimio,Akropoli,2026-01-03 00:26:00,2026-01-03 01:06:00,casual
r-03226,b-092,Syntagma,Piraeus,2026-01-10 19:37:00,2026-01-10 20:48:00,casual
r-03227,b-267,Akropoli,Kifisia,2026-01-30 22:39:00,2026-01-31 00:07:00,subscriber
r-03228,b-047,Omonia,Syntagma,2026-01-08 03:26:00,2026-01-08 04:05:00,casual
r-03229,b-269,Piraeus,Gazi,2026-01-02 08:48:00,2026-01-02 10:02:00,subscriber
r-03230,b-077,Gazi,Monastiraki,2026-01-16 16:15:00,2026-01-16 16:19:00,casual
r-03231,b-100,Syntagma,Kifisia,2026-01-18 10:13:00,2026-01-18 10:32:00,casual
r-03232,b-001,Monastiraki,Kifisia,2026-01-17 06:15:00,2026-01-17 07:06:00,subscriber
r-03233,b-299,Gazi,Monastiraki,2026-01-27 05:21:00,2026-01-27 06:40:00,casual
r-03234,b-061,Panepistimio,Akropoli,2026-01-02 02:39:00,2026-01-02 02:54:00,subscriber
r-03235,b-282,Piraeus,Omonia,2026-01-13 20:52:00,2026-01-13 21:19:00,casual
r-03236,b-067,Piraeus,Omonia,2026-01-25 21:25:00,2026-01-25 22:14:00,subscriber
r-03237,b-080,Monastiraki,Piraeus,2026-01-02 13:32:00,2026-01-02 14:08:00,subscriber
r-03238,b-064,Syntagma,Akropoli,2026-01-07 17:50:00,2026-01-07 18:54:00,casual
r-03239,b-286,Kifisia,Monastiraki,2026-01-29 06:55:00,2026-01-29 07:18:00,casual
r-03240,b-032,Omonia,Gazi,2026-01-13 23:34:00,2026-01-13 23:44:00,casual
r-03241,b-012,Piraeus,Kifisia,2026-01-05 05:15:00,2026-01-05 06:13:00,casual
r-03242,b-145,Omonia,Kifisia,2026-01-11 17:15:00,2026-01-11 17:34:00,subscriber
r-03243,b-082,Akropoli,Kifisia,2026-01-16 21:58:00,2026-01-16 22:41:00,subscriber
r-03244,b-031,Syntagma,Omonia,2026-01-11 10:18:00,2026-01-11 10:57:00,subscriber
r-03245,b-255,Gazi,Panepistimio,2026-01-02 02:24:00,2026-01-02 03:45:00,casual
r-03246,b-034,Akropoli,Gazi,2026-01-18 02:34:00,2026-01-18 03:31:00,casual
r-03247,b-146,Gazi,Omonia,2026-01-21 11:40:00,2026-01-21 12:58:00,casual
r-03248,b-055,Akropoli,Panepistimio,2026-01-09 04:23:00,2026-01-09 04:57:00,subscriber
r-03249,b-057,Piraeus,Syntagma,2026-01-12 18:16:00,2026-01-12 19:18:00,subscriber
r-03250,b-264,Monastiraki,Kifisia,2026-01-26 14:08:00,2026-01-26 14:18:00,subscriber
r-03251,b-212,Syntagma,Kifisia,2026-01-03 02:18:00,2026-01-03 02:47:00,subscriber
r-03252,b-047,Piraeus,Omonia,2026-01-05 21:38:00,2026-01-05 22:38:00,casual
r-03253,b-007,Syntagma,Gazi,2026-01-08 16:48:00,2026-01-08 17:45:00,subscriber
r-03254,b-016,Monastiraki,Omonia,2026-01-18 00:02:00,2026-01-18 01:02:00,subscriber
r-03255,b-101,Kifisia,Syntagma,2026-01-16 22:20:00,2026-01-16 22:30:00,subscriber
r-03256,b-028,Monastiraki,Omonia,2026-01-19 22:17:00,2026-01-19 23:17:00,casual
r-03257,b-148,Monastiraki,Syntagma,2026-01-11 18:20:00,2026-01-11 19:05:00,casual
r-03258,b-103,Kifisia,Omonia,2026-01-25 11:39:00,2026-01-25 12:17:00,casual
r-03259,b-009,Panepistimio,Syntagma,2026-01-09 07:07:00,2026-01-09 07:24:00,casual
r-03260,b-219,Gazi,Panepistimio,2026-01-09 14:29:00,2026-01-09 15:16:00,casual
r-03261,b-105,Kifisia,Syntagma,2026-01-28 11:09:00,2026-01-28 11:44:00,subscriber
r-03262,b-103,Gazi,Monastiraki,2026-01-26 21:02:00,2026-01-26 21:05:00,casual
r-03263,b-224,Akropoli,Kifisia,2026-01-08 11:01:00,2026-01-08 12:00:00,casual
r-03264,b-300,Monastiraki,Panepistimio,2026-01-21 05:06:00,2026-01-21 05:28:00,subscriber
r-03265,b-244,Omonia,Piraeus,2026-01-25 05:01:00,2026-01-25 05:34:00,subscriber
r-03266,b-213,Akropoli,Panepistimio,2026-01-02 19:02:00,2026-01-02 19:12:00,casual
r-03267,b-013,Gazi,Piraeus,2026-01-05 21:24:00,2026-01-05 22:06:00,subscriber
r-03268,b-249,Kifisia,Akropoli,2026-01-06 15:13:00,2026-01-06 15:22:00,casual
r-03269,b-135,Syntagma,Monastiraki,2026-01-06 23:47:00,2026-01-07 00:22:00,subscriber
r-03270,b-289,Monastiraki,Kifisia,2026-01-26 02:03:00,2026-01-26 03:16:00,casual
r-03271,b-034,Gazi,Monastiraki,2026-01-27 11:08:00,2026-01-27 11:11:00,casual
r-03272,b-257,Akropoli,Gazi,2026-01-09 04:00:00,2026-01-09 04:08:00,subscriber
r-03273,b-271,Kifisia,Panepistimio,2026-01-28 04:03:00,2026-01-28 04:44:00,casual
r-03274,b-238,Monastiraki,Omonia,2026-01-30 09:49:00,2026-01-30 10:20:00,casual
r-03275,b-285,Piraeus,Akropoli,2026-01-06 19:22:00,2026-01-06 20:18:00,casual
r-03276,b-077,Piraeus,Syntagma,2026-01-05 23:28:00,2026-01-06 00:23:00,subscriber
r-03277,b-246,Syntagma,Akropoli,2026-01-23 09:42:00,2026-01-23 10:21:00,casual
r-03278,b-166,Omonia,Kifisia,2026-01-12 15:08:00,2026-01-12 15:40:00,casual
r-03279,b-292,Akropoli,Gazi,2026-01-09 15:54:00,2026-01-09 16:23:00,subscriber
r-03280,b-136,Syntagma,Monastiraki,2026-01-29 02:52:00,2026-01-29 03:52:00,subscriber
r-03281,b-110,Omonia,Syntagma,2026-01-20 22:32:00,2026-01-20 23:59:00,casual
r-03282,b-277,Kifisia,Piraeus,2026-01-03 15:41:00,2026-01-03 16:49:00,subscriber
r-03283,b-082,Piraeus,Syntagma,2026-01-06 03:26:00,2026-01-06 03:40:00,subscriber
r-03284,b-280,Akropoli,Syntagma,2026-01-30 01:01:00,2026-01-30 02:28:00,subscriber
r-03285,b-058,Kifisia,Monastiraki,2026-01-12 00:54:00,2026-01-12 01:44:00,subscriber
r-03286,b-261,Akropoli,Piraeus,2026-01-21 13:27:00,2026-01-21 13:32:00,subscriber
r-03287,b-156,Piraeus,Omonia,2026-01-04 13:07:00,2026-01-04 14:19:00,subscriber
r-03288,b-268,Kifisia,Omonia,2026-01-08 15:32:00,2026-01-08 15:50:00,subscriber
r-03289,b-006,Gazi,Panepistimio,2026-01-27 07:46:00,2026-01-27 08:45:00,subscriber
r-03290,b-024,Akropoli,Gazi,2026-01-04 03:24:00,2026-01-04 03:30:00,casual
r-03291,b-048,Kifisia,Gazi,2026-01-22 22:04:00,2026-01-22 22:47:00,subscriber
r-03292,b-207,Monastiraki,Panepistimio,2026-01-09 22:20:00,2026-01-09 23:11:00,subscriber
r-03293,b-262,Monastiraki,Omonia,2026-01-30 19:44:00,2026-01-30 21:12:00,casual
r-03294,b-217,Omonia,Gazi,2026-01-28 04:54:00,2026-01-28 05:31:00,subscriber
r-03295,b-026,Kifisia,Gazi,2026-01-22 10:06:00,2026-01-22 10:59:00,casual
r-03296,b-061,Gazi,Monastiraki,2026-01-03 07:06:00,2026-01-03 08:24:00,casual
r-03297,b-182,Piraeus,Syntagma,2026-01-05 08:35:00,2026-01-05 09:52:00,casual
r-03298,b-250,Panepistimio,Monastiraki,2026-01-03 08:04:00,2026-01-03 09:10:00,casual
r-03299,b-194,Panepistimio,Omonia,2026-01-26 12:15:00,2026-01-26 13:29:00,casual
r-03300,b-150,Piraeus,Monastiraki,2026-01-06 04:52:00,2026-01-06 05:53:00,subscriber
r-03301,b-193,Akropoli,Kifisia,2026-01-28 20:32:00,2026-01-28 21:28:00,casual
r-03302,b-220,Akropoli,Gazi,2026-01-26 05:14:00,2026-01-26 05:48:00,subscriber
r-03303,b-034,Akropoli,Monastiraki,2026-01-13 10:09:00,2026-01-13 11:09:00,casual
r-03304,b-198,Gazi,Syntagma,2026-01-01 20:41:00,2026-01-01 21:03:00,subscriber
r-03305,b-209,Panepistimio,Kifisia,2026-01-08 14:33:00,2026-01-08 15:21:00,casual
r-03306,b-258,Omonia,Syntagma,2026-01-26 00:41:00,2026-01-26 01:53:00,subscriber
r-03307,b-257,Piraeus,Akropoli,2026-01-13 10:27:00,2026-01-13 11:38:00,subscriber
r-03308,b-133,Piraeus,Monastiraki,2026-01-29 06:44:00,2026-01-29 06:52:00,casual
r-03309,b-295,Kifisia,Akropoli,2026-01-23 03:46:00,2026-01-23 04:08:00,subscriber
r-03310,b-154,Monastiraki,Syntagma,2026-01-20 16:07:00,2026-01-20 16:12:00,subscriber
r-03311,b-084,Panepistimio,Omonia,2026-01-11 02:14:00,2026-01-11 02:31:00,subscriber
r-03312,b-244,Panepistimio,Monastiraki,2026-01-19 20:58:00,2026-01-19 21:14:00,casual
r-03313,b-023,Omonia,Monastiraki,2026-01-01 08:27:00,2026-01-01 09:13:00,casual
r-03314,b-171,Monastiraki,Akropoli,2026-01-15 22:51:00,2026-01-16 00:05:00,subscriber
r-03315,b-155,Akropoli,Kifisia,2026-01-08 20:51:00,2026-01-08 21:40:00,casual
r-03316,b-050,Monastiraki,Gazi,2026-01-07 21:59:00,2026-01-07 22:35:00,casual
r-03317,b-099,Syntagma,Kifisia,2026-01-15 19:12:00,2026-01-15 20:38:00,casual
r-03318,b-033,Piraeus,Panepistimio,2026-01-13 18:50:00,2026-01-13 18:56:00,casual
r-03319,b-133,Omonia,Piraeus,2026-01-23 08:55:00,2026-01-23 09:06:00,subscriber
r-03320,b-206,Syntagma,Kifisia,2026-01-26 05:08:00,2026-01-26 06:20:00,casual
r-03321,b-041,Monastiraki,Panepistimio,2026-01-26 10:00:00,2026-01-26 10:21:00,casual
r-03322,b-116,Monastiraki,Kifisia,2026-01-13 15:51:00,2026-01-13 16:46:00,casual
r-03323,b-193,Piraeus,Gazi,2026-01-29 15:59:00,2026-01-29 16:25:00,casual
r-03324,b-298,Panepistimio,Piraeus,2026-01-26 04:17:00,2026-01-26 05:14:00,casual
r-03325,b-260,Kifisia,Omonia,2026-01-29 11:36:00,2026-01-29 12:49:00,casual
r-03326,b-175,Monastiraki,Panepistimio,2026-01-27 03:33:00,2026-01-27 04:15:00,casual
r-03327,b-064,Syntagma,Monastiraki,2026-01-15 14:29:00,2026-01-15 15:56:00,subscriber
r-03328,b-245,Omonia,Syntagma,2026-01-28 14:23:00,2026-01-28 15:52:00,casual
r-03329,b-059,Syntagma,Panepistimio,2026-01-12 13:07:00,2026-01-12 13:58:00,subscriber
r-03330,b-032,Piraeus,Gazi,2026-01-22 22:15:00,2026-01-22 22:28:00,subscriber
r-03331,b-216,Piraeus,Monastiraki,2026-01-28 10:59:00,2026-01-28 12:10:00,casual
r-03332,b-264,Omonia,Syntagma,2026-01-12 15:29:00,2026-01-12 16:24:00,casual
r-03333,b-249,Syntagma,Akropoli,2026-01-16 05:53:00,2026-01-16 06:43:00,subscriber
r-03334,b-070,Akropoli,Kifisia,2026-01-03 13:41:00,2026-01-03 13:47:00,casual
r-03335,b-025,Akropoli,Monastiraki,2026-01-25 11:17:00,2026-01-25 12:34:00,casual
r-03336,b-286,Akropoli,Kifisia,2026-01-18 11:03:00,2026-01-18 11:54:00,casual
r-03337,b-168,Piraeus,Syntagma,2026-01-20 23:08:00,2026-01-21 00:14:00,casual
r-03338,b-160,Syntagma,Kifisia,2026-01-13 06:19:00,2026-01-13 06:42:00,casual
r-03339,b-227,Kifisia,Piraeus,2026-01-20 14:40:00,2026-01-20 15:29:00,casual
r-03340,b-158,Kifisia,Piraeus,2026-01-25 19:06:00,2026-01-25 19:12:00,casual
r-03341,b-067,Syntagma,Akropoli,2026-01-11 09:05:00,2026-01-11 09:32:00,subscriber
r-03342,b-067,Piraeus,Panepistimio,2026-01-18 03:37:00,2026-01-18 04:13:00,subscriber
r-03343,b-056,Akropoli,Syntagma,2026-01-20 09:22:00,2026-01-20 10:08:00,casual
r-03344,b-028,Gazi,Monastiraki,2026-01-30 02:59:00,2026-01-30 03:44:00,subscriber
r-03345,b-090,Omonia,Syntagma,2026-01-20 16:45:00,2026-01-20 17:08:00,subscriber
r-03346,b-245,Kifisia,Panepistimio,2026-01-14 17:14:00,2026-01-14 17:40:00,casual
r-03347,b-162,Omonia,Kifisia,2026-01-15 11:16:00,2026-01-15 12:10:00,subscriber
r-03348,b-091,Monastiraki,Syntagma,2026-01-19 02:08:00,2026-01-19 02:14:00,casual
r-03349,b-258,Gazi,Kifisia,2026-01-05 21:08:00,2026-01-05 21:22:00,casual
r-03350,b-004,Piraeus,Syntagma,2026-01-25 14:37:00,2026-01-25 15:46:00,subscriber
r-03351,b-254,Piraeus,Panepistimio,2026-01-06 06:20:00,2026-01-06 07:23:00,subscriber
r-03352,b-184,Omonia,Gazi,2026-01-10 05:57:00,2026-01-10 06:10:00,casual
r-03353,b-210,Kifisia,Monastiraki,2026-01-01 22:52:00,2026-01-01 23:29:00,casual
r-03354,b-076,Piraeus,Syntagma,2026-01-08 19:15:00,2026-01-08 20:39:00,subscriber
r-03355,b-129,Panepistimio,Gazi,2026-01-08 19:48:00,2026-01-08 19:57:00,subscriber
r-03356,b-178,Panepistimio,Akropoli,2026-01-23 02:53:00,2026-01-23 03:39:00,casual
r-03357,b-180,Kifisia,Akropoli,2026-01-25 13:24:00,2026-01-25 13:33:00,subscriber
r-03358,b-066,Omonia,Panepistimio,2026-01-18 02:29:00,2026-01-18 03:05:00,subscriber
r-03359,b-186,Gazi,Omonia,2026-01-26 16:55:00,2026-01-26 17:27:00,casual
r-03360,b-157,Piraeus,Omonia,2026-01-03 11:29:00,2026-01-03 11:36:00,casual
r-03361,b-075,Kifisia,Omonia,2026-01-14 07:31:00,2026-01-14 08:57:00,subscriber
r-03362,b-079,Omonia,Monastiraki,2026-01-04 19:46:00,2026-01-04 20:03:00,casual
r-03363,b-044,Kifisia,Gazi,2026-01-14 07:48:00,2026-01-14 08:59:00,casual
r-03364,b-151,Panepistimio,Monastiraki,2026-01-21 06:50:00,2026-01-21 07:43:00,subscriber
r-03365,b-285,Syntagma,Omonia,2026-01-23 14:25:00,2026-01-23 14:49:00,casual
r-03366,b-007,Kifisia,Omonia,2026-01-09 01:22:00,2026-01-09 01:34:00,subscriber
r-03367,b-022,Piraeus,Monastiraki,2026-01-04 09:28:00,2026-01-04 10:48:00,casual
r-03368,b-198,Panepistimio,Syntagma,2026-01-16 07:18:00,2026-01-16 08:42:00,subscriber
r-03369,b-118,Omonia,Panepistimio,2026-01-16 02:59:00,2026-01-16 04:11:00,casual
r-03370,b-054,Syntagma,Monastiraki,2026-01-11 18:41:00,2026-01-11 19:23:00,subscriber
r-03371,b-147,Kifisia,Akropoli,2026-01-19 08:54:00,2026-01-19 09:53:00,subscriber
r-03372,b-131,Omonia,Panepistimio,2026-01-20 16:11:00,2026-01-20 16:58:00,casual
r-03373,b-028,Akropoli,Panepistimio,2026-01-17 16:37:00,2026-01-17 17:13:00,subscriber
r-03374,b-112,Monastiraki,Akropoli,2026-01-25 16:27:00,2026-01-25 17:16:00,casual
r-03375,b-165,Syntagma,Piraeus,2026-01-26 11:26:00,2026-01-26 11:42:00,subscriber
r-03376,b-275,Monastiraki,Omonia,2026-01-30 15:02:00,2026-01-30 16:21:00,casual
r-03377,b-276,Akropoli,Kifisia,2026-01-24 04:41:00,2026-01-24 05:49:00,casual
r-03378,b-271,Piraeus,Akropoli,2026-01-29 15:29:00,2026-01-29 16:44:00,subscriber
r-03379,b-247,Akropoli,Omonia,2026-01-28 14:06:00,2026-01-28 14:16:00,subscriber
r-03380,b-231,Akropoli,Kifisia,2026-01-23 03:34:00,2026-01-23 03:50:00,subscriber
r-03381,b-046,Panepistimio,Syntagma,2026-01-12 21:12:00,2026-01-12 22:03:00,casual
r-03382,b-105,Akropoli,Monastiraki,2026-01-12 19:56:00,2026-01-12 20:21:00,subscriber
r-03383,b-121,Omonia,Gazi,2026-01-28 07:03:00,2026-01-28 08:03:00,subscriber
r-03384,b-282,Omonia,Syntagma,2026-01-27 04:25:00,2026-01-27 04:41:00,casual
r-03385,b-108,Omonia,Gazi,2026-01-02 16:51:00,2026-01-02 17:44:00,subscriber
r-03386,b-296,Syntagma,Piraeus,2026-01-24 20:47:00,2026-01-24 21:55:00,subscriber
r-03387,b-060,Monastiraki,Syntagma,2026-01-08 23:15:00,2026-01-08 23:36:00,subscriber
r-03388,b-009,Omonia,Syntagma,2026-01-09 18:11:00,2026-01-09 18:43:00,subscriber
r-03389,b-195,Kifisia,Panepistimio,2026-01-25 02:11:00,2026-01-25 03:03:00,subscriber
r-03390,b-198,Kifisia,Gazi,2026-01-03 09:29:00,2026-01-03 09:35:00,subscriber
r-03391,b-152,Monastiraki,Kifisia,2026-01-01 20:14:00,2026-01-01 21:27:00,subscriber
r-03392,b-032,Monastiraki,Panepistimio,2026-01-18 07:03:00,2026-01-18 07:55:00,subscriber
r-03393,b-125,Gazi,Piraeus,2026-01-26 12:03:00,2026-01-26 12:43:00,subscriber
r-03394,b-248,Syntagma,Kifisia,2026-01-28 04:02:00,2026-01-28 05:10:00,casual
r-03395,b-162,Omonia,Monastiraki,2026-01-20 11:59:00,2026-01-20 13:12:00,casual
r-03396,b-051,Gazi,Kifisia,2026-01-19 22:22:00,2026-01-19 23:40:00,subscriber
r-03397,b-207,Syntagma,Akropoli,2026-01-01 11:59:00,2026-01-01 12:27:00,subscriber
r-03398,b-195,Akropoli,Omonia,2026-01-01 11:49:00,2026-01-01 12:39:00,casual
r-03399,b-024,Syntagma,Piraeus,2026-01-04 17:24:00,2026-01-04 18:09:00,casual
r-03400,b-138,Piraeus,Panepistimio,2026-01-21 00:47:00,2026-01-21 02:15:00,subscriber
r-03401,b-154,Piraeus,Omonia,2026-01-04 16:38:00,2026-01-04 16:42:00,subscriber
r-03402,b-229,Akropoli,Syntagma,2026-01-05 10:37:00,2026-01-05 11:08:00,casual
r-03403,b-241,Akropoli,Kifisia,2026-01-05 21:51:00,2026-01-05 22:45:00,subscriber
r-03404,b-288,Syntagma,Panepistimio,2026-01-25 03:01:00,2026-01-25 04:22:00,subscriber
r-03405,b-284,Panepistimio,Omonia,2026-01-20 21:33:00,2026-01-20 22:29:00,subscriber
r-03406,b-199,Piraeus,Monastiraki,2026-01-18 12:47:00,2026-01-18 13:58:00,casual
r-03407,b-222,Panepistimio,Gazi,2026-01-02 00:50:00,2026-01-02 02:00:00,subscriber
r-03408,b-038,Kifisia,Piraeus,2026-01-22 20:04:00,2026-01-22 21:14:00,casual
r-03409,b-186,Piraeus,Monastiraki,2026-01-02 17:27:00,2026-01-02 18:17:00,casual
r-03410,b-012,Kifisia,Panepistimio,2026-01-04 20:41:00,2026-01-04 21:56:00,subscriber
r-03411,b-221,Monastiraki,Omonia,2026-01-07 02:10:00,2026-01-07 02:15:00,casual
r-03412,b-008,Omonia,Akropoli,2026-01-22 00:29:00,2026-01-22 01:52:00,casual
r-03413,b-293,Syntagma,Kifisia,2026-01-04 21:55:00,2026-01-04 23:08:00,casual
r-03414,b-172,Kifisia,Omonia,2026-01-07 16:02:00,2026-01-07 16:14:00,casual
r-03415,b-149,Kifisia,Panepistimio,2026-01-06 16:38:00,2026-01-06 17:39:00,subscriber
r-03416,b-095,Akropoli,Panepistimio,2026-01-07 14:41:00,2026-01-07 15:46:00,subscriber
r-03417,b-048,Omonia,Panepistimio,2026-01-05 17:28:00,2026-01-05 18:40:00,casual
r-03418,b-084,Akropoli,Monastiraki,2026-01-07 14:28:00,2026-01-07 15:26:00,subscriber
r-03419,b-039,Gazi,Akropoli,2026-01-28 18:48:00,2026-01-28 19:52:00,casual
r-03420,b-068,Gazi,Omonia,2026-01-03 18:19:00,2026-01-03 18:55:00,subscriber
r-03421,b-249,Akropoli,Omonia,2026-01-26 12:37:00,2026-01-26 13:24:00,subscriber
r-03422,b-296,Omonia,Syntagma,2026-01-15 20:23:00,2026-01-15 21:21:00,subscriber
r-03423,b-001,Kifisia,Piraeus,2026-01-07 01:59:00,2026-01-07 02:48:00,subscriber
r-03424,b-176,Piraeus,Monastiraki,2026-01-03 14:22:00,2026-01-03 14:33:00,casual
r-03425,b-109,Kifisia,Monastiraki,2026-01-13 20:29:00,2026-01-13 20:38:00,subscriber
r-03426,b-084,Omonia,Gazi,2026-01-14 00:08:00,2026-01-14 01:11:00,casual
r-03427,b-249,Syntagma,Monastiraki,2026-01-14 01:49:00,2026-01-14 01:52:00,subscriber
r-03428,b-047,Kifisia,Monastiraki,2026-01-08 15:45:00,2026-01-08 16:21:00,subscriber
r-03429,b-192,Piraeus,Akropoli,2026-01-20 10:24:00,2026-01-20 10:36:00,subscriber
r-03430,b-180,Syntagma,Kifisia,2026-01-23 05:53:00,2026-01-23 06:04:00,subscriber
r-03431,b-092,Gazi,Syntagma,2026-01-05 11:54:00,2026-01-05 12:11:00,casual
r-03432,b-096,Monastiraki,Panepistimio,2026-01-06 07:17:00,2026-01-06 08:44:00,casual
r-03433,b-226,Gazi,Monastiraki,2026-01-05 00:19:00,2026-01-05 00:27:00,subscriber
r-03434,b-017,Panepistimio,Syntagma,2026-01-27 06:03:00,2026-01-27 06:23:00,casual
r-03435,b-008,Gazi,Piraeus,2026-01-04 13:25:00,2026-01-04 14:23:00,subscriber
r-03436,b-294,Monastiraki,Gazi,2026-01-23 08:30:00,2026-01-23 09:05:00,casual
r-03437,b-073,Akropoli,Monastiraki,2026-01-26 21:36:00,2026-01-26 22:20:00,casual
r-03438,b-212,Panepistimio,Kifisia,2026-01-20 03:19:00,2026-01-20 04:37:00,casual
r-03439,b-242,Akropoli,Omonia,2026-01-07 07:38:00,2026-01-07 08:57:00,subscriber
r-03440,b-104,Omonia,Akropoli,2026-01-20 03:33:00,2026-01-20 03:47:00,casual
r-03441,b-037,Panepistimio,Kifisia,2026-01-25 20:05:00,2026-01-25 20:18:00,subscriber
r-03442,b-181,Syntagma,Omonia,2026-01-13 01:36:00,2026-01-13 02:21:00,casual
r-03443,b-240,Omonia,Syntagma,2026-01-11 10:14:00,2026-01-11 11:44:00,casual
r-03444,b-269,Kifisia,Omonia,2026-01-11 01:01:00,2026-01-11 01:50:00,subscriber
r-03445,b-031,Piraeus,Akropoli,2026-01-16 16:31:00,2026-01-16 16:53:00,casual
r-03446,b-220,Piraeus,Syntagma,2026-01-13 18:11:00,2026-01-13 19:23:00,casual
r-03447,b-129,Panepistimio,Piraeus,2026-01-10 03:38:00,2026-01-10 04:56:00,casual
r-03448,b-156,Panepistimio,Gazi,2026-01-25 23:56:00,2026-01-26 01:03:00,subscriber
r-03449,b-153,Piraeus,Kifisia,2026-01-15 19:15:00,2026-01-15 19:47:00,casual
r-03450,b-172,Syntagma,Panepistimio,2026-01-07 14:37:00,2026-01-07 15:49:00,subscriber
r-03451,b-026,Akropoli,Piraeus,2026-01-21 14:37:00,2026-01-21 15:36:00,casual
r-03452,b-041,Gazi,Omonia,2026-01-17 17:19:00,2026-01-17 18:19:00,casual
r-03453,b-094,Panepistimio,Gazi,2026-01-19 09:42:00,2026-01-19 10:05:00,subscriber
r-03454,b-167,Gazi,Kifisia,2026-01-28 08:52:00,2026-01-28 08:59:00,subscriber
r-03455,b-015,Akropoli,Piraeus,2026-01-03 06:25:00,2026-01-03 07:31:00,subscriber
r-03456,b-237,Monastiraki,Syntagma,2026-01-11 23:07:00,2026-01-11 23:22:00,casual
r-03457,b-169,Syntagma,Omonia,2026-01-05 15:29:00,2026-01-05 16:48:00,casual
r-03458,b-091,Piraeus,Syntagma,2026-01-21 14:15:00,2026-01-21 15:45:00,subscriber
r-03459,b-190,Piraeus,Gazi,2026-01-30 04:19:00,2026-01-30 04:25:00,subscriber
r-03460,b-091,Monastiraki,Piraeus,2026-01-15 16:12:00,2026-01-15 16:49:00,subscriber
r-03461,b-225,Omonia,Monastiraki,2026-01-05 02:19:00,2026-01-05 03:47:00,casual
r-03462,b-081,Syntagma,Monastiraki,2026-01-27 02:06:00,2026-01-27 02:54:00,casual
r-03463,b-173,Gazi,Syntagma,2026-01-03 15:27:00,2026-01-03 15:40:00,subscriber
r-03464,b-174,Akropoli,Panepistimio,2026-01-09 15:59:00,2026-01-09 16:46:00,subscriber
r-03465,b-253,Syntagma,Kifisia,2026-01-21 06:28:00,2026-01-21 07:07:00,subscriber
r-03466,b-282,Omonia,Akropoli,2026-01-21 11:48:00,2026-01-21 12:15:00,subscriber
r-03467,b-015,Gazi,Piraeus,2026-01-17 10:30:00,2026-01-17 11:48:00,subscriber
r-03468,b-148,Syntagma,Akropoli,2026-01-04 07:49:00,2026-01-04 07:58:00,subscriber
r-03469,b-297,Panepistimio,Piraeus,2026-01-15 04:07:00,2026-01-15 04:11:00,subscriber
r-03470,b-017,Gazi,Monastiraki,2026-01-01 11:16:00,2026-01-01 11:54:00,subscriber
r-03471,b-037,Akropoli,Syntagma,2026-01-20 19:56:00,2026-01-20 20:04:00,casual
r-03472,b-173,Monastiraki,Omonia,2026-01-29 20:41:00,2026-01-29 22:02:00,subscriber
r-03473,b-125,Gazi,Kifisia,2026-01-26 03:46:00,2026-01-26 04:34:00,casual
r-03474,b-186,Omonia,Syntagma,2026-01-27 03:24:00,2026-01-27 04:10:00,casual
r-03475,b-250,Syntagma,Akropoli,2026-01-04 13:10:00,2026-01-04 13:17:00,subscriber
r-03476,b-220,Piraeus,Akropoli,2026-01-30 15:33:00,2026-01-30 15:38:00,subscriber
r-03477,b-225,Piraeus,Gazi,2026-01-04 16:29:00,2026-01-04 17:41:00,casual
r-03478,b-257,Panepistimio,Akropoli,2026-01-13 07:00:00,2026-01-13 07:08:00,casual
r-03479,b-148,Panepistimio,Gazi,2026-01-07 00:52:00,2026-01-07 01:22:00,casual
r-03480,b-002,Panepistimio,Syntagma,2026-01-27 18:39:00,2026-01-27 19:29:00,casual
r-03481,b-081,Piraeus,Kifisia,2026-01-23 16:03:00,2026-01-23 17:04:00,casual
r-03482,b-179,Panepistimio,Monastiraki,2026-01-16 06:21:00,2026-01-16 06:25:00,subscriber
r-03483,b-161,Panepistimio,Akropoli,2026-01-04 15:36:00,2026-01-04 16:42:00,casual
r-03484,b-055,Omonia,Panepistimio,2026-01-07 06:00:00,2026-01-07 06:53:00,casual
r-03485,b-032,Omonia,Gazi,2026-01-25 18:48:00,2026-01-25 19:23:00,subscriber
r-03486,b-114,Panepistimio,Kifisia,2026-01-27 09:31:00,2026-01-27 09:53:00,casual
r-03487,b-017,Monastiraki,Syntagma,2026-01-16 09:34:00,2026-01-16 09:49:00,subscriber
r-03488,b-126,Syntagma,Panepistimio,2026-01-30 14:29:00,2026-01-30 15:25:00,subscriber
r-03489,b-130,Piraeus,Akropoli,2026-01-30 07:59:00,2026-01-30 09:11:00,subscriber
r-03490,b-197,Monastiraki,Syntagma,2026-01-01 23:13:00,2026-01-01 23:35:00,casual
r-03491,b-004,Omonia,Gazi,2026-01-21 13:02:00,2026-01-21 13:33:00,casual
r-03492,b-289,Gazi,Kifisia,2026-01-16 13:22:00,2026-01-16 14:23:00,casual
r-03493,b-088,Omonia,Syntagma,2026-01-16 01:06:00,2026-01-16 02:21:00,casual
r-03494,b-119,Piraeus,Syntagma,2026-01-15 12:26:00,2026-01-15 12:50:00,subscriber
r-03495,b-005,Omonia,Kifisia,2026-01-20 09:44:00,2026-01-20 11:12:00,subscriber
r-03496,b-096,Gazi,Akropoli,2026-01-22 03:47:00,2026-01-22 04:37:00,subscriber
r-03497,b-065,Kifisia,Syntagma,2026-01-12 23:26:00,2026-01-13 00:28:00,subscriber
r-03498,b-177,Monastiraki,Kifisia,2026-01-21 13:58:00,2026-01-21 14:15:00,subscriber
r-03499,b-097,Syntagma,Omonia,2026-01-11 14:28:00,2026-01-11 15:41:00,casual
r-03500,b-181,Omonia,Syntagma,2026-01-08 23:46:00,2026-01-09 00:01:00,subscriber
r-03501,b-003,Kifisia,Gazi,2026-01-25 02:26:00,2026-01-25 03:42:00,casual
r-03502,b-058,Piraeus,Syntagma,2026-01-27 01:43:00,2026-01-27 01:58:00,casual
r-03503,b-282,Gazi,Omonia,2026-01-10 22:56:00,2026-01-11 00:07:00,subscriber
r-03504,b-241,Kifisia,Gazi,2026-01-28 02:50:00,2026-01-28 03:33:00,subscriber
r-03505,b-026,Syntagma,Piraeus,2026-01-05 14:53:00,2026-01-05 15:44:00,casual
r-03506,b-281,Panepistimio,Syntagma,2026-01-12 02:08:00,2026-01-12 03:12:00,casual
r-03507,b-261,Kifisia,Monastiraki,2026-01-29 00:48:00,2026-01-29 01:10:00,casual
r-03508,b-050,Syntagma,Piraeus,2026-01-16 10:18:00,2026-01-16 11:00:00,subscriber
r-03509,b-028,Omonia,Syntagma,2026-01-08 23:38:00,2026-01-09 00:42:00,subscriber
r-03510,b-066,Akropoli,Gazi,2026-01-26 10:03:00,2026-01-26 10:33:00,subscriber
r-03511,b-130,Omonia,Syntagma,2026-01-07 11:45:00,2026-01-07 13:12:00,subscriber
r-03512,b-109,Kifisia,Omonia,2026-01-13 23:01:00,2026-01-13 23:39:00,subscriber
r-03513,b-185,Monastiraki,Akropoli,2026-01-25 05:19:00,2026-01-25 05:36:00,subscriber
r-03514,b-007,Omonia,Piraeus,2026-01-01 19:08:00,2026-01-01 20:37:00,subscriber
r-03515,b-142,Panepistimio,Syntagma,2026-01-02 23:26:00,2026-01-03 00:50:00,subscriber
r-03516,b-225,Omonia,Piraeus,2026-01-11 07:13:00,2026-01-11 07:32:00,casual
r-03517,b-191,Monastiraki,Omonia,2026-01-17 16:18:00,2026-01-17 16:37:00,subscriber
r-03518,b-172,Monastiraki,Akropoli,2026-01-03 05:15:00,2026-01-03 05:34:00,subscriber
r-03519,b-002,Piraeus,Monastiraki,2026-01-19 20:43:00,2026-01-19 21:18:00,subscriber
r-03520,b-226,Panepistimio,Kifisia,2026-01-17 00:12:00,2026-01-17 01:31:00,casual
r-03521,b-050,Piraeus,Akropoli,2026-01-22 06:00:00,2026-01-22 06:48:00,subscriber
r-03522,b-083,Syntagma,Piraeus,2026-01-07 08:12:00,2026-01-07 08:24:00,subscriber
r-03523,b-153,Monastiraki,Akropoli,2026-01-20 06:04:00,2026-01-20 07:34:00,casual
r-03524,b-272,Omonia,Gazi,2026-01-29 00:13:00,2026-01-29 00:21:00,subscriber
r-03525,b-278,Akropoli,Monastiraki,2026-01-06 18:20:00,2026-01-06 18:26:00,casual
r-03526,b-084,Piraeus,Panepistimio,2026-01-04 09:03:00,2026-01-04 10:25:00,subscriber
r-03527,b-215,Panepistimio,Syntagma,2026-01-27 03:50:00,2026-01-27 04:03:00,casual
r-03528,b-208,Syntagma,Panepistimio,2026-01-01 23:16:00,2026-01-02 00:23:00,casual
r-03529,b-021,Kifisia,Piraeus,2026-01-20 08:13:00,2026-01-20 09:06:00,casual
r-03530,b-293,Omonia,Syntagma,2026-01-11 23:26:00,2026-01-12 00:19:00,casual
r-03531,b-298,Syntagma,Panepistimio,2026-01-17 19:27:00,2026-01-17 20:16:00,casual
r-03532,b-221,Syntagma,Akropoli,2026-01-12 22:14:00,2026-01-12 22:55:00,casual
r-03533,b-097,Akropoli,Gazi,2026-01-10 06:27:00,2026-01-10 07:57:00,subscriber
r-03534,b-155,Gazi,Syntagma,2026-01-27 03:55:00,2026-01-27 04:51:00,casual
r-03535,b-087,Panepistimio,Monastiraki,2026-01-08 22:42:00,2026-01-08 23:43:00,casual
r-03536,b-152,Monastiraki,Syntagma,2026-01-07 11:07:00,2026-01-07 12:05:00,subscriber
r-03537,b-071,Piraeus,Gazi,2026-01-12 23:19:00,2026-01-12 23:49:00,casual
r-03538,b-078,Gazi,Omonia,2026-01-31 02:56:00,2026-01-31 04:10:00,subscriber
r-03539,b-253,Syntagma,Gazi,2026-01-24 18:10:00,2026-01-24 19:18:00,subscriber
r-03540,b-123,Omonia,Piraeus,2026-01-29 16:14:00,2026-01-29 17:09:00,casual
r-03541,b-113,Piraeus,Omonia,2026-01-05 04:26:00,2026-01-05 05:53:00,subscriber
r-03542,b-145,Panepistimio,Monastiraki,2026-01-26 19:20:00,2026-01-26 20:06:00,casual
r-03543,b-273,Syntagma,Panepistimio,2026-01-09 19:52:00,2026-01-09 20:41:00,subscriber
r-03544,b-018,Akropoli,Monastiraki,2026-01-11 13:39:00,2026-01-11 14:13:00,subscriber
r-03545,b-271,Gazi,Kifisia,2026-01-04 20:42:00,2026-01-04 20:55:00,casual
r-03546,b-137,Gazi,Piraeus,2026-01-19 19:05:00,2026-01-19 19:11:00,casual
r-03547,b-170,Akropoli,Panepistimio,2026-01-22 13:59:00,2026-01-22 14:51:00,casual
r-03548,b-172,Akropoli,Piraeus,2026-01-19 14:24:00,2026-01-19 15:42:00,subscriber
r-03549,b-289,Piraeus,Omonia,2026-01-17 17:45:00,2026-01-17 18:18:00,casual
r-03550,b-258,Piraeus,Gazi,2026-01-13 15:50:00,2026-01-13 16:43:00,casual
r-03551,b-065,Panepistimio,Omonia,2026-01-04 05:26:00,2026-01-04 06:24:00,subscriber
r-03552,b-012,Akropoli,Omonia,2026-01-09 09:25:00,2026-01-09 10:11:00,subscriber
r-03553,b-045,Akropoli,Gazi,2026-01-27 09:31:00,2026-01-27 10:16:00,casual
r-03554,b-191,Omonia,Panepistimio,2026-01-09 18:28:00,2026-01-09 19:22:00,casual
r-03555,b-058,Kifisia,Monastiraki,2026-01-19 09:42:00,2026-01-19 10:23:00,subscriber
r-03556,b-123,Akropoli,Monastiraki,2026-01-01 22:47:00,2026-01-01 23:48:00,casual
r-03557,b-198,Akropoli,Monastiraki,2026-01-28 02:48:00,2026-01-28 03:06:00,subscriber
r-03558,b-279,Akropoli,Piraeus,2026-01-14 08:17:00,2026-01-14 08:26:00,subscriber
r-03559,b-060,Piraeus,Kifisia,2026-01-12 14:40:00,2026-01-12 15:03:00,casual
r-03560,b-029,Panepistimio,Piraeus,2026-01-15 17:57:00,2026-01-15 18:39:00,casual
r-03561,b-235,Panepistimio,Piraeus,2026-01-27 02:50:00,2026-01-27 03:45:00,subscriber
r-03562,b-274,Syntagma,Monastiraki,2026-01-06 01:52:00,2026-01-06 03:22:00,subscriber
r-03563,b-073,Gazi,Monastiraki,2026-01-23 21:25:00,2026-01-23 22:35:00,subscriber
r-03564,b-286,Kifisia,Syntagma,2026-01-04 22:43:00,2026-01-04 23:33:00,casual
r-03565,b-144,Panepistimio,Omonia,2026-01-15 19:42:00,2026-01-15 20:05:00,subscriber
r-03566,b-137,Kifisia,Omonia,2026-01-21 00:53:00,2026-01-21 02:00:00,casual
r-03567,b-084,Kifisia,Monastiraki,2026-01-03 13:05:00,2026-01-03 13:22:00,subscriber
r-03568,b-076,Gazi,Piraeus,2026-01-25 09:50:00,2026-01-25 10:45:00,subscriber
r-03569,b-296,Kifisia,Monastiraki,2026-01-21 13:44:00,2026-01-21 14:46:00,casual
r-03570,b-097,Gazi,Panepistimio,2026-01-19 13:14:00,2026-01-19 14:44:00,subscriber
r-03571,b-032,Monastiraki,Panepistimio,2026-01-22 15:12:00,2026-01-22 15:15:00,subscriber
r-03572,b-225,Omonia,Kifisia,2026-01-29 23:21:00,2026-01-30 00:09:00,subscriber
r-03573,b-266,Gazi,Piraeus,2026-01-02 10:51:00,2026-01-02 11:41:00,subscriber
r-03574,b-092,Omonia,Akropoli,2026-01-02 23:43:00,2026-01-02 23:49:00,subscriber
r-03575,b-238,Omonia,Panepistimio,2026-01-04 07:46:00,2026-01-04 08:28:00,subscriber
r-03576,b-155,Syntagma,Gazi,2026-01-06 18:58:00,2026-01-06 19:55:00,subscriber
r-03577,b-204,Panepistimio,Kifisia,2026-01-27 10:35:00,2026-01-27 10:53:00,subscriber
r-03578,b-063,Syntagma,Omonia,2026-01-23 19:59:00,2026-01-23 20:23:00,subscriber
r-03579,b-079,Gazi,Omonia,2026-01-18 12:58:00,2026-01-18 14:20:00,casual
r-03580,b-249,Omonia,Gazi,2026-01-09 08:15:00,2026-01-09 08:21:00,subscriber
r-03581,b-181,Gazi,Akropoli,2026-01-16 23:42:00,2026-01-17 00:01:00,subscriber
r-03582,b-227,Omonia,Monastiraki,2026-01-12 00:16:00,2026-01-12 00:37:00,subscriber
r-03583,b-148,Omonia,Syntagma,2026-01-29 08:46:00,2026-01-29 09:13:00,casual
r-03584,b-067,Gazi,Monastiraki,2026-01-22 21:23:00,2026-01-22 21:54:00,subscriber
r-03585,b-180,Monastiraki,Gazi,2026-01-20 14:16:00,2026-01-20 15:13:00,subscriber
r-03586,b-283,Monastiraki,Syntagma,2026-01-22 16:51:00,2026-01-22 17:44:00,casual
r-03587,b-255,Omonia,Akropoli,2026-01-03 09:45:00,2026-01-03 10:53:00,subscriber
r-03588,b-020,Panepistimio,Akropoli,2026-01-24 08:19:00,2026-01-24 08:42:00,subscriber
r-03589,b-203,Monastiraki,Omonia,2026-01-01 23:27:00,2026-01-02 00:32:00,subscriber
r-03590,b-287,Panepistimio,Gazi,2026-01-17 10:54:00,2026-01-17 12:19:00,subscriber
r-03591,b-135,Piraeus,Gazi,2026-01-05 09:54:00,2026-01-05 11:00:00,casual
r-03592,b-227,Panepistimio,Omonia,2026-01-19 15:40:00,2026-01-19 16:44:00,casual
r-03593,b-079,Panepistimio,Monastiraki,2026-01-07 07:06:00,2026-01-07 07:27:00,subscriber
r-03594,b-055,Syntagma,Piraeus,2026-01-08 16:16:00,2026-01-08 17:24:00,casual
r-03595,b-290,Gazi,Akropoli,2026-01-12 21:10:00,2026-01-12 21:32:00,subscriber
r-03596,b-182,Omonia,Piraeus,2026-01-30 01:35:00,2026-01-30 02:01:00,casual
r-03597,b-173,Omonia,Kifisia,2026-01-03 22:26:00,2026-01-03 23:17:00,subscriber
r-03598,b-125,Syntagma,Akropoli,2026-01-18 05:52:00,2026-01-18 07:18:00,casual
r-03599,b-029,Monastiraki,Gazi,2026-01-12 11:12:00,2026-01-12 11:23:00,casual
r-03600,b-054,Kifisia,Omonia,2026-01-19 09:25:00,2026-01-19 10:55:00,subscriber
r-03601,b-287,Gazi,Monastiraki,2026-01-01 14:53:00,2026-01-01 15:58:00,casual
r-03602,b-007,Gazi,Monastiraki,2026-01-06 21:17:00,2026-01-06 22:43:00,subscriber
r-03603,b-030,Omonia,Akropoli,2026-01-11 08:01:00,2026-01-11 08:53:00,casual
r-03604,b-188,Kifisia,Gazi,2026-01-19 12:08:00,2026-01-19 12:40:00,casual
r-03605,b-244,Akropoli,Kifisia,2026-01-04 05:05:00,2026-01-04 05:48:00,subscriber
r-03606,b-038,Akropoli,Gazi,2026-01-17 18:53:00,2026-01-17 19:36:00,subscriber
r-03607,b-045,Monastiraki,Panepistimio,2026-01-29 19:59:00,2026-01-29 21:26:00,casual
r-03608,b-176,Monastiraki,Gazi,2026-01-13 12:21:00,2026-01-13 12:33:00,casual
r-03609,b-047,Syntagma,Gazi,2026-01-20 19:46:00,2026-01-20 20:23:00,casual
r-03610,b-281,Gazi,Panepistimio,2026-01-28 07:05:00,2026-01-28 07:35:00,casual
r-03611,b-001,Syntagma,Akropoli,2026-01-17 14:45:00,2026-01-17 15:11:00,subscriber
r-03612,b-082,Omonia,Akropoli,2026-01-02 03:50:00,2026-01-02 04:25:00,subscriber
r-03613,b-070,Kifisia,Syntagma,2026-01-04 13:40:00,2026-01-04 15:02:00,subscriber
r-03614,b-293,Monastiraki,Omonia,2026-01-08 03:28:00,2026-01-08 04:10:00,subscriber
r-03615,b-273,Piraeus,Panepistimio,2026-01-20 21:40:00,2026-01-20 23:02:00,casual
r-03616,b-038,Kifisia,Monastiraki,2026-01-19 19:26:00,2026-01-19 19:33:00,subscriber
r-03617,b-041,Kifisia,Monastiraki,2026-01-20 17:42:00,2026-01-20 18:47:00,subscriber
r-03618,b-015,Piraeus,Gazi,2026-01-07 08:01:00,2026-01-07 09:00:00,casual
r-03619,b-279,Kifisia,Gazi,2026-01-16 18:24:00,2026-01-16 19:40:00,casual
r-03620,b-293,Panepistimio,Piraeus,2026-01-17 08:55:00,2026-01-17 09:28:00,casual
r-03621,b-196,Monastiraki,Piraeus,2026-01-10 13:44:00,2026-01-10 14:01:00,casual
r-03622,b-297,Syntagma,Gazi,2026-01-15 09:15:00,2026-01-15 09:42:00,casual
r-03623,b-024,Monastiraki,Omonia,2026-01-09 14:27:00,2026-01-09 14:59:00,subscriber
r-03624,b-013,Monastiraki,Panepistimio,2026-01-06 20:13:00,2026-01-06 21:31:00,casual
r-03625,b-289,Akropoli,Omonia,2026-01-23 11:09:00,2026-01-23 12:00:00,casual
r-03626,b-026,Syntagma,Piraeus,2026-01-14 06:18:00,2026-01-14 07:22:00,subscriber
r-03627,b-157,Kifisia,Panepistimio,2026-01-07 17:13:00,2026-01-07 18:09:00,casual
r-03628,b-206,Piraeus,Panepistimio,2026-01-26 03:01:00,2026-01-26 04:29:00,casual
r-03629,b-046,Kifisia,Omonia,2026-01-27 09:12:00,2026-01-27 10:12:00,casual
r-03630,b-018,Gazi,Panepistimio,2026-01-10 11:52:00,2026-01-10 12:44:00,casual
r-03631,b-126,Syntagma,Akropoli,2026-01-16 09:07:00,2026-01-16 09:14:00,casual
r-03632,b-020,Kifisia,Monastiraki,2026-01-15 15:46:00,2026-01-15 16:17:00,casual
r-03633,b-096,Piraeus,Akropoli,2026-01-13 17:31:00,2026-01-13 18:46:00,casual
r-03634,b-290,Monastiraki,Piraeus,2026-01-21 10:06:00,2026-01-21 10:19:00,casual
r-03635,b-165,Piraeus,Monastiraki,2026-01-07 14:01:00,2026-01-07 15:16:00,subscriber
r-03636,b-005,Kifisia,Gazi,2026-01-03 14:07:00,2026-01-03 14:57:00,subscriber
r-03637,b-271,Monastiraki,Omonia,2026-01-18 01:57:00,2026-01-18 02:44:00,subscriber
r-03638,b-154,Panepistimio,Akropoli,2026-01-22 09:21:00,2026-01-22 10:16:00,subscriber
r-03639,b-287,Akropoli,Gazi,2026-01-04 21:35:00,2026-01-04 22:18:00,casual
r-03640,b-212,Gazi,Omonia,2026-01-29 04:09:00,2026-01-29 05:02:00,casual
r-03641,b-135,Gazi,Kifisia,2026-01-12 14:53:00,2026-01-12 15:34:00,casual
r-03642,b-038,Akropoli,Kifisia,2026-01-11 09:50:00,2026-01-11 10:32:00,casual
r-03643,b-126,Piraeus,Akropoli,2026-01-29 04:27:00,2026-01-29 04:45:00,subscriber
r-03644,b-116,Kifisia,Omonia,2026-01-13 02:19:00,2026-01-13 02:57:00,casual
r-03645,b-288,Syntagma,Gazi,2026-01-19 23:44:00,2026-01-20 00:20:00,subscriber
r-03646,b-169,Syntagma,Gazi,2026-01-07 23:35:00,2026-01-08 00:06:00,casual
r-03647,b-112,Kifisia,Gazi,2026-01-07 04:08:00,2026-01-07 05:28:00,casual
r-03648,b-005,Omonia,Syntagma,2026-01-05 20:57:00,2026-01-05 21:31:00,casual
r-03649,b-246,Omonia,Syntagma,2026-01-07 04:59:00,2026-01-07 05:09:00,subscriber
r-03650,b-266,Akropoli,Kifisia,2026-01-23 03:07:00,2026-01-23 03:51:00,casual
r-03651,b-173,Piraeus,Omonia,2026-01-10 02:29:00,2026-01-10 03:08:00,casual
r-03652,b-126,Omonia,Syntagma,2026-01-27 23:38:00,2026-01-27 23:57:00,subscriber
r-03653,b-222,Akropoli,Gazi,2026-01-03 06:52:00,2026-01-03 07:33:00,casual
r-03654,b-115,Omonia,Piraeus,2026-01-18 16:42:00,2026-01-18 16:53:00,subscriber
r-03655,b-070,Gazi,Syntagma,2026-01-02 13:54:00,2026-01-02 14:15:00,subscriber
r-03656,b-202,Gazi,Kifisia,2026-01-10 14:51:00,2026-01-10 15:53:00,casual
r-03657,b-170,Piraeus,Monastiraki,2026-01-25 09:33:00,2026-01-25 10:52:00,casual
r-03658,b-285,Kifisia,Syntagma,2026-01-29 21:56:00,2026-01-29 23:25:00,casual
r-03659,b-134,Panepistimio,Syntagma,2026-01-04 22:09:00,2026-01-04 23:25:00,casual
r-03660,b-168,Panepistimio,Omonia,2026-01-26 11:31:00,2026-01-26 12:12:00,casual
r-03661,b-115,Monastiraki,Syntagma,2026-01-18 23:40:00,2026-01-19 00:11:00,casual
r-03662,b-098,Akropoli,Monastiraki,2026-01-03 12:29:00,2026-01-03 12:58:00,casual
r-03663,b-128,Omonia,Syntagma,2026-01-08 12:06:00,2026-01-08 13:34:00,subscriber
r-03664,b-136,Akropoli,Monastiraki,2026-01-15 10:37:00,2026-01-15 11:38:00,casual
r-03665,b-155,Monastiraki,Syntagma,2026-01-10 19:05:00,2026-01-10 20:31:00,subscriber
r-03666,b-203,Piraeus,Akropoli,2026-01-21 20:21:00,2026-01-21 21:38:00,subscriber
r-03667,b-073,Gazi,Piraeus,2026-01-02 19:41:00,2026-01-02 20:54:00,casual
r-03668,b-046,Syntagma,Omonia,2026-01-18 16:37:00,2026-01-18 17:54:00,casual
r-03669,b-135,Monastiraki,Akropoli,2026-01-21 06:34:00,2026-01-21 07:13:00,subscriber
r-03670,b-164,Panepistimio,Kifisia,2026-01-03 01:00:00,2026-01-03 01:41:00,subscriber
r-03671,b-084,Gazi,Syntagma,2026-01-08 09:28:00,2026-01-08 10:00:00,subscriber
r-03672,b-201,Akropoli,Panepistimio,2026-01-26 18:40:00,2026-01-26 20:01:00,casual
r-03673,b-082,Gazi,Piraeus,2026-01-09 13:53:00,2026-01-09 14:53:00,subscriber
r-03674,b-120,Omonia,Gazi,2026-01-10 11:35:00,2026-01-10 11:55:00,subscriber
r-03675,b-206,Omonia,Panepistimio,2026-01-07 12:52:00,2026-01-07 12:57:00,subscriber
r-03676,b-012,Syntagma,Omonia,2026-01-11 03:24:00,2026-01-11 03:53:00,subscriber
r-03677,b-226,Piraeus,Panepistimio,2026-01-10 07:28:00,2026-01-10 08:03:00,subscriber
r-03678,b-234,Piraeus,Kifisia,2026-01-06 22:11:00,2026-01-06 23:39:00,casual
r-03679,b-245,Piraeus,Monastiraki,2026-01-01 19:41:00,2026-01-01 20:40:00,casual
r-03680,b-143,Syntagma,Omonia,2026-01-15 16:16:00,2026-01-15 16:50:00,casual
r-03681,b-119,Monastiraki,Omonia,2026-01-10 22:02:00,2026-01-10 22:12:00,casual
r-03682,b-111,Panepistimio,Syntagma,2026-01-23 12:37:00,2026-01-23 13:01:00,casual
r-03683,b-152,Omonia,Gazi,2026-01-07 07:58:00,2026-01-07 08:06:00,casual
r-03684,b-233,Syntagma,Monastiraki,2026-01-04 10:23:00,2026-01-04 11:40:00,subscriber
r-03685,b-027,Omonia,Panepistimio,2026-01-08 18:29:00,2026-01-08 19:56:00,casual
r-03686,b-133,Piraeus,Kifisia,2026-01-03 23:53:00,2026-01-04 00:52:00,casual
r-03687,b-134,Kifisia,Omonia,2026-01-05 22:57:00,2026-01-06 00:00:00,casual
r-03688,b-026,Omonia,Panepistimio,2026-01-06 03:38:00,2026-01-06 05:00:00,casual
r-03689,b-226,Panepistimio,Gazi,2026-01-17 16:57:00,2026-01-17 18:21:00,subscriber
r-03690,b-259,Omonia,Panepistimio,2026-01-22 16:26:00,2026-01-22 17:49:00,subscriber
r-03691,b-021,Gazi,Akropoli,2026-01-09 12:28:00,2026-01-09 12:50:00,casual
r-03692,b-131,Akropoli,Piraeus,2026-01-18 20:49:00,2026-01-18 21:42:00,subscriber
r-03693,b-097,Panepistimio,Piraeus,2026-01-12 14:13:00,2026-01-12 15:18:00,casual
r-03694,b-067,Omonia,Syntagma,2026-01-27 10:18:00,2026-01-27 10:30:00,subscriber
r-03695,b-235,Monastiraki,Gazi,2026-01-05 05:52:00,2026-01-05 06:01:00,subscriber
r-03696,b-026,Piraeus,Kifisia,2026-01-12 01:27:00,2026-01-12 02:14:00,subscriber
r-03697,b-019,Kifisia,Omonia,2026-01-22 00:20:00,2026-01-22 00:29:00,subscriber
r-03698,b-129,Gazi,Syntagma,2026-01-28 13:27:00,2026-01-28 13:49:00,casual
r-03699,b-057,Gazi,Piraeus,2026-01-09 10:38:00,2026-01-09 11:57:00,casual
r-03700,b-253,Omonia,Monastiraki,2026-01-05 23:26:00,2026-01-05 23:51:00,casual
r-03701,b-233,Panepistimio,Gazi,2026-01-12 22:00:00,2026-01-12 22:34:00,subscriber
r-03702,b-149,Gazi,Kifisia,2026-01-08 18:38:00,2026-01-08 18:43:00,subscriber
r-03703,b-193,Piraeus,Monastiraki,2026-01-07 21:39:00,2026-01-07 21:56:00,casual
r-03704,b-099,Piraeus,Kifisia,2026-01-13 04:43:00,2026-01-13 06:01:00,subscriber
r-03705,b-149,Panepistimio,Monastiraki,2026-01-01 09:38:00,2026-01-01 10:50:00,casual
r-03706,b-258,Syntagma,Panepistimio,2026-01-15 01:54:00,2026-01-15 02:53:00,casual
r-03707,b-139,Gazi,Syntagma,2026-01-24 11:29:00,2026-01-24 12:48:00,casual
r-03708,b-192,Syntagma,Kifisia,2026-01-02 06:43:00,2026-01-02 07:07:00,casual
r-03709,b-161,Gazi,Syntagma,2026-01-24 10:18:00,2026-01-24 11:48:00,subscriber
r-03710,b-094,Akropoli,Gazi,2026-01-21 17:32:00,2026-01-21 18:38:00,casual
r-03711,b-163,Panepistimio,Monastiraki,2026-01-20 18:32:00,2026-01-20 19:56:00,casual
r-03712,b-255,Omonia,Akropoli,2026-01-11 22:41:00,2026-01-11 23:18:00,casual
r-03713,b-291,Omonia,Panepistimio,2026-01-15 20:19:00,2026-01-15 20:43:00,subscriber
r-03714,b-179,Monastiraki,Akropoli,2026-01-02 03:09:00,2026-01-02 04:05:00,subscriber
r-03715,b-189,Omonia,Syntagma,2026-01-07 18:50:00,2026-01-07 20:10:00,subscriber
r-03716,b-037,Akropoli,Syntagma,2026-01-08 04:49:00,2026-01-08 06:07:00,casual
r-03717,b-163,Syntagma,Omonia,2026-01-20 00:23:00,2026-01-20 00:53:00,casual
r-03718,b-126,Panepistimio,Akropoli,2026-01-27 19:13:00,2026-01-27 20:07:00,casual
r-03719,b-152,Piraeus,Monastiraki,2026-01-08 08:23:00,2026-01-08 09:48:00,subscriber
r-03720,b-172,Piraeus,Syntagma,2026-01-03 06:41:00,2026-01-03 07:39:00,casual
r-03721,b-283,Syntagma,Piraeus,2026-01-29 17:01:00,2026-01-29 18:09:00,casual
r-03722,b-055,Panepistimio,Piraeus,2026-01-05 18:03:00,2026-01-05 18:30:00,subscriber
r-03723,b-140,Syntagma,Monastiraki,2026-01-31 03:06:00,2026-01-31 04:17:00,subscriber
r-03724,b-078,Monastiraki,Omonia,2026-01-08 11:31:00,2026-01-08 11:42:00,subscriber
r-03725,b-152,Gazi,Piraeus,2026-01-09 04:50:00,2026-01-09 05:02:00,subscriber
r-03726,b-223,Omonia,Kifisia,2026-01-18 06:51:00,2026-01-18 08:02:00,casual
r-03727,b-005,Piraeus,Omonia,2026-01-25 17:13:00,2026-01-25 18:19:00,subscriber
r-03728,b-285,Gazi,Omonia,2026-01-27 20:37:00,2026-01-27 20:54:00,subscriber
r-03729,b-069,Akropoli,Kifisia,2026-01-19 01:23:00,2026-01-19 02:05:00,subscriber
r-03730,b-258,Omonia,Gazi,2026-01-03 06:30:00,2026-01-03 07:22:00,casual
r-03731,b-161,Kifisia,Monastiraki,2026-01-21 11:02:00,2026-01-21 12:26:00,casual
r-03732,b-205,Piraeus,Omonia,2026-01-18 23:29:00,2026-01-19 00:53:00,casual
r-03733,b-067,Piraeus,Gazi,2026-01-06 17:42:00,2026-01-06 19:01:00,subscriber
r-03734,b-073,Omonia,Syntagma,2026-01-14 19:31:00,2026-01-14 20:58:00,casual
r-03735,b-094,Monastiraki,Omonia,2026-01-07 22:11:00,2026-01-07 22:36:00,subscriber
r-03736,b-084,Syntagma,Panepistimio,2026-01-15 05:50:00,2026-01-15 06:01:00,casual
r-03737,b-249,Monastiraki,Panepistimio,2026-01-25 12:58:00,2026-01-25 13:28:00,subscriber
r-03738,b-209,Kifisia,Monastiraki,2026-01-05 10:21:00,2026-01-05 11:24:00,casual
r-03739,b-083,Monastiraki,Piraeus,2026-01-27 12:27:00,2026-01-27 13:37:00,subscriber
r-03740,b-113,Syntagma,Monastiraki,2026-01-06 09:07:00,2026-01-06 10:20:00,casual
r-03741,b-087,Syntagma,Piraeus,2026-01-20 13:12:00,2026-01-20 14:07:00,subscriber
r-03742,b-083,Gazi,Monastiraki,2026-01-04 04:08:00,2026-01-04 04:11:00,casual
r-03743,b-050,Piraeus,Monastiraki,2026-01-10 03:14:00,2026-01-10 04:26:00,subscriber
r-03744,b-092,Syntagma,Panepistimio,2026-01-15 23:27:00,2026-01-16 00:50:00,casual
r-03745,b-001,Panepistimio,Gazi,2026-01-12 10:48:00,2026-01-12 11:58:00,casual
r-03746,b-088,Piraeus,Kifisia,2026-01-26 12:11:00,2026-01-26 12:34:00,subscriber
r-03747,b-222,Piraeus,Akropoli,2026-01-04 01:08:00,2026-01-04 02:08:00,subscriber
r-03748,b-117,Panepistimio,Kifisia,2026-01-22 03:35:00,2026-01-22 04:33:00,subscriber
r-03749,b-105,Piraeus,Gazi,2026-01-26 15:05:00,2026-01-26 15:34:00,subscriber
r-03750,b-173,Monastiraki,Gazi,2026-01-23 08:16:00,2026-01-23 09:11:00,subscriber
r-03751,b-204,Piraeus,Monastiraki,2026-01-30 01:20:00,2026-01-30 02:32:00,casual
r-03752,b-157,Piraeus,Akropoli,2026-01-06 02:25:00,2026-01-06 02:59:00,subscriber
r-03753,b-259,Panepistimio,Monastiraki,2026-01-01 08:53:00,2026-01-01 09:05:00,subscriber
r-03754,b-277,Omonia,Syntagma,2026-01-10 11:40:00,2026-01-10 12:11:00,subscriber
r-03755,b-033,Kifisia,Gazi,2026-01-17 05:33:00,2026-01-17 05:59:00,casual
r-03756,b-253,Piraeus,Panepistimio,2026-01-16 03:23:00,2026-01-16 03:28:00,casual
r-03757,b-190,Syntagma,Akropoli,2026-01-05 15:44:00,2026-01-05 17:10:00,subscriber
r-03758,b-137,Monastiraki,Kifisia,2026-01-01 14:51:00,2026-01-01 16:15:00,subscriber
r-03759,b-228,Omonia,Akropoli,2026-01-04 17:59:00,2026-01-04 19:21:00,casual
r-03760,b-215,Monastiraki,Panepistimio,2026-01-06 15:33:00,2026-01-06 16:34:00,subscriber
r-03761,b-255,Gazi,Piraeus,2026-01-25 22:56:00,2026-01-25 23:37:00,subscriber
r-03762,b-189,Piraeus,Panepistimio,2026-01-02 02:10:00,2026-01-02 02:32:00,casual
r-03763,b-182,Omonia,Gazi,2026-01-25 15:07:00,2026-01-25 15:59:00,subscriber
r-03764,b-158,Kifisia,Monastiraki,2026-01-07 15:07:00,2026-01-07 15:51:00,subscriber
r-03765,b-140,Panepistimio,Gazi,2026-01-16 23:06:00,2026-01-16 23:50:00,casual
r-03766,b-228,Syntagma,Kifisia,2026-01-29 22:14:00,2026-01-29 23:38:00,casual
r-03767,b-138,Syntagma,Akropoli,2026-01-07 13:05:00,2026-01-07 14:22:00,casual
r-03768,b-156,Piraeus,Panepistimio,2026-01-07 19:53:00,2026-01-07 21:15:00,subscriber
r-03769,b-012,Piraeus,Panepistimio,2026-01-21 06:16:00,2026-01-21 07:32:00,subscriber
r-03770,b-255,Kifisia,Omonia,2026-01-26 12:17:00,2026-01-26 13:36:00,casual
r-03771,b-142,Akropoli,Panepistimio,2026-01-26 18:44:00,2026-01-26 19:32:00,subscriber
r-03772,b-211,Akropoli,Syntagma,2026-01-24 12:01:00,2026-01-24 12:28:00,casual
r-03773,b-176,Kifisia,Akropoli,2026-01-12 08:54:00,2026-01-12 09:33:00,subscriber
r-03774,b-150,Monastiraki,Akropoli,2026-01-19 11:27:00,2026-01-19 12:44:00,subscriber
r-03775,b-086,Gazi,Syntagma,2026-01-13 09:41:00,2026-01-13 10:21:00,casual
r-03776,b-017,Omonia,Syntagma,2026-01-01 18:49:00,2026-01-01 19:33:00,subscriber
r-03777,b-204,Kifisia,Syntagma,2026-01-19 11:14:00,2026-01-19 11:34:00,casual
r-03778,b-279,Syntagma,Monastiraki,2026-01-14 12:37:00,2026-01-14 13:50:00,subscriber
r-03779,b-267,Akropoli,Omonia,2026-01-13 15:31:00,2026-01-13 16:42:00,subscriber
r-03780,b-022,Panepistimio,Kifisia,2026-01-11 09:52:00,2026-01-11 09:55:00,casual
r-03781,b-243,Panepistimio,Gazi,2026-01-23 06:58:00,2026-01-23 07:40:00,casual
r-03782,b-122,Gazi,Panepistimio,2026-01-06 03:45:00,2026-01-06 04:58:00,subscriber
r-03783,b-025,Gazi,Syntagma,2026-01-08 03:09:00,2026-01-08 04:09:00,subscriber
r-03784,b-200,Gazi,Piraeus,2026-01-11 00:29:00,2026-01-11 00:37:00,casual
r-03785,b-105,Gazi,Piraeus,2026-01-05 23:13:00,2026-01-06 00:31:00,subscriber
r-03786,b-286,Akropoli,Syntagma,2026-01-17 14:24:00,2026-01-17 15:16:00,casual
r-03787,b-151,Kifisia,Akropoli,2026-01-27 01:29:00,2026-01-27 01:56:00,casual
r-03788,b-246,Syntagma,Gazi,2026-01-21 18:14:00,2026-01-21 19:29:00,subscriber
r-03789,b-213,Kifisia,Monastiraki,2026-01-31 01:56:00,2026-01-31 02:14:00,subscriber
r-03790,b-191,Panepistimio,Akropoli,2026-01-02 18:06:00,2026-01-02 18:23:00,subscriber
r-03791,b-156,Akropoli,Omonia,2026-01-03 11:59:00,2026-01-03 12:31:00,casual
r-03792,b-248,Syntagma,Akropoli,2026-01-07 07:39:00,2026-01-07 08:58:00,casual
r-03793,b-192,Piraeus,Kifisia,2026-01-16 22:35:00,2026-01-16 23:32:00,subscriber
r-03794,b-065,Piraeus,Monastiraki,2026-01-15 00:38:00,2026-01-15 00:45:00,subscriber
r-03795,b-245,Piraeus,Kifisia,2026-01-16 01:27:00,2026-01-16 02:14:00,subscriber
r-03796,b-093,Omonia,Monastiraki,2026-01-15 16:31:00,2026-01-15 17:28:00,subscriber
r-03797,b-111,Gazi,Monastiraki,2026-01-29 01:10:00,2026-01-29 01:14:00,casual
r-03798,b-158,Akropoli,Panepistimio,2026-01-21 08:08:00,2026-01-21 08:14:00,casual
r-03799,b-167,Akropoli,Piraeus,2026-01-19 00:40:00,2026-01-19 01:21:00,casual
r-03800,b-088,Piraeus,Omonia,2026-01-28 12:23:00,2026-01-28 12:54:00,subscriber
r-03801,b-004,Panepistimio,Omonia,2026-01-11 21:08:00,2026-01-11 22:19:00,casual
r-03802,b-179,Akropoli,Omonia,2026-01-05 01:23:00,2026-01-05 01:43:00,subscriber
r-03803,b-128,Syntagma,Monastiraki,2026-01-05 23:00:00,2026-01-05 23:24:00,casual
r-03804,b-035,Omonia,Syntagma,2026-01-07 03:30:00,2026-01-07 04:57:00,casual
r-03805,b-238,Omonia,Piraeus,2026-01-12 02:40:00,2026-01-12 04:04:00,casual
r-03806,b-280,Akropoli,Gazi,2026-01-08 11:32:00,2026-01-08 12:29:00,subscriber
r-03807,b-165,Gazi,Piraeus,2026-01-29 10:27:00,2026-01-29 11:14:00,casual
r-03808,b-178,Akropoli,Monastiraki,2026-01-09 02:44:00,2026-01-09 03:10:00,subscriber
r-03809,b-258,Piraeus,Syntagma,2026-01-15 13:28:00,2026-01-15 13:43:00,casual
r-03810,b-035,Monastiraki,Akropoli,2026-01-23 14:23:00,2026-01-23 15:13:00,subscriber
r-03811,b-158,Syntagma,Panepistimio,2026-01-16 14:59:00,2026-01-16 15:08:00,subscriber
r-03812,b-138,Kifisia,Omonia,2026-01-13 02:09:00,2026-01-13 03:09:00,casual
r-03813,b-073,Panepistimio,Omonia,2026-01-11 19:34:00,2026-01-11 20:23:00,casual
r-03814,b-237,Akropoli,Syntagma,2026-01-21 06:48:00,2026-01-21 07:58:00,subscriber
r-03815,b-293,Akropoli,Piraeus,2026-01-17 13:17:00,2026-01-17 14:34:00,casual
r-03816,b-105,Akropoli,Kifisia,2026-01-10 09:50:00,2026-01-10 10:26:00,subscriber
r-03817,b-274,Kifisia,Akropoli,2026-01-16 12:07:00,2026-01-16 12:39:00,subscriber
r-03818,b-112,Monastiraki,Gazi,2026-01-11 10:45:00,2026-01-11 11:12:00,casual
r-03819,b-267,Panepistimio,Monastiraki,2026-01-05 02:49:00,2026-01-05 03:00:00,subscriber
r-03820,b-274,Kifisia,Akropoli,2026-01-20 18:31:00,2026-01-20 18:38:00,subscriber
r-03821,b-090,Gazi,Kifisia,2026-01-26 16:11:00,2026-01-26 16:22:00,casual
r-03822,b-147,Panepistimio,Syntagma,2026-01-26 01:26:00,2026-01-26 02:29:00,casual
r-03823,b-093,Monastiraki,Panepistimio,2026-01-09 16:55:00,2026-01-09 17:38:00,subscriber
r-03824,b-109,Piraeus,Omonia,2026-01-21 14:14:00,2026-01-21 14:56:00,casual
r-03825,b-263,Syntagma,Monastiraki,2026-01-11 15:19:00,2026-01-11 16:23:00,subscriber
r-03826,b-150,Kifisia,Monastiraki,2026-01-17 13:06:00,2026-01-17 14:03:00,casual
r-03827,b-246,Monastiraki,Piraeus,2026-01-18 16:43:00,2026-01-18 17:49:00,casual
r-03828,b-034,Piraeus,Akropoli,2026-01-18 13:51:00,2026-01-18 14:14:00,casual
r-03829,b-295,Piraeus,Monastiraki,2026-01-11 13:11:00,2026-01-11 13:40:00,casual
r-03830,b-175,Piraeus,Omonia,2026-01-18 10:46:00,2026-01-18 12:09:00,subscriber
r-03831,b-019,Syntagma,Piraeus,2026-01-29 01:50:00,2026-01-29 03:08:00,subscriber
r-03832,b-117,Gazi,Panepistimio,2026-01-03 12:40:00,2026-01-03 13:51:00,subscriber
r-03833,b-049,Gazi,Monastiraki,2026-01-25 12:18:00,2026-01-25 12:50:00,subscriber
r-03834,b-268,Piraeus,Gazi,2026-01-25 22:09:00,2026-01-25 23:28:00,casual
r-03835,b-142,Akropoli,Panepistimio,2026-01-14 10:00:00,2026-01-14 10:24:00,casual
r-03836,b-190,Kifisia,Akropoli,2026-01-29 12:23:00,2026-01-29 13:51:00,casual
r-03837,b-252,Gazi,Kifisia,2026-01-09 02:26:00,2026-01-09 03:40:00,casual
r-03838,b-267,Gazi,Kifisia,2026-01-30 05:42:00,2026-01-30 06:58:00,subscriber
r-03839,b-074,Syntagma,Omonia,2026-01-24 22:08:00,2026-01-24 22:25:00,subscriber
r-03840,b-276,Kifisia,Gazi,2026-01-21 09:48:00,2026-01-21 11:05:00,subscriber
r-03841,b-232,Panepistimio,Piraeus,2026-01-07 14:21:00,2026-01-07 15:02:00,subscriber
r-03842,b-298,Gazi,Kifisia,2026-01-22 08:45:00,2026-01-22 08:49:00,casual
r-03843,b-137,Monastiraki,Kifisia,2026-01-13 06:55:00,2026-01-13 07:40:00,subscriber
r-03844,b-201,Omonia,Gazi,2026-01-20 16:42:00,2026-01-20 17:48:00,subscriber
r-03845,b-016,Panepistimio,Piraeus,2026-01-05 02:39:00,2026-01-05 03:05:00,subscriber
r-03846,b-223,Gazi,Kifisia,2026-01-25 08:53:00,2026-01-25 10:00:00,subscriber
r-03847,b-252,Panepistimio,Gazi,2026-01-05 01:28:00,2026-01-05 02:44:00,subscriber
r-03848,b-012,Syntagma,Kifisia,2026-01-13 20:29:00,2026-01-13 21:15:00,subscriber
r-03849,b-025,Kifisia,Akropoli,2026-01-06 03:05:00,2026-01-06 04:04:00,casual
r-03850,b-300,Piraeus,Panepistimio,2026-01-15 16:44:00,2026-01-15 17:05:00,subscriber
r-03851,b-161,Monastiraki,Piraeus,2026-01-11 09:24:00,2026-01-11 10:14:00,subscriber
r-03852,b-065,Gazi,Monastiraki,2026-01-22 11:33:00,2026-01-22 11:37:00,casual
r-03853,b-124,Monastiraki,Gazi,2026-01-02 05:49:00,2026-01-02 06:07:00,subscriber
r-03854,b-294,Omonia,Kifisia,2026-01-01 19:23:00,2026-01-01 19:57:00,casual
r-03855,b-063,Gazi,Omonia,2026-01-15 07:44:00,2026-01-15 08:04:00,subscriber
r-03856,b-272,Syntagma,Piraeus,2026-01-20 17:57:00,2026-01-20 18:05:00,casual
r-03857,b-146,Monastiraki,Syntagma,2026-01-25 16:22:00,2026-01-25 16:37:00,casual
r-03858,b-237,Akropoli,Monastiraki,2026-01-04 02:37:00,2026-01-04 02:57:00,subscriber
r-03859,b-272,Gazi,Piraeus,2026-01-19 13:24:00,2026-01-19 13:35:00,casual
r-03860,b-226,Piraeus,Monastiraki,2026-01-10 16:36:00,2026-01-10 17:27:00,subscriber
r-03861,b-126,Piraeus,Akropoli,2026-01-11 05:03:00,2026-01-11 05:50:00,subscriber
r-03862,b-004,Syntagma,Piraeus,2026-01-17 09:49:00,2026-01-17 10:22:00,casual
r-03863,b-188,Piraeus,Syntagma,2026-01-26 02:47:00,2026-01-26 03:31:00,casual
r-03864,b-172,Panepistimio,Syntagma,2026-01-21 19:54:00,2026-01-21 21:22:00,casual
r-03865,b-096,Kifisia,Akropoli,2026-01-18 10:13:00,2026-01-18 10:46:00,casual
r-03866,b-149,Monastiraki,Akropoli,2026-01-17 02:42:00,2026-01-17 02:59:00,subscriber
r-03867,b-069,Syntagma,Piraeus,2026-01-19 05:08:00,2026-01-19 06:37:00,subscriber
r-03868,b-015,Omonia,Akropoli,2026-01-22 19:02:00,2026-01-22 20:07:00,subscriber
r-03869,b-194,Piraeus,Kifisia,2026-01-26 02:57:00,2026-01-26 04:16:00,casual
r-03870,b-091,Panepistimio,Omonia,2026-01-01 13:07:00,2026-01-01 13:53:00,subscriber
r-03871,b-212,Akropoli,Syntagma,2026-01-18 12:33:00,2026-01-18 13:08:00,subscriber
r-03872,b-105,Kifisia,Omonia,2026-01-02 22:11:00,2026-01-02 22:27:00,casual
r-03873,b-136,Akropoli,Panepistimio,2026-01-25 16:48:00,2026-01-25 18:12:00,subscriber
r-03874,b-287,Syntagma,Omonia,2026-01-18 07:44:00,2026-01-18 08:02:00,subscriber
r-03875,b-136,Panepistimio,Syntagma,2026-01-07 11:51:00,2026-01-07 12:56:00,subscriber
r-03876,b-069,Panepistimio,Akropoli,2026-01-23 11:30:00,2026-01-23 12:26:00,subscriber
r-03877,b-139,Akropoli,Piraeus,2026-01-13 07:35:00,2026-01-13 08:59:00,casual
r-03878,b-163,Panepistimio,Gazi,2026-01-06 14:46:00,2026-01-06 15:56:00,subscriber
r-03879,b-023,Piraeus,Akropoli,2026-01-02 07:36:00,2026-01-02 08:52:00,casual
r-03880,b-002,Akropoli,Piraeus,2026-01-23 20:59:00,2026-01-23 21:53:00,subscriber
r-03881,b-261,Akropoli,Gazi,2026-01-09 05:06:00,2026-01-09 06:13:00,casual
r-03882,b-122,Gazi,Syntagma,2026-01-13 14:29:00,2026-01-13 15:12:00,casual
r-03883,b-252,Omonia,Kifisia,2026-01-25 19:14:00,2026-01-25 20:15:00,subscriber
r-03884,b-218,Panepistimio,Syntagma,2026-01-21 23:21:00,2026-01-21 23:58:00,subscriber
r-03885,b-018,Akropoli,Kifisia,2026-01-06 03:24:00,2026-01-06 04:16:00,subscriber
r-03886,b-253,Monastiraki,Gazi,2026-01-15 05:12:00,2026-01-15 05:41:00,subscriber
r-03887,b-184,Kifisia,Gazi,2026-01-26 06:58:00,2026-01-26 08:01:00,subscriber
r-03888,b-244,Piraeus,Omonia,2026-01-11 23:37:00,2026-01-12 00:07:00,casual
r-03889,b-005,Monastiraki,Omonia,2026-01-01 23:12:00,2026-01-01 23:47:00,subscriber
r-03890,b-263,Gazi,Monastiraki,2026-01-29 16:08:00,2026-01-29 16:25:00,casual
r-03891,b-069,Omonia,Akropoli,2026-01-02 09:19:00,2026-01-02 09:45:00,casual
r-03892,b-035,Syntagma,Panepistimio,2026-01-13 08:54:00,2026-01-13 09:18:00,subscriber
r-03893,b-183,Syntagma,Piraeus,2026-01-11 22:06:00,2026-01-11 22:19:00,casual
r-03894,b-144,Syntagma,Panepistimio,2026-01-22 08:26:00,2026-01-22 08:46:00,subscriber
r-03895,b-140,Kifisia,Gazi,2026-01-02 05:29:00,2026-01-02 05:39:00,subscriber
r-03896,b-191,Omonia,Panepistimio,2026-01-27 01:09:00,2026-01-27 01:39:00,subscriber
r-03897,b-248,Monastiraki,Syntagma,2026-01-26 09:39:00,2026-01-26 11:04:00,casual
r-03898,b-142,Omonia,Monastiraki,2026-01-05 19:54:00,2026-01-05 21:18:00,casual
r-03899,b-200,Kifisia,Monastiraki,2026-01-02 14:45:00,2026-01-02 16:03:00,casual
r-03900,b-091,Panepistimio,Monastiraki,2026-01-27 11:19:00,2026-01-27 12:14:00,casual
r-03901,b-074,Akropoli,Kifisia,2026-01-04 21:20:00,2026-01-04 22:26:00,subscriber
r-03902,b-110,Akropoli,Kifisia,2026-01-14 12:20:00,2026-01-14 12:24:00,subscriber
r-03903,b-027,Monastiraki,Gazi,2026-01-20 09:53:00,2026-01-20 10:08:00,subscriber
r-03904,b-221,Piraeus,Akropoli,2026-01-10 02:10:00,2026-01-10 02:52:00,subscriber
r-03905,b-007,Syntagma,Akropoli,2026-01-18 16:40:00,2026-01-18 17:10:00,subscriber
r-03906,b-087,Kifisia,Gazi,2026-01-26 04:32:00,2026-01-26 05:26:00,subscriber
r-03907,b-172,Syntagma,Gazi,2026-01-08 05:25:00,2026-01-08 05:32:00,subscriber
r-03908,b-293,Omonia,Syntagma,2026-01-19 02:59:00,2026-01-19 03:55:00,casual
r-03909,b-174,Syntagma,Monastiraki,2026-01-10 06:43:00,2026-01-10 07:38:00,casual
r-03910,b-031,Gazi,Syntagma,2026-01-22 23:41:00,2026-01-23 01:01:00,subscriber
r-03911,b-289,Omonia,Panepistimio,2026-01-23 20:35:00,2026-01-23 21:09:00,subscriber
r-03912,b-237,Panepistimio,Gazi,2026-01-02 12:23:00,2026-01-02 13:25:00,subscriber
r-03913,b-083,Kifisia,Monastiraki,2026-01-09 22:59:00,2026-01-09 23:06:00,subscriber
r-03914,b-022,Piraeus,Akropoli,2026-01-06 07:13:00,2026-01-06 07:42:00,casual
r-03915,b-073,Piraeus,Panepistimio,2026-01-04 18:32:00,2026-01-04 19:58:00,subscriber
r-03916,b-144,Akropoli,Omonia,2026-01-06 19:01:00,2026-01-06 19:07:00,casual
r-03917,b-086,Monastiraki,Gazi,2026-01-06 10:11:00,2026-01-06 11:17:00,subscriber
r-03918,b-157,Kifisia,Omonia,2026-01-22 21:41:00,2026-01-22 21:44:00,subscriber
r-03919,b-116,Omonia,Kifisia,2026-01-19 20:37:00,2026-01-19 20:46:00,casual
r-03920,b-074,Omonia,Panepistimio,2026-01-14 16:10:00,2026-01-14 16:29:00,subscriber
r-03921,b-176,Syntagma,Omonia,2026-01-30 19:43:00,2026-01-30 20:36:00,subscriber
r-03922,b-043,Akropoli,Kifisia,2026-01-11 02:28:00,2026-01-11 03:46:00,subscriber
r-03923,b-229,Akropoli,Omonia,2026-01-02 02:35:00,2026-01-02 03:52:00,casual
r-03924,b-094,Syntagma,Omonia,2026-01-09 12:55:00,2026-01-09 13:46:00,casual
r-03925,b-049,Gazi,Omonia,2026-01-30 12:44:00,2026-01-30 14:07:00,subscriber
r-03926,b-239,Piraeus,Syntagma,2026-01-07 06:35:00,2026-01-07 07:38:00,casual
r-03927,b-177,Omonia,Panepistimio,2026-01-26 16:36:00,2026-01-26 16:42:00,casual
r-03928,b-196,Gazi,Syntagma,2026-01-27 22:15:00,2026-01-27 23:27:00,subscriber
r-03929,b-057,Monastiraki,Gazi,2026-01-07 07:32:00,2026-01-07 07:48:00,casual
r-03930,b-221,Monastiraki,Omonia,2026-01-25 18:34:00,2026-01-25 19:51:00,casual
r-03931,b-246,Piraeus,Omonia,2026-01-14 07:52:00,2026-01-14 09:12:00,casual
r-03932,b-110,Piraeus,Monastiraki,2026-01-24 17:05:00,2026-01-24 18:34:00,casual
r-03933,b-270,Syntagma,Gazi,2026-01-18 14:22:00,2026-01-18 14:32:00,casual
r-03934,b-262,Akropoli,Syntagma,2026-01-15 12:44:00,2026-01-15 13:45:00,subscriber
r-03935,b-057,Monastiraki,Gazi,2026-01-21 06:45:00,2026-01-21 08:12:00,subscriber
r-03936,b-224,Omonia,Syntagma,2026-01-23 15:58:00,2026-01-23 16:38:00,casual
r-03937,b-271,Piraeus,Akropoli,2026-01-03 07:38:00,2026-01-03 07:47:00,subscriber
r-03938,b-102,Omonia,Kifisia,2026-01-19 05:18:00,2026-01-19 06:38:00,casual
r-03939,b-224,Akropoli,Gazi,2026-01-11 19:43:00,2026-01-11 20:21:00,casual
r-03940,b-115,Omonia,Syntagma,2026-01-21 18:28:00,2026-01-21 18:36:00,casual
r-03941,b-076,Piraeus,Monastiraki,2026-01-15 19:57:00,2026-01-15 20:35:00,subscriber
r-03942,b-252,Omonia,Monastiraki,2026-01-08 23:41:00,2026-01-08 23:52:00,subscriber
r-03943,b-107,Gazi,Syntagma,2026-01-01 23:53:00,2026-01-02 00:41:00,subscriber
r-03944,b-281,Syntagma,Monastiraki,2026-01-01 10:09:00,2026-01-01 10:19:00,casual
r-03945,b-123,Piraeus,Panepistimio,2026-01-12 15:36:00,2026-01-12 16:16:00,subscriber
r-03946,b-267,Syntagma,Gazi,2026-01-29 04:40:00,2026-01-29 04:43:00,subscriber
r-03947,b-002,Monastiraki,Akropoli,2026-01-06 20:30:00,2026-01-06 21:05:00,subscriber
r-03948,b-078,Piraeus,Akropoli,2026-01-27 17:07:00,2026-01-27 17:21:00,subscriber
r-03949,b-234,Kifisia,Monastiraki,2026-01-07 15:40:00,2026-01-07 17:10:00,casual
r-03950,b-278,Piraeus,Syntagma,2026-01-29 10:46:00,2026-01-29 10:54:00,casual
r-03951,b-281,Monastiraki,Kifisia,2026-01-14 23:54:00,2026-01-15 01:06:00,casual
r-03952,b-021,Piraeus,Monastiraki,2026-01-23 04:19:00,2026-01-23 04:55:00,subscriber
r-03953,b-113,Akropoli,Piraeus,2026-01-02 09:11:00,2026-01-02 10:30:00,subscriber
r-03954,b-126,Monastiraki,Piraeus,2026-01-21 02:39:00,2026-01-21 02:57:00,casual
r-03955,b-048,Monastiraki,Panepistimio,2026-01-05 02:05:00,2026-01-05 02:20:00,casual
r-03956,b-294,Omonia,Kifisia,2026-01-13 03:02:00,2026-01-13 03:47:00,casual
r-03957,b-134,Panepistimio,Piraeus,2026-01-08 03:55:00,2026-01-08 04:00:00,subscriber
r-03958,b-123,Panepistimio,Omonia,2026-01-04 10:43:00,2026-01-04 11:32:00,casual
r-03959,b-165,Syntagma,Akropoli,2026-01-20 02:58:00,2026-01-20 03:53:00,casual
r-03960,b-298,Akropoli,Omonia,2026-01-27 11:47:00,2026-01-27 13:07:00,casual
r-03961,b-028,Kifisia,Monastiraki,2026-01-19 17:44:00,2026-01-19 18:42:00,subscriber
r-03962,b-009,Omonia,Panepistimio,2026-01-03 23:57:00,2026-01-04 01:10:00,subscriber
r-03963,b-114,Omonia,Monastiraki,2026-01-25 20:48:00,2026-01-25 21:02:00,casual
r-03964,b-201,Syntagma,Omonia,2026-01-28 11:29:00,2026-01-28 12:08:00,subscriber
r-03965,b-036,Gazi,Akropoli,2026-01-02 20:47:00,2026-01-02 21:57:00,casual
r-03966,b-117,Omonia,Akropoli,2026-01-13 06:15:00,2026-01-13 06:59:00,casual
r-03967,b-082,Piraeus,Omonia,2026-01-30 07:57:00,2026-01-30 08:24:00,subscriber
r-03968,b-151,Syntagma,Monastiraki,2026-01-17 00:13:00,2026-01-17 01:14:00,subscriber
r-03969,b-287,Monastiraki,Kifisia,2026-01-08 14:11:00,2026-01-08 15:33:00,subscriber
r-03970,b-060,Monastiraki,Gazi,2026-01-26 10:33:00,2026-01-26 11:18:00,casual
r-03971,b-168,Omonia,Kifisia,2026-01-04 11:51:00,2026-01-04 13:14:00,casual
r-03972,b-204,Akropoli,Piraeus,2026-01-27 00:32:00,2026-01-27 00:37:00,subscriber
r-03973,b-089,Kifisia,Akropoli,2026-01-02 18:37:00,2026-01-02 18:47:00,subscriber
r-03974,b-013,Piraeus,Panepistimio,2026-01-03 20:29:00,2026-01-03 21:05:00,subscriber
r-03975,b-074,Panepistimio,Gazi,2026-01-05 05:07:00,2026-01-05 05:26:00,casual
r-03976,b-090,Monastiraki,Piraeus,2026-01-05 06:39:00,2026-01-05 06:45:00,subscriber
r-03977,b-180,Piraeus,Syntagma,2026-01-07 02:53:00,2026-01-07 04:08:00,subscriber
r-03978,b-192,Akropoli,Gazi,2026-01-07 00:38:00,2026-01-07 00:44:00,subscriber
r-03979,b-167,Piraeus,Kifisia,2026-01-23 23:41:00,2026-01-24 00:38:00,subscriber
r-03980,b-024,Piraeus,Gazi,2026-01-13 02:24:00,2026-01-13 03:06:00,casual
r-03981,b-215,Omonia,Akropoli,2026-01-31 03:32:00,2026-01-31 03:57:00,subscriber
r-03982,b-013,Piraeus,Kifisia,2026-01-30 04:30:00,2026-01-30 05:11:00,subscriber
r-03983,b-004,Gazi,Monastiraki,2026-01-29 15:25:00,2026-01-29 15:39:00,casual
r-03984,b-159,Panepistimio,Piraeus,2026-01-24 01:16:00,2026-01-24 02:39:00,casual
r-03985,b-286,Panepistimio,Omonia,2026-01-08 02:38:00,2026-01-08 03:14:00,casual
r-03986,b-087,Piraeus,Akropoli,2026-01-05 02:44:00,2026-01-05 03:49:00,subscriber
r-03987,b-235,Omonia,Kifisia,2026-01-15 19:10:00,2026-01-15 19:25:00,subscriber
r-03988,b-201,Syntagma,Gazi,2026-01-19 06:36:00,2026-01-19 07:36:00,casual
r-03989,b-067,Piraeus,Monastiraki,2026-01-18 23:10:00,2026-01-18 23:57:00,casual
r-03990,b-280,Kifisia,Panepistimio,2026-01-04 19:39:00,2026-01-04 21:01:00,casual
r-03991,b-240,Akropoli,Panepistimio,2026-01-24 13:45:00,2026-01-24 14:22:00,subscriber
r-03992,b-107,Syntagma,Piraeus,2026-01-08 14:22:00,2026-01-08 15:39:00,casual
r-03993,b-262,Piraeus,Syntagma,2026-01-02 00:25:00,2026-01-02 00:32:00,casual
r-03994,b-075,Kifisia,Omonia,2026-01-24 02:47:00,2026-01-24 04:02:00,subscriber
r-03995,b-108,Akropoli,Kifisia,2026-01-12 01:00:00,2026-01-12 01:43:00,casual
r-03996,b-194,Piraeus,Gazi,2026-01-03 18:35:00,2026-01-03 19:17:00,subscriber
r-03997,b-222,Monastiraki,Panepistimio,2026-01-06 08:39:00,2026-01-06 09:01:00,casual
r-03998,b-132,Omonia,Panepistimio,2026-01-28 20:23:00,2026-01-28 21:11:00,subscriber
r-03999,b-145,Akropoli,Kifisia,2026-01-02 02:46:00,2026-01-02 03:40:00,subscriber
r-04000,b-101,Kifisia,Piraeus,2026-01-06 23:08:00,2026-01-06 23:23:00,subscriber
r-04001,b-002,Kifisia,Monastiraki,2026-01-25 12:12:00,2026-01-25 12:33:00,casual
r-04002,b-148,Panepistimio,Omonia,2026-01-11 23:02:00,2026-01-11 23:44:00,subscriber
r-04003,b-215,Akropoli,Gazi,2026-01-04 06:44:00,2026-01-04 07:54:00,subscriber
r-04004,b-010,Akropoli,Kifisia,2026-01-19 18:32:00,2026-01-19 19:26:00,casual
r-04005,b-047,Syntagma,Omonia,2026-01-05 19:24:00,2026-01-05 19:39:00,subscriber
r-04006,b-143,Panepistimio,Piraeus,2026-01-18 05:18:00,2026-01-18 06:00:00,subscriber
r-04007,b-206,Syntagma,Monastiraki,2026-01-09 19:41:00,2026-01-09 20:15:00,subscriber
r-04008,b-123,Piraeus,Syntagma,2026-01-15 11:38:00,2026-01-15 12:59:00,casual
r-04009,b-030,Piraeus,Syntagma,2026-01-07 19:24:00,2026-01-07 19:39:00,subscriber
r-04010,b-229,Panepistimio,Syntagma,2026-01-08 18:12:00,2026-01-08 18:22:00,subscriber
r-04011,b-007,Akropoli,Syntagma,2026-01-04 23:34:00,2026-01-04 23:48:00,subscriber
r-04012,b-055,Monastiraki,Omonia,2026-01-14 21:17:00,2026-01-14 22:20:00,casual
r-04013,b-285,Kifisia,Piraeus,2026-01-05 20:01:00,2026-01-05 21:19:00,casual
r-04014,b-182,Piraeus,Monastiraki,2026-01-03 09:47:00,2026-01-03 10:03:00,subscriber
r-04015,b-146,Monastiraki,Gazi,2026-01-24 10:08:00,2026-01-24 10:44:00,casual
r-04016,b-062,Gazi,Syntagma,2026-01-25 04:13:00,2026-01-25 04:58:00,subscriber
r-04017,b-173,Gazi,Monastiraki,2026-01-10 17:02:00,2026-01-10 18:01:00,subscriber
r-04018,b-286,Kifisia,Monastiraki,2026-01-06 18:23:00,2026-01-06 18:28:00,casual
r-04019,b-240,Kifisia,Monastiraki,2026-01-25 02:48:00,2026-01-25 02:51:00,subscriber
r-04020,b-055,Monastiraki,Akropoli,2026-01-11 15:36:00,2026-01-11 16:38:00,casual
r-04021,b-241,Monastiraki,Kifisia,2026-01-02 14:01:00,2026-01-02 15:14:00,subscriber
r-04022,b-247,Piraeus,Omonia,2026-01-07 05:45:00,2026-01-07 06:13:00,casual
r-04023,b-174,Panepistimio,Akropoli,2026-01-06 19:44:00,2026-01-06 20:55:00,subscriber
r-04024,b-055,Piraeus,Akropoli,2026-01-03 04:02:00,2026-01-03 05:02:00,subscriber
r-04025,b-282,Syntagma,Piraeus,2026-01-09 14:51:00,2026-01-09 15:30:00,casual
r-04026,b-087,Syntagma,Monastiraki,2026-01-17 08:21:00,2026-01-17 09:23:00,casual
r-04027,b-203,Omonia,Monastiraki,2026-01-14 16:12:00,2026-01-14 16:39:00,subscriber
r-04028,b-020,Piraeus,Akropoli,2026-01-08 17:14:00,2026-01-08 17:32:00,casual
r-04029,b-181,Piraeus,Akropoli,2026-01-28 18:03:00,2026-01-28 19:31:00,casual
r-04030,b-200,Kifisia,Syntagma,2026-01-13 03:31:00,2026-01-13 04:24:00,casual
r-04031,b-061,Piraeus,Akropoli,2026-01-17 13:24:00,2026-01-17 13:35:00,subscriber
r-04032,b-165,Omonia,Syntagma,2026-01-27 15:24:00,2026-01-27 16:13:00,subscriber
r-04033,b-075,Akropoli,Kifisia,2026-01-06 14:05:00,2026-01-06 15:00:00,casual
r-04034,b-112,Kifisia,Syntagma,2026-01-04 15:24:00,2026-01-04 15:27:00,subscriber
r-04035,b-081,Akropoli,Kifisia,2026-01-17 21:33:00,2026-01-17 21:41:00,casual
r-04036,b-071,Panepistimio,Gazi,2026-01-10 23:25:00,2026-01-10 23:42:00,casual
r-04037,b-013,Monastiraki,Omonia,2026-01-25 23:49:00,2026-01-26 00:29:00,subscriber
r-04038,b-039,Piraeus,Akropoli,2026-01-15 01:14:00,2026-01-15 01:30:00,subscriber
r-04039,b-052,Syntagma,Omonia,2026-01-15 17:35:00,2026-01-15 18:07:00,casual
r-04040,b-187,Kifisia,Gazi,2026-01-04 13:50:00,2026-01-04 14:41:00,casual
r-04041,b-169,Panepistimio,Monastiraki,2026-01-14 13:37:00,2026-01-14 14:31:00,subscriber
r-04042,b-002,Monastiraki,Syntagma,2026-01-15 10:26:00,2026-01-15 11:39:00,casual
r-04043,b-216,Akropoli,Panepistimio,2026-01-02 02:39:00,2026-01-02 02:57:00,casual
r-04044,b-063,Piraeus,Kifisia,2026-01-08 09:48:00,2026-01-08 10:53:00,casual
r-04045,b-057,Gazi,Omonia,2026-01-22 20:03:00,2026-01-22 20:37:00,subscriber
r-04046,b-169,Kifisia,Panepistimio,2026-01-26 04:23:00,2026-01-26 04:35:00,subscriber
r-04047,b-289,Gazi,Kifisia,2026-01-07 10:20:00,2026-01-07 10:52:00,casual
r-04048,b-133,Gazi,Omonia,2026-01-24 09:26:00,2026-01-24 09:41:00,subscriber
r-04049,b-237,Syntagma,Kifisia,2026-01-18 11:06:00,2026-01-18 12:30:00,subscriber
r-04050,b-152,Syntagma,Omonia,2026-01-11 16:02:00,2026-01-11 16:54:00,casual
r-04051,b-237,Akropoli,Panepistimio,2026-01-21 03:16:00,2026-01-21 04:06:00,casual
r-04052,b-227,Gazi,Syntagma,2026-01-07 18:23:00,2026-01-07 18:30:00,subscriber
r-04053,b-257,Panepistimio,Syntagma,2026-01-02 13:50:00,2026-01-02 14:51:00,casual
r-04054,b-135,Piraeus,Kifisia,2026-01-06 21:48:00,2026-01-06 22:37:00,casual
r-04055,b-032,Panepistimio,Akropoli,2026-01-25 12:36:00,2026-01-25 14:01:00,subscriber
r-04056,b-117,Gazi,Omonia,2026-01-05 18:43:00,2026-01-05 19:48:00,subscriber
r-04057,b-038,Akropoli,Kifisia,2026-01-09 18:50:00,2026-01-09 19:49:00,casual
r-04058,b-093,Kifisia,Gazi,2026-01-24 05:41:00,2026-01-24 06:25:00,casual
r-04059,b-133,Omonia,Panepistimio,2026-01-03 14:24:00,2026-01-03 14:47:00,casual
r-04060,b-096,Omonia,Akropoli,2026-01-25 08:48:00,2026-01-25 09:42:00,casual
r-04061,b-129,Piraeus,Panepistimio,2026-01-03 09:54:00,2026-01-03 10:54:00,subscriber
r-04062,b-106,Piraeus,Gazi,2026-01-01 19:14:00,2026-01-01 20:14:00,subscriber
r-04063,b-107,Panepistimio,Omonia,2026-01-23 02:21:00,2026-01-23 02:32:00,casual
r-04064,b-065,Omonia,Panepistimio,2026-01-22 23:47:00,2026-01-23 00:43:00,subscriber
r-04065,b-027,Kifisia,Akropoli,2026-01-25 09:49:00,2026-01-25 10:47:00,casual
r-04066,b-120,Piraeus,Akropoli,2026-01-02 16:59:00,2026-01-02 17:35:00,subscriber
r-04067,b-121,Gazi,Kifisia,2026-01-03 22:50:00,2026-01-03 23:35:00,casual
r-04068,b-269,Syntagma,Piraeus,2026-01-01 14:34:00,2026-01-01 15:21:00,subscriber
r-04069,b-043,Piraeus,Gazi,2026-01-22 22:01:00,2026-01-22 22:29:00,casual
r-04070,b-005,Piraeus,Omonia,2026-01-28 11:11:00,2026-01-28 12:11:00,casual
r-04071,b-231,Gazi,Panepistimio,2026-01-10 01:33:00,2026-01-10 03:03:00,subscriber
r-04072,b-174,Kifisia,Panepistimio,2026-01-22 21:23:00,2026-01-22 22:30:00,casual
r-04073,b-040,Piraeus,Kifisia,2026-01-12 22:11:00,2026-01-12 22:34:00,subscriber
r-04074,b-093,Akropoli,Monastiraki,2026-01-12 07:29:00,2026-01-12 08:39:00,casual
r-04075,b-106,Omonia,Akropoli,2026-01-10 21:26:00,2026-01-10 22:20:00,subscriber
r-04076,b-076,Omonia,Piraeus,2026-01-04 01:08:00,2026-01-04 01:33:00,casual
r-04077,b-238,Monastiraki,Kifisia,2026-01-06 00:49:00,2026-01-06 01:05:00,casual
r-04078,b-062,Piraeus,Akropoli,2026-01-30 23:20:00,2026-01-31 00:25:00,casual
r-04079,b-151,Omonia,Syntagma,2026-01-06 04:26:00,2026-01-06 05:23:00,subscriber
r-04080,b-148,Gazi,Syntagma,2026-01-29 09:41:00,2026-01-29 10:53:00,casual
r-04081,b-192,Panepistimio,Syntagma,2026-01-26 11:27:00,2026-01-26 12:21:00,subscriber
r-04082,b-300,Syntagma,Omonia,2026-01-06 01:07:00,2026-01-06 02:04:00,subscriber
r-04083,b-212,Omonia,Piraeus,2026-01-09 20:27:00,2026-01-09 20:33:00,subscriber
r-04084,b-204,Omonia,Piraeus,2026-01-05 16:28:00,2026-01-05 17:05:00,casual
r-04085,b-280,Syntagma,Akropoli,2026-01-23 21:10:00,2026-01-23 21:22:00,subscriber
r-04086,b-010,Kifisia,Piraeus,2026-01-04 14:02:00,2026-01-04 15:02:00,subscriber
r-04087,b-021,Panepistimio,Akropoli,2026-01-04 23:48:00,2026-01-05 00:42:00,casual
r-04088,b-102,Akropoli,Gazi,2026-01-01 19:46:00,2026-01-01 19:53:00,subscriber
r-04089,b-130,Kifisia,Monastiraki,2026-01-09 17:47:00,2026-01-09 18:42:00,casual
r-04090,b-058,Panepistimio,Kifisia,2026-01-18 11:29:00,2026-01-18 12:45:00,casual
r-04091,b-228,Akropoli,Kifisia,2026-01-08 14:39:00,2026-01-08 15:54:00,casual
r-04092,b-114,Syntagma,Gazi,2026-01-12 07:57:00,2026-01-12 09:11:00,subscriber
r-04093,b-081,Akropoli,Syntagma,2026-01-19 10:23:00,2026-01-19 11:07:00,casual
r-04094,b-113,Gazi,Syntagma,2026-01-29 08:35:00,2026-01-29 09:56:00,subscriber
r-04095,b-253,Omonia,Kifisia,2026-01-07 02:57:00,2026-01-07 03:59:00,subscriber
r-04096,b-061,Omonia,Gazi,2026-01-25 22:49:00,2026-01-25 23:03:00,casual
r-04097,b-289,Syntagma,Panepistimio,2026-01-11 10:42:00,2026-01-11 11:29:00,casual
r-04098,b-215,Piraeus,Gazi,2026-01-04 00:59:00,2026-01-04 01:18:00,casual
r-04099,b-088,Gazi,Kifisia,2026-01-19 07:35:00,2026-01-19 09:00:00,casual
r-04100,b-106,Akropoli,Omonia,2026-01-08 21:32:00,2026-01-08 22:45:00,casual
r-04101,b-232,Gazi,Syntagma,2026-01-13 09:12:00,2026-01-13 10:34:00,subscriber
r-04102,b-002,Piraeus,Omonia,2026-01-24 08:19:00,2026-01-24 09:31:00,casual
r-04103,b-012,Piraeus,Kifisia,2026-01-23 20:50:00,2026-01-23 21:39:00,subscriber
r-04104,b-053,Syntagma,Piraeus,2026-01-03 08:42:00,2026-01-03 09:54:00,subscriber
r-04105,b-040,Omonia,Monastiraki,2026-01-28 09:55:00,2026-01-28 10:03:00,casual
r-04106,b-133,Syntagma,Panepistimio,2026-01-14 22:54:00,2026-01-14 23:27:00,subscriber
r-04107,b-179,Omonia,Monastiraki,2026-01-27 22:44:00,2026-01-27 23:15:00,subscriber
r-04108,b-086,Omonia,Syntagma,2026-01-12 14:04:00,2026-01-12 14:33:00,subscriber
r-04109,b-192,Syntagma,Omonia,2026-01-17 14:30:00,2026-01-17 14:41:00,casual
r-04110,b-116,Monastiraki,Gazi,2026-01-16 23:47:00,2026-01-16 23:57:00,casual
r-04111,b-208,Syntagma,Omonia,2026-01-14 05:51:00,2026-01-14 06:36:00,casual
r-04112,b-126,Panepistimio,Kifisia,2026-01-10 19:21:00,2026-01-10 20:43:00,subscriber
r-04113,b-084,Panepistimio,Akropoli,2026-01-08 17:10:00,2026-01-08 17:50:00,casual
r-04114,b-289,Syntagma,Panepistimio,2026-01-07 08:27:00,2026-01-07 08:30:00,subscriber
r-04115,b-139,Akropoli,Kifisia,2026-01-06 21:44:00,2026-01-06 22:03:00,subscriber
r-04116,b-171,Syntagma,Akropoli,2026-01-08 16:36:00,2026-01-08 17:53:00,casual
r-04117,b-061,Omonia,Syntagma,2026-01-15 13:56:00,2026-01-15 15:17:00,subscriber
r-04118,b-039,Piraeus,Monastiraki,2026-01-12 09:07:00,2026-01-12 10:13:00,casual
r-04119,b-082,Gazi,Omonia,2026-01-22 06:12:00,2026-01-22 06:54:00,subscriber
r-04120,b-138,Omonia,Gazi,2026-01-02 00:15:00,2026-01-02 01:07:00,subscriber
r-04121,b-051,Kifisia,Omonia,2026-01-27 02:36:00,2026-01-27 03:05:00,subscriber
r-04122,b-118,Kifisia,Syntagma,2026-01-09 13:29:00,2026-01-09 14:22:00,subscriber
r-04123,b-206,Panepistimio,Piraeus,2026-01-23 06:03:00,2026-01-23 06:53:00,subscriber
r-04124,b-078,Kifisia,Omonia,2026-01-20 14:37:00,2026-01-20 15:15:00,casual
r-04125,b-014,Monastiraki,Omonia,2026-01-12 19:06:00,2026-01-12 19:58:00,casual
r-04126,b-003,Panepistimio,Syntagma,2026-01-06 19:34:00,2026-01-06 20:34:00,subscriber
r-04127,b-071,Gazi,Kifisia,2026-01-25 14:13:00,2026-01-25 14:50:00,casual
r-04128,b-055,Omonia,Piraeus,2026-01-04 02:43:00,2026-01-04 03:10:00,subscriber
r-04129,b-006,Gazi,Omonia,2026-01-17 10:28:00,2026-01-17 11:00:00,casual
r-04130,b-072,Panepistimio,Piraeus,2026-01-05 14:46:00,2026-01-05 15:23:00,subscriber
r-04131,b-122,Monastiraki,Panepistimio,2026-01-27 19:34:00,2026-01-27 20:58:00,subscriber
r-04132,b-237,Kifisia,Akropoli,2026-01-24 21:09:00,2026-01-24 22:08:00,subscriber
r-04133,b-129,Omonia,Panepistimio,2026-01-13 05:00:00,2026-01-13 06:02:00,subscriber
r-04134,b-131,Panepistimio,Piraeus,2026-01-08 07:28:00,2026-01-08 07:42:00,casual
r-04135,b-004,Omonia,Piraeus,2026-01-25 21:29:00,2026-01-25 21:46:00,casual
r-04136,b-221,Kifisia,Syntagma,2026-01-26 00:48:00,2026-01-26 01:52:00,casual
r-04137,b-121,Panepistimio,Monastiraki,2026-01-30 04:32:00,2026-01-30 05:23:00,subscriber
r-04138,b-049,Piraeus,Omonia,2026-01-28 03:14:00,2026-01-28 04:32:00,casual
r-04139,b-240,Omonia,Panepistimio,2026-01-29 10:29:00,2026-01-29 10:39:00,casual
r-04140,b-171,Syntagma,Gazi,2026-01-21 01:16:00,2026-01-21 01:54:00,casual
r-04141,b-278,Panepistimio,Kifisia,2026-01-25 07:56:00,2026-01-25 09:06:00,subscriber
r-04142,b-208,Kifisia,Monastiraki,2026-01-15 22:13:00,2026-01-15 23:11:00,subscriber
r-04143,b-247,Akropoli,Panepistimio,2026-01-02 03:38:00,2026-01-02 04:46:00,subscriber
r-04144,b-157,Omonia,Panepistimio,2026-01-31 07:12:00,2026-01-31 08:29:00,subscriber
r-04145,b-300,Gazi,Syntagma,2026-01-30 08:28:00,2026-01-30 09:11:00,casual
r-04146,b-094,Omonia,Monastiraki,2026-01-09 00:20:00,2026-01-09 01:34:00,casual
r-04147,b-208,Omonia,Panepistimio,2026-01-01 17:25:00,2026-01-01 17:41:00,subscriber
r-04148,b-211,Omonia,Gazi,2026-01-14 23:32:00,2026-01-15 00:32:00,subscriber
r-04149,b-007,Omonia,Piraeus,2026-01-28 03:19:00,2026-01-28 03:54:00,subscriber
r-04150,b-045,Panepistimio,Omonia,2026-01-09 01:10:00,2026-01-09 01:33:00,casual
r-04151,b-006,Omonia,Gazi,2026-01-27 06:17:00,2026-01-27 07:33:00,subscriber
r-04152,b-088,Piraeus,Panepistimio,2026-01-28 21:21:00,2026-01-28 22:47:00,casual
r-04153,b-001,Piraeus,Panepistimio,2026-01-03 03:25:00,2026-01-03 03:45:00,casual
r-04154,b-100,Gazi,Panepistimio,2026-01-16 22:18:00,2026-01-16 22:27:00,subscriber
r-04155,b-021,Akropoli,Piraeus,2026-01-04 08:54:00,2026-01-04 09:58:00,subscriber
r-04156,b-044,Monastiraki,Syntagma,2026-01-11 20:58:00,2026-01-11 22:19:00,subscriber
r-04157,b-091,Panepistimio,Gazi,2026-01-12 12:16:00,2026-01-12 13:06:00,subscriber
r-04158,b-045,Kifisia,Syntagma,2026-01-08 15:06:00,2026-01-08 15:47:00,subscriber
r-04159,b-011,Syntagma,Akropoli,2026-01-18 17:35:00,2026-01-18 17:38:00,subscriber
r-04160,b-205,Syntagma,Panepistimio,2026-01-22 07:58:00,2026-01-22 09:03:00,casual
r-04161,b-029,Piraeus,Kifisia,2026-01-19 13:09:00,2026-01-19 13:26:00,casual
r-04162,b-112,Piraeus,Omonia,2026-01-21 04:08:00,2026-01-21 04:27:00,casual
r-04163,b-238,Gazi,Monastiraki,2026-01-01 19:16:00,2026-01-01 19:20:00,subscriber
r-04164,b-228,Piraeus,Syntagma,2026-01-10 10:19:00,2026-01-10 10:56:00,casual
r-04165,b-057,Panepistimio,Piraeus,2026-01-31 07:50:00,2026-01-31 08:11:00,subscriber
r-04166,b-133,Monastiraki,Syntagma,2026-01-10 08:31:00,2026-01-10 09:26:00,casual
r-04167,b-103,Akropoli,Monastiraki,2026-01-05 13:44:00,2026-01-05 14:42:00,subscriber
r-04168,b-148,Akropoli,Kifisia,2026-01-19 00:59:00,2026-01-19 01:46:00,subscriber
r-04169,b-241,Omonia,Akropoli,2026-01-10 06:46:00,2026-01-10 07:47:00,casual
r-04170,b-017,Kifisia,Panepistimio,2026-01-25 03:38:00,2026-01-25 04:27:00,casual
r-04171,b-024,Akropoli,Monastiraki,2026-01-10 19:39:00,2026-01-10 20:14:00,casual
r-04172,b-175,Kifisia,Omonia,2026-01-20 20:06:00,2026-01-20 20:17:00,subscriber
r-04173,b-045,Kifisia,Syntagma,2026-01-24 14:48:00,2026-01-24 16:01:00,casual
r-04174,b-154,Panepistimio,Monastiraki,2026-01-29 12:54:00,2026-01-29 14:15:00,subscriber
r-04175,b-113,Akropoli,Gazi,2026-01-03 04:58:00,2026-01-03 05:22:00,casual
r-04176,b-255,Akropoli,Syntagma,2026-01-15 08:02:00,2026-01-15 08:39:00,subscriber
r-04177,b-172,Gazi,Panepistimio,2026-01-11 07:13:00,2026-01-11 07:50:00,subscriber
r-04178,b-292,Akropoli,Panepistimio,2026-01-24 03:12:00,2026-01-24 04:04:00,subscriber
r-04179,b-275,Akropoli,Kifisia,2026-01-08 20:46:00,2026-01-08 21:34:00,casual
r-04180,b-287,Omonia,Akropoli,2026-01-11 14:11:00,2026-01-11 15:02:00,subscriber
r-04181,b-265,Omonia,Monastiraki,2026-01-14 02:47:00,2026-01-14 03:49:00,casual
r-04182,b-174,Syntagma,Monastiraki,2026-01-13 10:47:00,2026-01-13 10:58:00,subscriber
r-04183,b-138,Gazi,Panepistimio,2026-01-24 03:04:00,2026-01-24 03:50:00,subscriber
r-04184,b-165,Akropoli,Monastiraki,2026-01-05 11:48:00,2026-01-05 12:41:00,subscriber
r-04185,b-274,Panepistimio,Akropoli,2026-01-02 19:30:00,2026-01-02 20:47:00,subscriber
r-04186,b-157,Piraeus,Syntagma,2026-01-13 06:00:00,2026-01-13 07:29:00,casual
r-04187,b-049,Piraeus,Gazi,2026-01-30 19:17:00,2026-01-30 20:41:00,casual
r-04188,b-109,Akropoli,Omonia,2026-01-11 10:37:00,2026-01-11 11:38:00,casual
r-04189,b-278,Piraeus,Syntagma,2026-01-03 15:57:00,2026-01-03 16:50:00,casual
r-04190,b-213,Piraeus,Omonia,2026-01-30 23:58:00,2026-01-31 00:45:00,casual
r-04191,b-120,Piraeus,Kifisia,2026-01-07 07:29:00,2026-01-07 08:58:00,casual
r-04192,b-153,Gazi,Piraeus,2026-01-26 12:31:00,2026-01-26 12:42:00,subscriber
r-04193,b-077,Syntagma,Monastiraki,2026-01-24 23:23:00,2026-01-25 00:13:00,casual
r-04194,b-265,Monastiraki,Syntagma,2026-01-22 23:14:00,2026-01-22 23:38:00,casual
r-04195,b-288,Kifisia,Gazi,2026-01-16 13:23:00,2026-01-16 13:31:00,casual
r-04196,b-211,Panepistimio,Omonia,2026-01-02 06:19:00,2026-01-02 06:59:00,casual
r-04197,b-127,Syntagma,Omonia,2026-01-02 20:20:00,2026-01-02 21:06:00,casual
r-04198,b-014,Panepistimio,Monastiraki,2026-01-13 11:38:00,2026-01-13 12:35:00,casual
r-04199,b-109,Kifisia,Gazi,2026-01-23 07:36:00,2026-01-23 09:01:00,subscriber
r-04200,b-070,Monastiraki,Gazi,2026-01-19 17:52:00,2026-01-19 18:55:00,subscriber
r-04201,b-244,Piraeus,Kifisia,2026-01-09 16:19:00,2026-01-09 17:15:00,casual
r-04202,b-263,Syntagma,Kifisia,2026-01-05 00:46:00,2026-01-05 02:07:00,casual
r-04203,b-112,Piraeus,Omonia,2026-01-24 10:57:00,2026-01-24 12:22:00,casual
r-04204,b-106,Piraeus,Panepistimio,2026-01-28 12:57:00,2026-01-28 13:05:00,casual
r-04205,b-264,Omonia,Piraeus,2026-01-10 15:12:00,2026-01-10 15:53:00,casual
r-04206,b-166,Gazi,Kifisia,2026-01-19 12:41:00,2026-01-19 12:47:00,subscriber
r-04207,b-061,Omonia,Monastiraki,2026-01-30 07:33:00,2026-01-30 08:14:00,casual
r-04208,b-040,Piraeus,Kifisia,2026-01-04 00:05:00,2026-01-04 00:41:00,casual
r-04209,b-106,Piraeus,Panepistimio,2026-01-21 11:38:00,2026-01-21 11:44:00,subscriber
r-04210,b-084,Piraeus,Kifisia,2026-01-04 02:50:00,2026-01-04 03:01:00,subscriber
r-04211,b-261,Omonia,Kifisia,2026-01-22 22:21:00,2026-01-22 22:48:00,subscriber
r-04212,b-062,Omonia,Akropoli,2026-01-27 02:55:00,2026-01-27 04:06:00,subscriber
r-04213,b-120,Panepistimio,Kifisia,2026-01-20 09:18:00,2026-01-20 10:02:00,casual
r-04214,b-217,Syntagma,Gazi,2026-01-05 10:46:00,2026-01-05 11:47:00,casual
r-04215,b-150,Omonia,Akropoli,2026-01-29 03:05:00,2026-01-29 03:41:00,subscriber
r-04216,b-122,Panepistimio,Syntagma,2026-01-02 16:59:00,2026-01-02 17:28:00,casual
r-04217,b-145,Syntagma,Monastiraki,2026-01-15 02:23:00,2026-01-15 03:53:00,casual
r-04218,b-014,Piraeus,Panepistimio,2026-01-27 01:45:00,2026-01-27 03:06:00,casual
r-04219,b-175,Monastiraki,Gazi,2026-01-28 14:03:00,2026-01-28 14:28:00,casual
r-04220,b-272,Gazi,Omonia,2026-01-09 23:22:00,2026-01-09 23:25:00,subscriber
r-04221,b-126,Akropoli,Piraeus,2026-01-13 16:36:00,2026-01-13 17:08:00,subscriber
r-04222,b-276,Monastiraki,Akropoli,2026-01-08 00:14:00,2026-01-08 01:43:00,subscriber
r-04223,b-193,Syntagma,Akropoli,2026-01-20 04:30:00,2026-01-20 05:33:00,casual
r-04224,b-271,Monastiraki,Panepistimio,2026-01-11 10:15:00,2026-01-11 11:44:00,subscriber
r-04225,b-298,Akropoli,Kifisia,2026-01-06 00:27:00,2026-01-06 01:18:00,subscriber
r-04226,b-001,Monastiraki,Panepistimio,2026-01-31 02:23:00,2026-01-31 03:31:00,subscriber
r-04227,b-028,Monastiraki,Akropoli,2026-01-21 18:10:00,2026-01-21 18:18:00,subscriber
r-04228,b-229,Akropoli,Syntagma,2026-01-20 02:18:00,2026-01-20 03:41:00,subscriber
r-04229,b-034,Syntagma,Gazi,2026-01-10 14:22:00,2026-01-10 14:28:00,casual
r-04230,b-085,Omonia,Gazi,2026-01-08 14:02:00,2026-01-08 14:56:00,casual
r-04231,b-154,Akropoli,Kifisia,2026-01-26 09:02:00,2026-01-26 09:27:00,casual
r-04232,b-076,Syntagma,Akropoli,2026-01-02 16:58:00,2026-01-02 18:25:00,casual
r-04233,b-142,Kifisia,Gazi,2026-01-27 01:04:00,2026-01-27 01:30:00,subscriber
r-04234,b-058,Syntagma,Akropoli,2026-01-04 18:12:00,2026-01-04 19:08:00,casual
r-04235,b-201,Kifisia,Panepistimio,2026-01-06 08:20:00,2026-01-06 08:44:00,subscriber
r-04236,b-069,Syntagma,Gazi,2026-01-02 00:59:00,2026-01-02 02:13:00,subscriber
r-04237,b-030,Monastiraki,Akropoli,2026-01-12 06:15:00,2026-01-12 07:37:00,subscriber
r-04238,b-138,Akropoli,Omonia,2026-01-20 12:08:00,2026-01-20 12:35:00,subscriber
r-04239,b-095,Piraeus,Gazi,2026-01-16 04:08:00,2026-01-16 05:27:00,casual
r-04240,b-042,Kifisia,Syntagma,2026-01-16 12:49:00,2026-01-16 13:58:00,subscriber
r-04241,b-084,Omonia,Panepistimio,2026-01-01 19:57:00,2026-01-01 20:37:00,casual
r-04242,b-047,Syntagma,Gazi,2026-01-11 02:46:00,2026-01-11 03:41:00,subscriber
r-04243,b-005,Gazi,Monastiraki,2026-01-11 11:23:00,2026-01-11 12:24:00,subscriber
r-04244,b-031,Kifisia,Panepistimio,2026-01-26 10:11:00,2026-01-26 10:48:00,subscriber
r-04245,b-068,Kifisia,Syntagma,2026-01-29 02:19:00,2026-01-29 03:10:00,casual
r-04246,b-158,Gazi,Monastiraki,2026-01-12 08:38:00,2026-01-12 09:29:00,subscriber
r-04247,b-218,Panepistimio,Piraeus,2026-01-17 08:24:00,2026-01-17 09:12:00,casual
r-04248,b-189,Kifisia,Piraeus,2026-01-24 03:28:00,2026-01-24 03:41:00,casual
r-04249,b-140,Piraeus,Kifisia,2026-01-02 01:46:00,2026-01-02 02:20:00,subscriber
r-04250,b-128,Kifisia,Panepistimio,2026-01-06 17:49:00,2026-01-06 18:37:00,casual
r-04251,b-102,Piraeus,Monastiraki,2026-01-13 21:57:00,2026-01-13 22:51:00,subscriber
r-04252,b-207,Syntagma,Akropoli,2026-01-11 20:07:00,2026-01-11 21:04:00,casual
r-04253,b-300,Piraeus,Omonia,2026-01-28 20:04:00,2026-01-28 21:26:00,subscriber
r-04254,b-249,Akropoli,Gazi,2026-01-07 05:16:00,2026-01-07 06:06:00,subscriber
r-04255,b-269,Akropoli,Monastiraki,2026-01-07 11:20:00,2026-01-07 11:29:00,casual
r-04256,b-066,Piraeus,Akropoli,2026-01-09 17:32:00,2026-01-09 17:56:00,subscriber
r-04257,b-233,Piraeus,Syntagma,2026-01-18 19:14:00,2026-01-18 20:10:00,casual
r-04258,b-080,Gazi,Panepistimio,2026-01-09 09:14:00,2026-01-09 09:41:00,subscriber
r-04259,b-205,Kifisia,Piraeus,2026-01-11 03:12:00,2026-01-11 03:56:00,casual
r-04260,b-223,Omonia,Panepistimio,2026-01-23 21:08:00,2026-01-23 22:08:00,subscriber
r-04261,b-269,Panepistimio,Omonia,2026-01-15 00:53:00,2026-01-15 01:11:00,subscriber
r-04262,b-127,Akropoli,Gazi,2026-01-03 13:21:00,2026-01-03 14:30:00,subscriber
r-04263,b-044,Panepistimio,Kifisia,2026-01-16 05:34:00,2026-01-16 06:02:00,subscriber
r-04264,b-003,Syntagma,Monastiraki,2026-01-07 01:41:00,2026-01-07 02:35:00,subscriber
r-04265,b-239,Syntagma,Piraeus,2026-01-14 12:18:00,2026-01-14 12:59:00,casual
r-04266,b-157,Monastiraki,Kifisia,2026-01-08 00:20:00,2026-01-08 01:41:00,subscriber
r-04267,b-154,Monastiraki,Omonia,2026-01-02 20:52:00,2026-01-02 21:31:00,subscriber
r-04268,b-078,Kifisia,Omonia,2026-01-02 02:13:00,2026-01-02 02:42:00,casual
r-04269,b-168,Piraeus,Gazi,2026-01-07 08:36:00,2026-01-07 08:43:00,casual
r-04270,b-006,Omonia,Panepistimio,2026-01-14 20:32:00,2026-01-14 20:55:00,casual
r-04271,b-266,Omonia,Syntagma,2026-01-29 14:23:00,2026-01-29 15:49:00,subscriber
r-04272,b-292,Panepistimio,Syntagma,2026-01-11 23:04:00,2026-01-11 23:50:00,casual
r-04273,b-134,Monastiraki,Gazi,2026-01-20 17:59:00,2026-01-20 18:56:00,casual
r-04274,b-190,Syntagma,Piraeus,2026-01-07 00:38:00,2026-01-07 01:53:00,casual
r-04275,b-243,Syntagma,Monastiraki,2026-01-25 15:12:00,2026-01-25 15:31:00,casual
r-04276,b-210,Syntagma,Akropoli,2026-01-12 12:42:00,2026-01-12 14:05:00,casual
r-04277,b-171,Piraeus,Akropoli,2026-01-05 21:46:00,2026-01-05 22:56:00,casual
r-04278,b-004,Akropoli,Kifisia,2026-01-08 07:02:00,2026-01-08 08:28:00,casual
r-04279,b-062,Kifisia,Omonia,2026-01-12 14:46:00,2026-01-12 15:28:00,subscriber
r-04280,b-100,Monastiraki,Piraeus,2026-01-15 19:19:00,2026-01-15 19:50:00,casual
r-04281,b-007,Piraeus,Syntagma,2026-01-29 11:45:00,2026-01-29 12:28:00,subscriber
r-04282,b-087,Kifisia,Monastiraki,2026-01-23 21:59:00,2026-01-23 23:04:00,subscriber
r-04283,b-215,Syntagma,Omonia,2026-01-23 22:07:00,2026-01-23 22:54:00,subscriber
r-04284,b-076,Omonia,Syntagma,2026-01-27 12:42:00,2026-01-27 14:09:00,casual
r-04285,b-102,Monastiraki,Gazi,2026-01-29 15:24:00,2026-01-29 16:41:00,casual
r-04286,b-098,Kifisia,Syntagma,2026-01-10 03:13:00,2026-01-10 03:42:00,casual
r-04287,b-230,Akropoli,Omonia,2026-01-09 16:48:00,2026-01-09 17:28:00,casual
r-04288,b-139,Syntagma,Kifisia,2026-01-26 08:41:00,2026-01-26 10:01:00,casual
r-04289,b-274,Kifisia,Gazi,2026-01-20 23:02:00,2026-01-20 23:08:00,casual
r-04290,b-003,Gazi,Syntagma,2026-01-07 04:32:00,2026-01-07 05:03:00,casual
r-04291,b-037,Monastiraki,Kifisia,2026-01-20 03:41:00,2026-01-20 04:25:00,casual
r-04292,b-248,Gazi,Syntagma,2026-01-29 23:59:00,2026-01-30 00:06:00,subscriber
r-04293,b-138,Gazi,Syntagma,2026-01-31 06:04:00,2026-01-31 06:28:00,casual
r-04294,b-038,Akropoli,Syntagma,2026-01-18 18:54:00,2026-01-18 19:21:00,casual
r-04295,b-279,Gazi,Omonia,2026-01-24 11:50:00,2026-01-24 11:53:00,subscriber
r-04296,b-139,Kifisia,Omonia,2026-01-05 16:14:00,2026-01-05 16:58:00,casual
r-04297,b-025,Monastiraki,Akropoli,2026-01-17 23:29:00,2026-01-18 00:03:00,casual
r-04298,b-006,Syntagma,Panepistimio,2026-01-22 20:25:00,2026-01-22 20:28:00,subscriber
r-04299,b-061,Gazi,Omonia,2026-01-01 21:45:00,2026-01-01 22:27:00,casual
r-04300,b-042,Omonia,Monastiraki,2026-01-02 04:04:00,2026-01-02 04:38:00,subscriber
r-04301,b-083,Piraeus,Panepistimio,2026-01-10 20:17:00,2026-01-10 21:35:00,subscriber
r-04302,b-279,Gazi,Kifisia,2026-01-12 04:33:00,2026-01-12 05:41:00,casual
r-04303,b-228,Syntagma,Piraeus,2026-01-14 00:24:00,2026-01-14 01:47:00,subscriber
r-04304,b-174,Gazi,Monastiraki,2026-01-08 05:32:00,2026-01-08 06:25:00,subscriber
r-04305,b-106,Piraeus,Gazi,2026-01-18 17:23:00,2026-01-18 18:02:00,subscriber
r-04306,b-103,Piraeus,Monastiraki,2026-01-12 02:34:00,2026-01-12 03:20:00,subscriber
r-04307,b-135,Kifisia,Omonia,2026-01-09 23:23:00,2026-01-10 00:43:00,subscriber
r-04308,b-222,Syntagma,Kifisia,2026-01-24 05:33:00,2026-01-24 06:40:00,casual
r-04309,b-087,Kifisia,Syntagma,2026-01-03 06:29:00,2026-01-03 07:36:00,subscriber
r-04310,b-145,Monastiraki,Gazi,2026-01-06 16:19:00,2026-01-06 17:38:00,subscriber
r-04311,b-075,Panepistimio,Piraeus,2026-01-04 22:08:00,2026-01-04 22:22:00,casual
r-04312,b-276,Monastiraki,Panepistimio,2026-01-18 13:30:00,2026-01-18 13:45:00,casual
r-04313,b-084,Syntagma,Panepistimio,2026-01-26 12:37:00,2026-01-26 13:23:00,casual
r-04314,b-207,Monastiraki,Syntagma,2026-01-12 07:12:00,2026-01-12 07:38:00,subscriber
r-04315,b-010,Omonia,Monastiraki,2026-01-14 18:30:00,2026-01-14 19:31:00,casual
r-04316,b-004,Kifisia,Gazi,2026-01-11 14:43:00,2026-01-11 16:02:00,casual
r-04317,b-143,Gazi,Piraeus,2026-01-23 01:27:00,2026-01-23 02:04:00,casual
r-04318,b-101,Omonia,Piraeus,2026-01-23 04:33:00,2026-01-23 04:43:00,subscriber
r-04319,b-038,Akropoli,Panepistimio,2026-01-21 12:44:00,2026-01-21 12:55:00,casual
r-04320,b-249,Akropoli,Panepistimio,2026-01-12 10:22:00,2026-01-12 11:38:00,casual
r-04321,b-128,Piraeus,Monastiraki,2026-01-19 21:50:00,2026-01-19 22:09:00,casual
r-04322,b-119,Syntagma,Panepistimio,2026-01-27 13:23:00,2026-01-27 14:14:00,subscriber
r-04323,b-274,Monastiraki,Piraeus,2026-01-07 14:35:00,2026-01-07 15:27:00,casual
r-04324,b-285,Gazi,Panepistimio,2026-01-02 01:57:00,2026-01-02 02:16:00,casual
r-04325,b-206,Piraeus,Akropoli,2026-01-01 14:29:00,2026-01-01 14:59:00,subscriber
r-04326,b-022,Piraeus,Monastiraki,2026-01-16 09:09:00,2026-01-16 09:18:00,casual
r-04327,b-005,Piraeus,Kifisia,2026-01-19 08:19:00,2026-01-19 08:52:00,casual
r-04328,b-220,Monastiraki,Piraeus,2026-01-03 08:04:00,2026-01-03 08:23:00,casual
r-04329,b-111,Monastiraki,Syntagma,2026-01-01 16:45:00,2026-01-01 18:07:00,subscriber
r-04330,b-122,Omonia,Syntagma,2026-01-28 07:01:00,2026-01-28 07:19:00,subscriber
r-04331,b-135,Omonia,Syntagma,2026-01-07 20:22:00,2026-01-07 21:11:00,casual
r-04332,b-190,Kifisia,Piraeus,2026-01-08 12:39:00,2026-01-08 13:07:00,casual
r-04333,b-058,Panepistimio,Kifisia,2026-01-28 12:34:00,2026-01-28 13:23:00,subscriber
r-04334,b-274,Syntagma,Gazi,2026-01-19 04:37:00,2026-01-19 04:45:00,casual
r-04335,b-253,Kifisia,Omonia,2026-01-03 06:57:00,2026-01-03 07:17:00,casual
r-04336,b-071,Akropoli,Piraeus,2026-01-15 23:21:00,2026-01-15 23:56:00,subscriber
r-04337,b-147,Akropoli,Piraeus,2026-01-15 20:27:00,2026-01-15 21:06:00,casual
r-04338,b-286,Monastiraki,Syntagma,2026-01-11 13:54:00,2026-01-11 15:02:00,subscriber
r-04339,b-281,Monastiraki,Piraeus,2026-01-30 00:48:00,2026-01-30 02:02:00,casual
r-04340,b-109,Gazi,Akropoli,2026-01-17 03:57:00,2026-01-17 05:20:00,casual
r-04341,b-081,Piraeus,Panepistimio,2026-01-14 05:06:00,2026-01-14 05:51:00,subscriber
r-04342,b-064,Gazi,Monastiraki,2026-01-28 12:12:00,2026-01-28 13:42:00,casual
r-04343,b-209,Syntagma,Panepistimio,2026-01-29 09:24:00,2026-01-29 10:30:00,casual
r-04344,b-216,Piraeus,Syntagma,2026-01-01 21:11:00,2026-01-01 21:44:00,subscriber
r-04345,b-230,Piraeus,Syntagma,2026-01-15 10:09:00,2026-01-15 11:21:00,subscriber
r-04346,b-216,Omonia,Kifisia,2026-01-14 19:40:00,2026-01-14 20:40:00,casual
r-04347,b-033,Panepistimio,Omonia,2026-01-02 01:30:00,2026-01-02 01:49:00,casual
r-04348,b-192,Syntagma,Monastiraki,2026-01-24 06:28:00,2026-01-24 07:17:00,subscriber
r-04349,b-047,Kifisia,Monastiraki,2026-01-01 12:46:00,2026-01-01 12:57:00,casual
r-04350,b-028,Gazi,Panepistimio,2026-01-23 22:54:00,2026-01-23 23:09:00,casual
r-04351,b-067,Syntagma,Panepistimio,2026-01-25 07:08:00,2026-01-25 08:07:00,subscriber
r-04352,b-126,Monastiraki,Omonia,2026-01-12 23:14:00,2026-01-12 23:55:00,casual
r-04353,b-193,Akropoli,Syntagma,2026-01-15 07:58:00,2026-01-15 08:57:00,casual
r-04354,b-164,Monastiraki,Piraeus,2026-01-17 23:04:00,2026-01-17 23:34:00,casual
r-04355,b-236,Gazi,Piraeus,2026-01-27 21:21:00,2026-01-27 21:30:00,subscriber
r-04356,b-154,Piraeus,Panepistimio,2026-01-27 09:30:00,2026-01-27 09:43:00,casual
r-04357,b-199,Piraeus,Omonia,2026-01-27 18:19:00,2026-01-27 18:49:00,subscriber
r-04358,b-254,Panepistimio,Omonia,2026-01-26 12:49:00,2026-01-26 13:22:00,casual
r-04359,b-281,Kifisia,Panepistimio,2026-01-29 21:04:00,2026-01-29 22:32:00,subscriber
r-04360,b-096,Kifisia,Syntagma,2026-01-18 08:47:00,2026-01-18 10:17:00,subscriber
r-04361,b-136,Monastiraki,Gazi,2026-01-23 02:23:00,2026-01-23 03:26:00,subscriber
r-04362,b-096,Monastiraki,Gazi,2026-01-01 14:31:00,2026-01-01 15:56:00,subscriber
r-04363,b-251,Gazi,Panepistimio,2026-01-02 11:53:00,2026-01-02 13:13:00,subscriber
r-04364,b-246,Omonia,Piraeus,2026-01-11 05:02:00,2026-01-11 05:29:00,subscriber
r-04365,b-133,Piraeus,Omonia,2026-01-07 09:33:00,2026-01-07 10:02:00,subscriber
r-04366,b-123,Omonia,Panepistimio,2026-01-09 19:12:00,2026-01-09 20:26:00,subscriber
r-04367,b-096,Piraeus,Akropoli,2026-01-19 07:12:00,2026-01-19 08:13:00,casual
r-04368,b-082,Kifisia,Monastiraki,2026-01-08 20:35:00,2026-01-08 21:34:00,subscriber
r-04369,b-070,Omonia,Syntagma,2026-01-25 16:16:00,2026-01-25 17:02:00,subscriber
r-04370,b-001,Monastiraki,Panepistimio,2026-01-09 15:11:00,2026-01-09 15:16:00,subscriber
r-04371,b-090,Panepistimio,Monastiraki,2026-01-20 14:20:00,2026-01-20 15:41:00,casual
r-04372,b-254,Panepistimio,Omonia,2026-01-14 16:24:00,2026-01-14 16:44:00,subscriber
r-04373,b-005,Omonia,Gazi,2026-01-28 20:26:00,2026-01-28 21:44:00,casual
r-04374,b-138,Monastiraki,Panepistimio,2026-01-16 09:58:00,2026-01-16 10:42:00,casual
r-04375,b-166,Syntagma,Akropoli,2026-01-07 02:32:00,2026-01-07 03:24:00,casual
r-04376,b-283,Monastiraki,Omonia,2026-01-27 04:50:00,2026-01-27 06:10:00,subscriber
r-04377,b-202,Syntagma,Piraeus,2026-01-06 23:47:00,2026-01-06 23:53:00,casual
r-04378,b-222,Omonia,Monastiraki,2026-01-12 12:32:00,2026-01-12 13:02:00,subscriber
r-04379,b-240,Kifisia,Panepistimio,2026-01-07 04:07:00,2026-01-07 05:13:00,subscriber
r-04380,b-260,Piraeus,Gazi,2026-01-10 14:33:00,2026-01-10 14:45:00,subscriber
r-04381,b-245,Akropoli,Piraeus,2026-01-19 11:11:00,2026-01-19 12:05:00,subscriber
r-04382,b-186,Panepistimio,Gazi,2026-01-21 11:49:00,2026-01-21 11:52:00,subscriber
r-04383,b-161,Syntagma,Panepistimio,2026-01-12 04:00:00,2026-01-12 04:51:00,subscriber
r-04384,b-148,Akropoli,Monastiraki,2026-01-29 17:28:00,2026-01-29 18:35:00,subscriber
r-04385,b-153,Kifisia,Piraeus,2026-01-03 01:03:00,2026-01-03 02:27:00,subscriber
r-04386,b-223,Akropoli,Syntagma,2026-01-07 08:28:00,2026-01-07 09:34:00,casual
r-04387,b-233,Omonia,Akropoli,2026-01-18 00:40:00,2026-01-18 01:47:00,casual
r-04388,b-221,Syntagma,Kifisia,2026-01-07 14:25:00,2026-01-07 15:15:00,subscriber
r-04389,b-208,Panepistimio,Piraeus,2026-01-01 23:03:00,2026-01-01 23:11:00,subscriber
r-04390,b-207,Gazi,Piraeus,2026-01-24 11:15:00,2026-01-24 12:42:00,casual
r-04391,b-230,Akropoli,Gazi,2026-01-20 01:36:00,2026-01-20 01:48:00,casual
r-04392,b-107,Kifisia,Gazi,2026-01-15 16:07:00,2026-01-15 17:26:00,subscriber
r-04393,b-295,Kifisia,Gazi,2026-01-25 02:56:00,2026-01-25 03:26:00,casual
r-04394,b-260,Akropoli,Gazi,2026-01-28 13:20:00,2026-01-28 13:32:00,casual
r-04395,b-161,Gazi,Kifisia,2026-01-02 21:33:00,2026-01-02 22:51:00,subscriber
r-04396,b-214,Panepistimio,Monastiraki,2026-01-14 04:07:00,2026-01-14 05:26:00,casual
r-04397,b-114,Omonia,Monastiraki,2026-01-14 19:57:00,2026-01-14 20:27:00,casual
r-04398,b-081,Omonia,Syntagma,2026-01-18 16:09:00,2026-01-18 16:24:00,subscriber
r-04399,b-174,Akropoli,Gazi,2026-01-06 01:57:00,2026-01-06 02:42:00,subscriber
r-04400,b-038,Syntagma,Piraeus,2026-01-12 18:40:00,2026-01-12 18:45:00,subscriber
r-04401,b-099,Omonia,Monastiraki,2026-01-21 19:59:00,2026-01-21 20:57:00,casual
r-04402,b-083,Omonia,Kifisia,2026-01-23 23:37:00,2026-01-24 00:18:00,casual
r-04403,b-263,Kifisia,Syntagma,2026-01-19 10:23:00,2026-01-19 11:25:00,subscriber
r-04404,b-280,Kifisia,Akropoli,2026-01-07 04:38:00,2026-01-07 05:07:00,casual
r-04405,b-199,Akropoli,Syntagma,2026-01-03 23:08:00,2026-01-03 23:53:00,subscriber
r-04406,b-131,Panepistimio,Piraeus,2026-01-18 19:53:00,2026-01-18 20:05:00,casual
r-04407,b-295,Kifisia,Gazi,2026-01-19 13:47:00,2026-01-19 14:29:00,casual
r-04408,b-220,Gazi,Akropoli,2026-01-19 03:31:00,2026-01-19 03:37:00,casual
r-04409,b-278,Piraeus,Monastiraki,2026-01-29 17:03:00,2026-01-29 17:40:00,subscriber
r-04410,b-104,Kifisia,Monastiraki,2026-01-01 12:02:00,2026-01-01 13:24:00,casual
r-04411,b-073,Syntagma,Gazi,2026-01-06 18:20:00,2026-01-06 18:29:00,casual
r-04412,b-004,Piraeus,Monastiraki,2026-01-05 03:23:00,2026-01-05 04:15:00,subscriber
r-04413,b-231,Gazi,Omonia,2026-01-20 09:19:00,2026-01-20 10:03:00,casual
r-04414,b-268,Kifisia,Gazi,2026-01-13 23:24:00,2026-01-14 00:09:00,casual
r-04415,b-181,Gazi,Panepistimio,2026-01-16 00:13:00,2026-01-16 00:57:00,subscriber
r-04416,b-141,Kifisia,Panepistimio,2026-01-09 04:01:00,2026-01-09 04:36:00,subscriber
r-04417,b-229,Piraeus,Akropoli,2026-01-01 15:28:00,2026-01-01 15:37:00,casual
r-04418,b-030,Omonia,Panepistimio,2026-01-25 01:05:00,2026-01-25 02:01:00,casual
r-04419,b-131,Piraeus,Omonia,2026-01-04 13:52:00,2026-01-04 14:48:00,casual
r-04420,b-155,Omonia,Panepistimio,2026-01-06 04:20:00,2026-01-06 04:42:00,casual
r-04421,b-003,Kifisia,Omonia,2026-01-04 11:03:00,2026-01-04 12:11:00,subscriber
r-04422,b-219,Piraeus,Akropoli,2026-01-10 12:19:00,2026-01-10 12:47:00,subscriber
r-04423,b-241,Gazi,Kifisia,2026-01-24 15:51:00,2026-01-24 16:23:00,subscriber
r-04424,b-210,Syntagma,Omonia,2026-01-04 05:23:00,2026-01-04 06:23:00,subscriber
r-04425,b-138,Akropoli,Kifisia,2026-01-03 09:47:00,2026-01-03 11:09:00,subscriber
r-04426,b-089,Piraeus,Syntagma,2026-01-10 23:44:00,2026-01-11 00:52:00,subscriber
r-04427,b-143,Panepistimio,Syntagma,2026-01-16 11:29:00,2026-01-16 11:38:00,subscriber
r-04428,b-222,Syntagma,Gazi,2026-01-11 00:12:00,2026-01-11 00:49:00,subscriber
r-04429,b-295,Kifisia,Piraeus,2026-01-28 23:26:00,2026-01-29 00:29:00,casual
r-04430,b-285,Gazi,Monastiraki,2026-01-07 11:22:00,2026-01-07 11:59:00,casual
r-04431,b-139,Gazi,Panepistimio,2026-01-06 07:37:00,2026-01-06 08:06:00,subscriber
r-04432,b-105,Syntagma,Akropoli,2026-01-14 22:23:00,2026-01-14 23:06:00,casual
r-04433,b-008,Akropoli,Gazi,2026-01-18 12:29:00,2026-01-18 13:34:00,casual
r-04434,b-129,Panepistimio,Gazi,2026-01-24 00:14:00,2026-01-24 01:38:00,subscriber
r-04435,b-222,Syntagma,Omonia,2026-01-16 15:51:00,2026-01-16 17:08:00,subscriber
r-04436,b-076,Akropoli,Omonia,2026-01-09 00:08:00,2026-01-09 01:29:00,subscriber
r-04437,b-072,Gazi,Akropoli,2026-01-11 22:47:00,2026-01-11 23:01:00,casual
r-04438,b-098,Syntagma,Akropoli,2026-01-25 00:37:00,2026-01-25 01:15:00,casual
r-04439,b-289,Panepistimio,Syntagma,2026-01-08 07:44:00,2026-01-08 07:52:00,casual
r-04440,b-224,Akropoli,Gazi,2026-01-22 06:15:00,2026-01-22 07:18:00,casual
r-04441,b-159,Gazi,Syntagma,2026-01-17 20:01:00,2026-01-17 21:22:00,subscriber
r-04442,b-268,Akropoli,Piraeus,2026-01-24 16:51:00,2026-01-24 17:48:00,subscriber
r-04443,b-164,Omonia,Kifisia,2026-01-10 12:03:00,2026-01-10 12:06:00,casual
r-04444,b-216,Monastiraki,Gazi,2026-01-24 17:45:00,2026-01-24 18:23:00,subscriber
r-04445,b-220,Panepistimio,Monastiraki,2026-01-12 11:16:00,2026-01-12 12:41:00,subscriber
r-04446,b-144,Piraeus,Gazi,2026-01-30 14:08:00,2026-01-30 14:57:00,subscriber
r-04447,b-265,Kifisia,Omonia,2026-01-22 05:37:00,2026-01-22 06:33:00,subscriber
r-04448,b-002,Panepistimio,Piraeus,2026-01-05 19:45:00,2026-01-05 20:44:00,casual
r-04449,b-045,Panepistimio,Piraeus,2026-01-19 16:01:00,2026-01-19 16:27:00,casual
r-04450,b-277,Monastiraki,Akropoli,2026-01-05 12:47:00,2026-01-05 13:57:00,subscriber
r-04451,b-186,Piraeus,Kifisia,2026-01-14 18:06:00,2026-01-14 18:27:00,casual
r-04452,b-281,Piraeus,Akropoli,2026-01-26 23:05:00,2026-01-26 23:47:00,subscriber
r-04453,b-236,Panepistimio,Monastiraki,2026-01-20 11:11:00,2026-01-20 11:33:00,subscriber
r-04454,b-231,Kifisia,Syntagma,2026-01-11 08:22:00,2026-01-11 09:48:00,subscriber
r-04455,b-294,Panepistimio,Akropoli,2026-01-08 05:28:00,2026-01-08 05:52:00,subscriber
r-04456,b-140,Gazi,Kifisia,2026-01-02 23:13:00,2026-01-03 00:10:00,casual
r-04457,b-239,Akropoli,Kifisia,2026-01-03 20:45:00,2026-01-03 22:13:00,casual
r-04458,b-228,Akropoli,Syntagma,2026-01-27 18:31:00,2026-01-27 19:15:00,casual
r-04459,b-269,Gazi,Monastiraki,2026-01-23 22:12:00,2026-01-23 22:55:00,subscriber
r-04460,b-232,Syntagma,Kifisia,2026-01-26 02:53:00,2026-01-26 04:05:00,subscriber
r-04461,b-299,Monastiraki,Panepistimio,2026-01-22 09:28:00,2026-01-22 10:36:00,subscriber
r-04462,b-298,Syntagma,Gazi,2026-01-15 21:58:00,2026-01-15 23:04:00,casual
r-04463,b-208,Piraeus,Monastiraki,2026-01-18 03:41:00,2026-01-18 04:49:00,subscriber
r-04464,b-106,Kifisia,Panepistimio,2026-01-24 08:10:00,2026-01-24 08:46:00,subscriber
r-04465,b-041,Kifisia,Panepistimio,2026-01-08 09:54:00,2026-01-08 09:59:00,subscriber
r-04466,b-056,Piraeus,Gazi,2026-01-12 03:44:00,2026-01-12 05:02:00,subscriber
r-04467,b-171,Syntagma,Piraeus,2026-01-06 13:04:00,2026-01-06 14:27:00,subscriber
r-04468,b-291,Monastiraki,Omonia,2026-01-26 05:40:00,2026-01-26 06:52:00,casual
r-04469,b-014,Omonia,Kifisia,2026-01-31 04:09:00,2026-01-31 04:24:00,casual
r-04470,b-019,Piraeus,Gazi,2026-01-01 15:41:00,2026-01-01 16:35:00,subscriber
r-04471,b-247,Omonia,Monastiraki,2026-01-03 11:25:00,2026-01-03 12:26:00,subscriber
r-04472,b-284,Omonia,Akropoli,2026-01-28 03:52:00,2026-01-28 05:06:00,subscriber
r-04473,b-156,Piraeus,Gazi,2026-01-11 12:33:00,2026-01-11 13:11:00,casual
r-04474,b-216,Gazi,Syntagma,2026-01-03 10:29:00,2026-01-03 11:03:00,casual
r-04475,b-266,Piraeus,Kifisia,2026-01-16 06:09:00,2026-01-16 07:10:00,subscriber
r-04476,b-229,Gazi,Piraeus,2026-01-10 00:37:00,2026-01-10 01:23:00,subscriber
r-04477,b-052,Panepistimio,Piraeus,2026-01-23 11:45:00,2026-01-23 12:44:00,subscriber
r-04478,b-169,Monastiraki,Panepistimio,2026-01-31 06:55:00,2026-01-31 07:25:00,casual
r-04479,b-017,Gazi,Panepistimio,2026-01-30 02:26:00,2026-01-30 02:34:00,casual
r-04480,b-245,Monastiraki,Gazi,2026-01-07 02:41:00,2026-01-07 04:06:00,subscriber
r-04481,b-023,Akropoli,Omonia,2026-01-24 20:14:00,2026-01-24 20:52:00,casual
r-04482,b-040,Panepistimio,Syntagma,2026-01-18 01:33:00,2026-01-18 02:41:00,casual
r-04483,b-053,Kifisia,Syntagma,2026-01-04 05:47:00,2026-01-04 06:29:00,subscriber
r-04484,b-026,Gazi,Kifisia,2026-01-11 15:44:00,2026-01-11 17:09:00,subscriber
r-04485,b-167,Kifisia,Syntagma,2026-01-19 13:33:00,2026-01-19 14:44:00,casual
r-04486,b-020,Monastiraki,Piraeus,2026-01-25 15:04:00,2026-01-25 16:24:00,casual
r-04487,b-028,Kifisia,Akropoli,2026-01-21 19:53:00,2026-01-21 21:15:00,subscriber
r-04488,b-137,Akropoli,Kifisia,2026-01-11 21:32:00,2026-01-11 22:56:00,casual
r-04489,b-211,Akropoli,Omonia,2026-01-20 17:41:00,2026-01-20 18:49:00,casual
r-04490,b-119,Syntagma,Kifisia,2026-01-27 11:30:00,2026-01-27 12:10:00,casual
r-04491,b-222,Syntagma,Monastiraki,2026-01-20 18:41:00,2026-01-20 19:22:00,subscriber
r-04492,b-112,Gazi,Panepistimio,2026-01-07 11:08:00,2026-01-07 12:29:00,casual
r-04493,b-061,Panepistimio,Kifisia,2026-01-24 08:43:00,2026-01-24 10:10:00,casual
r-04494,b-083,Gazi,Panepistimio,2026-01-27 20:01:00,2026-01-27 21:07:00,subscriber
r-04495,b-202,Monastiraki,Gazi,2026-01-21 07:42:00,2026-01-21 08:14:00,subscriber
r-04496,b-287,Monastiraki,Panepistimio,2026-01-03 01:13:00,2026-01-03 01:33:00,casual
r-04497,b-117,Omonia,Kifisia,2026-01-15 04:22:00,2026-01-15 05:47:00,subscriber
r-04498,b-191,Monastiraki,Akropoli,2026-01-09 07:12:00,2026-01-09 07:53:00,subscriber
r-04499,b-127,Akropoli,Gazi,2026-01-26 08:44:00,2026-01-26 09:31:00,casual
r-04500,b-154,Kifisia,Monastiraki,2026-01-19 00:57:00,2026-01-19 01:03:00,casual
r-04501,b-091,Akropoli,Panepistimio,2026-01-18 19:45:00,2026-01-18 20:48:00,subscriber
r-04502,b-146,Gazi,Akropoli,2026-01-17 01:14:00,2026-01-17 02:37:00,subscriber
r-04503,b-059,Akropoli,Piraeus,2026-01-29 20:58:00,2026-01-29 22:03:00,casual
r-04504,b-007,Syntagma,Panepistimio,2026-01-04 05:30:00,2026-01-04 06:29:00,subscriber
r-04505,b-290,Monastiraki,Akropoli,2026-01-08 20:51:00,2026-01-08 21:03:00,subscriber
r-04506,b-154,Monastiraki,Omonia,2026-01-30 17:05:00,2026-01-30 17:44:00,casual
r-04507,b-131,Syntagma,Piraeus,2026-01-23 03:45:00,2026-01-23 04:37:00,subscriber
r-04508,b-066,Akropoli,Syntagma,2026-01-23 11:46:00,2026-01-23 12:46:00,subscriber
r-04509,b-124,Akropoli,Piraeus,2026-01-25 17:28:00,2026-01-25 18:22:00,subscriber
r-04510,b-179,Piraeus,Kifisia,2026-01-02 15:19:00,2026-01-02 15:41:00,subscriber
r-04511,b-096,Piraeus,Gazi,2026-01-27 12:12:00,2026-01-27 13:37:00,subscriber
r-04512,b-232,Piraeus,Panepistimio,2026-01-26 17:17:00,2026-01-26 17:44:00,casual
r-04513,b-212,Piraeus,Panepistimio,2026-01-06 22:28:00,2026-01-06 23:47:00,casual
r-04514,b-202,Omonia,Panepistimio,2026-01-04 21:09:00,2026-01-04 21:12:00,subscriber
r-04515,b-066,Syntagma,Omonia,2026-01-13 23:31:00,2026-01-13 23:56:00,subscriber
r-04516,b-107,Syntagma,Monastiraki,2026-01-11 08:29:00,2026-01-11 09:06:00,casual
r-04517,b-250,Panepistimio,Akropoli,2026-01-20 14:26:00,2026-01-20 15:39:00,casual
r-04518,b-232,Monastiraki,Akropoli,2026-01-29 10:08:00,2026-01-29 10:13:00,subscriber
r-04519,b-207,Akropoli,Omonia,2026-01-16 05:36:00,2026-01-16 05:58:00,subscriber
r-04520,b-085,Syntagma,Gazi,2026-01-13 19:39:00,2026-01-13 20:19:00,subscriber
r-04521,b-156,Monastiraki,Akropoli,2026-01-12 11:56:00,2026-01-12 12:43:00,casual
r-04522,b-193,Akropoli,Monastiraki,2026-01-17 17:45:00,2026-01-17 18:43:00,subscriber
r-04523,b-251,Piraeus,Monastiraki,2026-01-06 08:11:00,2026-01-06 09:24:00,subscriber
r-04524,b-300,Monastiraki,Gazi,2026-01-18 14:38:00,2026-01-18 15:08:00,casual
r-04525,b-299,Gazi,Omonia,2026-01-30 14:09:00,2026-01-30 15:00:00,subscriber
r-04526,b-225,Kifisia,Gazi,2026-01-30 10:21:00,2026-01-30 10:47:00,casual
r-04527,b-024,Akropoli,Gazi,2026-01-13 06:56:00,2026-01-13 07:10:00,subscriber
r-04528,b-092,Gazi,Syntagma,2026-01-11 04:17:00,2026-01-11 05:30:00,casual
r-04529,b-139,Panepistimio,Kifisia,2026-01-16 22:56:00,2026-01-16 23:07:00,casual
r-04530,b-073,Piraeus,Panepistimio,2026-01-12 23:25:00,2026-01-13 00:38:00,subscriber
r-04531,b-001,Panepistimio,Gazi,2026-01-25 14:39:00,2026-01-25 15:50:00,casual
r-04532,b-130,Panepistimio,Syntagma,2026-01-22 16:04:00,2026-01-22 16:37:00,casual
r-04533,b-247,Monastiraki,Panepistimio,2026-01-13 21:27:00,2026-01-13 22:18:00,casual
r-04534,b-048,Omonia,Panepistimio,2026-01-27 17:47:00,2026-01-27 18:15:00,subscriber
r-04535,b-265,Kifisia,Akropoli,2026-01-13 04:46:00,2026-01-13 06:04:00,casual
r-04536,b-069,Panepistimio,Syntagma,2026-01-28 04:03:00,2026-01-28 04:46:00,subscriber
r-04537,b-125,Gazi,Omonia,2026-01-14 12:13:00,2026-01-14 12:17:00,casual
r-04538,b-049,Piraeus,Panepistimio,2026-01-23 21:16:00,2026-01-23 22:42:00,subscriber
r-04539,b-027,Gazi,Akropoli,2026-01-03 16:32:00,2026-01-03 17:42:00,subscriber
r-04540,b-044,Kifisia,Monastiraki,2026-01-05 21:07:00,2026-01-05 22:18:00,casual
r-04541,b-048,Monastiraki,Panepistimio,2026-01-10 17:08:00,2026-01-10 18:25:00,subscriber
r-04542,b-274,Piraeus,Panepistimio,2026-01-12 17:15:00,2026-01-12 17:47:00,casual
r-04543,b-008,Monastiraki,Kifisia,2026-01-09 02:35:00,2026-01-09 03:58:00,casual
r-04544,b-024,Kifisia,Syntagma,2026-01-26 07:06:00,2026-01-26 07:18:00,casual
r-04545,b-155,Gazi,Panepistimio,2026-01-30 01:04:00,2026-01-30 02:14:00,subscriber
r-04546,b-281,Syntagma,Akropoli,2026-01-16 09:10:00,2026-01-16 10:11:00,subscriber
r-04547,b-037,Panepistimio,Monastiraki,2026-01-07 19:57:00,2026-01-07 20:54:00,casual
r-04548,b-207,Panepistimio,Syntagma,2026-01-13 07:34:00,2026-01-13 07:59:00,subscriber
r-04549,b-095,Panepistimio,Syntagma,2026-01-03 17:39:00,2026-01-03 18:05:00,casual
r-04550,b-010,Gazi,Piraeus,2026-01-16 14:10:00,2026-01-16 15:35:00,casual
r-04551,b-049,Akropoli,Piraeus,2026-01-07 14:50:00,2026-01-07 15:14:00,subscriber
r-04552,b-210,Syntagma,Akropoli,2026-01-14 11:57:00,2026-01-14 12:19:00,casual
r-04553,b-132,Gazi,Syntagma,2026-01-03 00:03:00,2026-01-03 00:19:00,casual
r-04554,b-049,Omonia,Syntagma,2026-01-28 03:09:00,2026-01-28 04:24:00,casual
r-04555,b-266,Panepistimio,Kifisia,2026-01-20 15:34:00,2026-01-20 16:08:00,subscriber
r-04556,b-020,Omonia,Panepistimio,2026-01-07 04:36:00,2026-01-07 04:56:00,subscriber
r-04557,b-091,Omonia,Monastiraki,2026-01-15 20:59:00,2026-01-15 21:31:00,subscriber
r-04558,b-015,Omonia,Piraeus,2026-01-18 06:48:00,2026-01-18 07:39:00,subscriber
r-04559,b-107,Monastiraki,Syntagma,2026-01-29 06:35:00,2026-01-29 06:43:00,casual
r-04560,b-295,Panepistimio,Monastiraki,2026-01-25 15:28:00,2026-01-25 16:10:00,subscriber
r-04561,b-093,Omonia,Panepistimio,2026-01-10 02:11:00,2026-01-10 02:43:00,casual
r-04562,b-131,Omonia,Monastiraki,2026-01-06 15:30:00,2026-01-06 16:00:00,casual
r-04563,b-065,Akropoli,Omonia,2026-01-20 01:42:00,2026-01-20 03:11:00,subscriber
r-04564,b-153,Piraeus,Omonia,2026-01-15 04:21:00,2026-01-15 04:47:00,casual
r-04565,b-299,Omonia,Panepistimio,2026-01-20 19:42:00,2026-01-20 19:45:00,casual
r-04566,b-028,Akropoli,Monastiraki,2026-01-20 21:01:00,2026-01-20 21:28:00,casual
r-04567,b-243,Kifisia,Gazi,2026-01-12 14:21:00,2026-01-12 15:19:00,subscriber
r-04568,b-242,Gazi,Monastiraki,2026-01-13 22:15:00,2026-01-13 23:42:00,subscriber
r-04569,b-091,Monastiraki,Panepistimio,2026-01-17 13:04:00,2026-01-17 13:58:00,casual
r-04570,b-034,Gazi,Akropoli,2026-01-19 17:35:00,2026-01-19 18:25:00,casual
r-04571,b-127,Omonia,Panepistimio,2026-01-23 12:56:00,2026-01-23 13:48:00,subscriber
r-04572,b-054,Piraeus,Omonia,2026-01-29 12:45:00,2026-01-29 13:41:00,casual
r-04573,b-208,Panepistimio,Monastiraki,2026-01-22 20:20:00,2026-01-22 21:10:00,casual
r-04574,b-139,Kifisia,Piraeus,2026-01-08 13:56:00,2026-01-08 14:35:00,casual
r-04575,b-107,Panepistimio,Omonia,2026-01-21 02:22:00,2026-01-21 03:05:00,casual
r-04576,b-128,Gazi,Piraeus,2026-01-07 03:01:00,2026-01-07 04:25:00,subscriber
r-04577,b-078,Piraeus,Panepistimio,2026-01-14 12:21:00,2026-01-14 12:49:00,casual
r-04578,b-081,Kifisia,Syntagma,2026-01-06 00:47:00,2026-01-06 01:33:00,casual
r-04579,b-281,Panepistimio,Piraeus,2026-01-30 16:21:00,2026-01-30 17:17:00,subscriber
r-04580,b-147,Panepistimio,Piraeus,2026-01-16 01:52:00,2026-01-16 02:29:00,casual
r-04581,b-296,Piraeus,Monastiraki,2026-01-26 07:08:00,2026-01-26 07:53:00,subscriber
r-04582,b-276,Piraeus,Gazi,2026-01-20 03:03:00,2026-01-20 03:18:00,subscriber
r-04583,b-122,Kifisia,Akropoli,2026-01-14 19:20:00,2026-01-14 20:35:00,subscriber
r-04584,b-115,Gazi,Kifisia,2026-01-20 05:35:00,2026-01-20 05:50:00,subscriber
r-04585,b-237,Panepistimio,Piraeus,2026-01-05 22:52:00,2026-01-05 23:45:00,subscriber
r-04586,b-107,Syntagma,Akropoli,2026-01-02 15:55:00,2026-01-02 16:29:00,casual
r-04587,b-086,Syntagma,Akropoli,2026-01-07 06:52:00,2026-01-07 07:43:00,subscriber
r-04588,b-247,Piraeus,Kifisia,2026-01-05 16:13:00,2026-01-05 16:51:00,subscriber
r-04589,b-141,Piraeus,Gazi,2026-01-26 15:13:00,2026-01-26 15:33:00,subscriber
r-04590,b-204,Monastiraki,Panepistimio,2026-01-06 16:41:00,2026-01-06 17:00:00,subscriber
r-04591,b-095,Kifisia,Panepistimio,2026-01-28 06:47:00,2026-01-28 07:28:00,casual
r-04592,b-297,Omonia,Piraeus,2026-01-30 13:43:00,2026-01-30 14:21:00,subscriber
r-04593,b-208,Gazi,Kifisia,2026-01-19 00:27:00,2026-01-19 01:07:00,subscriber
r-04594,b-072,Monastiraki,Akropoli,2026-01-10 00:54:00,2026-01-10 02:13:00,casual
r-04595,b-294,Piraeus,Kifisia,2026-01-01 20:23:00,2026-01-01 20:53:00,casual
r-04596,b-057,Monastiraki,Piraeus,2026-01-24 08:16:00,2026-01-24 09:44:00,subscriber
r-04597,b-150,Piraeus,Gazi,2026-01-30 13:16:00,2026-01-30 14:11:00,casual
r-04598,b-014,Piraeus,Panepistimio,2026-01-05 08:35:00,2026-01-05 09:57:00,casual
r-04599,b-113,Panepistimio,Omonia,2026-01-26 09:30:00,2026-01-26 10:01:00,subscriber
r-04600,b-087,Piraeus,Syntagma,2026-01-02 19:53:00,2026-01-02 20:09:00,casual
r-04601,b-127,Monastiraki,Akropoli,2026-01-27 07:55:00,2026-01-27 08:01:00,casual
r-04602,b-116,Monastiraki,Omonia,2026-01-27 23:05:00,2026-01-27 23:12:00,subscriber
r-04603,b-215,Panepistimio,Akropoli,2026-01-13 17:17:00,2026-01-13 17:54:00,casual
r-04604,b-052,Akropoli,Gazi,2026-01-31 05:23:00,2026-01-31 05:52:00,casual
r-04605,b-032,Akropoli,Syntagma,2026-01-03 09:47:00,2026-01-03 11:02:00,subscriber
r-04606,b-038,Panepistimio,Syntagma,2026-01-21 02:13:00,2026-01-21 03:19:00,casual
r-04607,b-006,Monastiraki,Akropoli,2026-01-26 02:38:00,2026-01-26 02:52:00,casual
r-04608,b-013,Monastiraki,Kifisia,2026-01-27 15:42:00,2026-01-27 17:08:00,subscriber
r-04609,b-078,Omonia,Syntagma,2026-01-15 12:17:00,2026-01-15 13:43:00,casual
r-04610,b-017,Piraeus,Akropoli,2026-01-20 07:28:00,2026-01-20 07:46:00,subscriber
r-04611,b-150,Syntagma,Omonia,2026-01-29 14:07:00,2026-01-29 15:27:00,subscriber
r-04612,b-169,Akropoli,Gazi,2026-01-06 21:14:00,2026-01-06 21:42:00,casual
r-04613,b-108,Omonia,Syntagma,2026-01-26 12:35:00,2026-01-26 13:11:00,casual
r-04614,b-245,Piraeus,Syntagma,2026-01-10 07:42:00,2026-01-10 07:54:00,subscriber
r-04615,b-279,Monastiraki,Omonia,2026-01-23 10:28:00,2026-01-23 11:46:00,casual
r-04616,b-247,Gazi,Kifisia,2026-01-04 00:10:00,2026-01-04 00:23:00,subscriber
r-04617,b-070,Monastiraki,Omonia,2026-01-05 06:22:00,2026-01-05 07:28:00,subscriber
r-04618,b-009,Akropoli,Kifisia,2026-01-27 20:45:00,2026-01-27 22:15:00,subscriber
r-04619,b-267,Syntagma,Omonia,2026-01-15 03:27:00,2026-01-15 04:29:00,subscriber
r-04620,b-274,Monastiraki,Omonia,2026-01-14 12:01:00,2026-01-14 12:15:00,casual
r-04621,b-249,Gazi,Monastiraki,2026-01-30 02:18:00,2026-01-30 02:59:00,subscriber
r-04622,b-262,Piraeus,Panepistimio,2026-01-28 23:37:00,2026-01-29 00:07:00,casual
r-04623,b-220,Akropoli,Kifisia,2026-01-23 16:08:00,2026-01-23 16:59:00,subscriber
r-04624,b-041,Panepistimio,Gazi,2026-01-28 21:02:00,2026-01-28 21:14:00,subscriber
r-04625,b-057,Akropoli,Gazi,2026-01-30 07:56:00,2026-01-30 09:02:00,casual
r-04626,b-128,Akropoli,Monastiraki,2026-01-06 21:22:00,2026-01-06 22:38:00,subscriber
r-04627,b-039,Akropoli,Syntagma,2026-01-06 17:56:00,2026-01-06 18:43:00,subscriber
r-04628,b-027,Panepistimio,Omonia,2026-01-05 02:00:00,2026-01-05 02:45:00,casual
r-04629,b-095,Piraeus,Gazi,2026-01-28 11:52:00,2026-01-28 13:19:00,casual
r-04630,b-177,Akropoli,Kifisia,2026-01-04 08:33:00,2026-01-04 09:28:00,casual
r-04631,b-255,Omonia,Kifisia,2026-01-08 22:38:00,2026-01-08 23:22:00,casual
r-04632,b-187,Omonia,Piraeus,2026-01-04 17:58:00,2026-01-04 18:01:00,casual
r-04633,b-278,Kifisia,Akropoli,2026-01-23 11:27:00,2026-01-23 11:38:00,casual
r-04634,b-200,Gazi,Panepistimio,2026-01-25 00:37:00,2026-01-25 01:47:00,casual
r-04635,b-016,Panepistimio,Syntagma,2026-01-24 09:26:00,2026-01-24 10:41:00,casual
r-04636,b-232,Gazi,Panepistimio,2026-01-06 03:44:00,2026-01-06 05:02:00,casual
r-04637,b-259,Gazi,Omonia,2026-01-19 14:58:00,2026-01-19 15:27:00,casual
r-04638,b-045,Kifisia,Gazi,2026-01-07 23:04:00,2026-01-07 23:30:00,casual
r-04639,b-186,Piraeus,Monastiraki,2026-01-08 10:27:00,2026-01-08 11:19:00,casual
r-04640,b-005,Akropoli,Panepistimio,2026-01-18 00:48:00,2026-01-18 00:54:00,casual
r-04641,b-151,Syntagma,Monastiraki,2026-01-02 08:38:00,2026-01-02 10:05:00,casual
r-04642,b-194,Syntagma,Kifisia,2026-01-06 09:29:00,2026-01-06 10:00:00,casual
r-04643,b-263,Syntagma,Kifisia,2026-01-09 12:38:00,2026-01-09 13:14:00,casual
r-04644,b-211,Syntagma,Piraeus,2026-01-06 00:04:00,2026-01-06 00:07:00,casual
r-04645,b-140,Syntagma,Piraeus,2026-01-25 23:27:00,2026-01-26 00:46:00,subscriber
r-04646,b-242,Omonia,Syntagma,2026-01-23 10:41:00,2026-01-23 11:01:00,casual
r-04647,b-180,Monastiraki,Syntagma,2026-01-09 00:02:00,2026-01-09 00:29:00,subscriber
r-04648,b-076,Omonia,Gazi,2026-01-07 16:55:00,2026-01-07 17:27:00,subscriber
r-04649,b-007,Omonia,Panepistimio,2026-01-09 07:08:00,2026-01-09 08:22:00,casual
r-04650,b-099,Omonia,Gazi,2026-01-22 18:30:00,2026-01-22 19:14:00,casual
r-04651,b-001,Akropoli,Syntagma,2026-01-28 21:54:00,2026-01-28 23:12:00,casual
r-04652,b-060,Akropoli,Panepistimio,2026-01-05 12:46:00,2026-01-05 12:53:00,subscriber
r-04653,b-178,Monastiraki,Omonia,2026-01-18 07:26:00,2026-01-18 07:42:00,subscriber
r-04654,b-227,Gazi,Kifisia,2026-01-15 15:25:00,2026-01-15 15:52:00,subscriber
r-04655,b-004,Omonia,Kifisia,2026-01-08 19:55:00,2026-01-08 21:20:00,casual
r-04656,b-285,Gazi,Panepistimio,2026-01-14 11:57:00,2026-01-14 12:15:00,subscriber
r-04657,b-066,Panepistimio,Syntagma,2026-01-28 14:02:00,2026-01-28 15:04:00,subscriber
r-04658,b-148,Akropoli,Syntagma,2026-01-04 15:30:00,2026-01-04 15:36:00,casual
r-04659,b-171,Monastiraki,Gazi,2026-01-12 08:58:00,2026-01-12 09:39:00,subscriber
r-04660,b-241,Akropoli,Omonia,2026-01-24 13:38:00,2026-01-24 13:53:00,casual
r-04661,b-019,Omonia,Gazi,2026-01-22 00:02:00,2026-01-22 00:41:00,subscriber
r-04662,b-198,Panepistimio,Syntagma,2026-01-05 04:50:00,2026-01-05 06:15:00,subscriber
r-04663,b-117,Syntagma,Piraeus,2026-01-17 00:07:00,2026-01-17 01:13:00,casual
r-04664,b-075,Monastiraki,Piraeus,2026-01-26 17:49:00,2026-01-26 19:06:00,subscriber
r-04665,b-123,Kifisia,Omonia,2026-01-11 10:23:00,2026-01-11 11:50:00,casual
r-04666,b-170,Syntagma,Panepistimio,2026-01-28 11:16:00,2026-01-28 12:32:00,casual
r-04667,b-293,Gazi,Akropoli,2026-01-17 00:15:00,2026-01-17 01:21:00,casual
r-04668,b-295,Akropoli,Monastiraki,2026-01-02 06:46:00,2026-01-02 07:58:00,subscriber
r-04669,b-026,Piraeus,Akropoli,2026-01-20 09:46:00,2026-01-20 11:06:00,casual
r-04670,b-194,Piraeus,Syntagma,2026-01-17 16:26:00,2026-01-17 16:48:00,subscriber
r-04671,b-236,Gazi,Panepistimio,2026-01-03 12:56:00,2026-01-03 13:48:00,subscriber
r-04672,b-228,Akropoli,Omonia,2026-01-11 23:04:00,2026-01-12 00:04:00,subscriber
r-04673,b-228,Gazi,Monastiraki,2026-01-05 02:39:00,2026-01-05 03:33:00,casual
r-04674,b-287,Piraeus,Gazi,2026-01-05 13:50:00,2026-01-05 14:21:00,subscriber
r-04675,b-184,Syntagma,Omonia,2026-01-14 22:24:00,2026-01-14 23:42:00,subscriber
r-04676,b-246,Akropoli,Monastiraki,2026-01-30 05:36:00,2026-01-30 05:41:00,casual
r-04677,b-204,Omonia,Piraeus,2026-01-29 08:47:00,2026-01-29 10:08:00,casual
r-04678,b-256,Kifisia,Piraeus,2026-01-13 14:12:00,2026-01-13 14:53:00,subscriber
r-04679,b-095,Akropoli,Piraeus,2026-01-16 00:55:00,2026-01-16 00:59:00,subscriber
r-04680,b-155,Omonia,Monastiraki,2026-01-07 17:49:00,2026-01-07 18:24:00,subscriber
r-04681,b-065,Monastiraki,Akropoli,2026-01-02 18:51:00,2026-01-02 19:29:00,casual
r-04682,b-204,Gazi,Monastiraki,2026-01-06 08:48:00,2026-01-06 09:33:00,subscriber
r-04683,b-235,Gazi,Omonia,2026-01-16 05:51:00,2026-01-16 07:02:00,casual
r-04684,b-256,Piraeus,Monastiraki,2026-01-27 22:55:00,2026-01-27 23:01:00,casual
r-04685,b-189,Akropoli,Monastiraki,2026-01-02 00:19:00,2026-01-02 00:42:00,casual
r-04686,b-074,Panepistimio,Monastiraki,2026-01-04 03:06:00,2026-01-04 03:39:00,casual
r-04687,b-114,Gazi,Monastiraki,2026-01-28 15:07:00,2026-01-28 15:47:00,subscriber
r-04688,b-199,Omonia,Gazi,2026-01-15 23:52:00,2026-01-16 01:16:00,subscriber
r-04689,b-072,Syntagma,Kifisia,2026-01-03 10:20:00,2026-01-03 10:58:00,casual
r-04690,b-081,Monastiraki,Akropoli,2026-01-19 04:30:00,2026-01-19 04:56:00,subscriber
r-04691,b-072,Omonia,Gazi,2026-01-23 10:09:00,2026-01-23 10:49:00,subscriber
r-04692,b-238,Monastiraki,Akropoli,2026-01-02 12:52:00,2026-01-02 13:33:00,subscriber
r-04693,b-091,Panepistimio,Gazi,2026-01-06 18:13:00,2026-01-06 19:01:00,casual
r-04694,b-003,Panepistimio,Akropoli,2026-01-18 17:44:00,2026-01-18 19:04:00,casual
r-04695,b-017,Gazi,Kifisia,2026-01-11 09:42:00,2026-01-11 10:01:00,subscriber
r-04696,b-024,Omonia,Gazi,2026-01-06 20:17:00,2026-01-06 20:49:00,casual
r-04697,b-078,Syntagma,Omonia,2026-01-25 12:41:00,2026-01-25 13:29:00,subscriber
r-04698,b-296,Syntagma,Monastiraki,2026-01-20 08:33:00,2026-01-20 08:48:00,subscriber
r-04699,b-116,Panepistimio,Omonia,2026-01-30 14:18:00,2026-01-30 14:52:00,casual
r-04700,b-032,Monastiraki,Gazi,2026-01-28 19:56:00,2026-01-28 21:01:00,subscriber
r-04701,b-298,Syntagma,Omonia,2026-01-03 23:29:00,2026-01-04 00:54:00,casual
r-04702,b-095,Piraeus,Monastiraki,2026-01-20 21:59:00,2026-01-20 22:14:00,casual
r-04703,b-253,Akropoli,Piraeus,2026-01-18 11:19:00,2026-01-18 12:48:00,subscriber
r-04704,b-159,Gazi,Akropoli,2026-01-24 17:33:00,2026-01-24 18:23:00,subscriber
r-04705,b-001,Omonia,Monastiraki,2026-01-21 18:58:00,2026-01-21 20:15:00,casual
r-04706,b-120,Omonia,Piraeus,2026-01-16 23:52:00,2026-01-17 00:22:00,subscriber
r-04707,b-274,Kifisia,Panepistimio,2026-01-18 20:35:00,2026-01-18 22:01:00,subscriber
r-04708,b-226,Piraeus,Omonia,2026-01-14 07:08:00,2026-01-14 07:53:00,casual
r-04709,b-061,Syntagma,Kifisia,2026-01-12 11:40:00,2026-01-12 12:39:00,casual
r-04710,b-232,Monastiraki,Syntagma,2026-01-17 09:17:00,2026-01-17 09:45:00,casual
r-04711,b-030,Piraeus,Omonia,2026-01-20 19:23:00,2026-01-20 20:19:00,casual
r-04712,b-215,Kifisia,Gazi,2026-01-09 09:06:00,2026-01-09 10:33:00,subscriber
r-04713,b-045,Omonia,Gazi,2026-01-07 00:33:00,2026-01-07 00:39:00,casual
r-04714,b-038,Syntagma,Akropoli,2026-01-23 00:46:00,2026-01-23 01:59:00,subscriber
r-04715,b-059,Panepistimio,Syntagma,2026-01-08 10:15:00,2026-01-08 10:34:00,casual
r-04716,b-198,Kifisia,Syntagma,2026-01-23 02:36:00,2026-01-23 03:59:00,casual
r-04717,b-126,Panepistimio,Omonia,2026-01-30 02:58:00,2026-01-30 03:55:00,subscriber
r-04718,b-277,Kifisia,Syntagma,2026-01-08 05:06:00,2026-01-08 05:34:00,casual
r-04719,b-071,Monastiraki,Kifisia,2026-01-27 23:49:00,2026-01-28 00:11:00,casual
r-04720,b-263,Akropoli,Piraeus,2026-01-30 06:25:00,2026-01-30 07:34:00,casual
r-04721,b-043,Kifisia,Syntagma,2026-01-20 04:17:00,2026-01-20 04:48:00,casual
r-04722,b-012,Akropoli,Monastiraki,2026-01-08 06:16:00,2026-01-08 07:36:00,subscriber
r-04723,b-173,Kifisia,Piraeus,2026-01-02 15:35:00,2026-01-02 16:09:00,subscriber
r-04724,b-125,Omonia,Kifisia,2026-01-27 06:22:00,2026-01-27 07:33:00,subscriber
r-04725,b-177,Akropoli,Panepistimio,2026-01-10 18:17:00,2026-01-10 18:38:00,casual
r-04726,b-246,Panepistimio,Monastiraki,2026-01-18 15:02:00,2026-01-18 16:23:00,casual
r-04727,b-255,Panepistimio,Kifisia,2026-01-06 00:48:00,2026-01-06 01:53:00,casual
r-04728,b-108,Monastiraki,Panepistimio,2026-01-16 22:05:00,2026-01-16 23:20:00,subscriber
r-04729,b-141,Monastiraki,Kifisia,2026-01-03 05:02:00,2026-01-03 05:17:00,subscriber
r-04730,b-220,Omonia,Piraeus,2026-01-18 23:37:00,2026-01-19 00:25:00,casual
r-04731,b-113,Piraeus,Panepistimio,2026-01-14 15:51:00,2026-01-14 16:17:00,casual
r-04732,b-144,Kifisia,Monastiraki,2026-01-04 05:28:00,2026-01-04 05:49:00,casual
r-04733,b-188,Panepistimio,Akropoli,2026-01-17 01:17:00,2026-01-17 01:48:00,casual
r-04734,b-134,Kifisia,Panepistimio,2026-01-15 14:59:00,2026-01-15 15:51:00,casual
r-04735,b-085,Piraeus,Monastiraki,2026-01-24 14:29:00,2026-01-24 15:09:00,casual
r-04736,b-062,Gazi,Kifisia,2026-01-27 15:03:00,2026-01-27 15:42:00,subscriber
r-04737,b-003,Omonia,Panepistimio,2026-01-15 07:08:00,2026-01-15 08:03:00,casual
r-04738,b-197,Piraeus,Omonia,2026-01-27 15:58:00,2026-01-27 16:17:00,casual
r-04739,b-216,Syntagma,Kifisia,2026-01-06 07:59:00,2026-01-06 08:20:00,subscriber
r-04740,b-119,Kifisia,Monastiraki,2026-01-21 16:34:00,2026-01-21 17:30:00,casual
r-04741,b-111,Kifisia,Akropoli,2026-01-02 07:47:00,2026-01-02 09:08:00,casual
r-04742,b-295,Monastiraki,Omonia,2026-01-13 14:08:00,2026-01-13 14:28:00,subscriber
r-04743,b-096,Gazi,Syntagma,2026-01-15 00:56:00,2026-01-15 01:54:00,subscriber
r-04744,b-282,Kifisia,Panepistimio,2026-01-10 05:57:00,2026-01-10 06:37:00,subscriber
r-04745,b-291,Kifisia,Gazi,2026-01-14 09:20:00,2026-01-14 10:07:00,casual
r-04746,b-267,Monastiraki,Kifisia,2026-01-07 13:34:00,2026-01-07 14:24:00,casual
r-04747,b-105,Kifisia,Syntagma,2026-01-31 03:54:00,2026-01-31 04:03:00,subscriber
r-04748,b-150,Omonia,Syntagma,2026-01-30 21:40:00,2026-01-30 23:01:00,casual
r-04749,b-125,Omonia,Kifisia,2026-01-26 14:45:00,2026-01-26 16:15:00,subscriber
r-04750,b-029,Omonia,Piraeus,2026-01-21 13:44:00,2026-01-21 15:09:00,casual
r-04751,b-205,Piraeus,Panepistimio,2026-01-15 17:52:00,2026-01-15 18:03:00,casual
r-04752,b-113,Panepistimio,Akropoli,2026-01-01 20:50:00,2026-01-01 21:43:00,subscriber
r-04753,b-058,Panepistimio,Syntagma,2026-01-25 00:13:00,2026-01-25 01:10:00,subscriber
r-04754,b-026,Syntagma,Kifisia,2026-01-07 15:04:00,2026-01-07 15:26:00,casual
r-04755,b-130,Omonia,Akropoli,2026-01-24 05:49:00,2026-01-24 06:26:00,subscriber
r-04756,b-232,Piraeus,Kifisia,2026-01-10 15:28:00,2026-01-10 15:58:00,casual
r-04757,b-277,Omonia,Piraeus,2026-01-02 09:03:00,2026-01-02 10:11:00,casual
r-04758,b-106,Monastiraki,Piraeus,2026-01-24 00:47:00,2026-01-24 02:11:00,casual
r-04759,b-147,Akropoli,Gazi,2026-01-01 17:31:00,2026-01-01 18:16:00,casual
r-04760,b-190,Syntagma,Gazi,2026-01-28 14:41:00,2026-01-28 15:01:00,casual
r-04761,b-097,Syntagma,Monastiraki,2026-01-14 01:45:00,2026-01-14 03:00:00,subscriber
r-04762,b-048,Gazi,Kifisia,2026-01-13 05:41:00,2026-01-13 07:03:00,subscriber
r-04763,b-056,Syntagma,Monastiraki,2026-01-18 08:43:00,2026-01-18 08:52:00,casual
r-04764,b-177,Monastiraki,Akropoli,2026-01-14 14:41:00,2026-01-14 15:34:00,subscriber
r-04765,b-261,Panepistimio,Gazi,2026-01-25 22:47:00,2026-01-25 22:56:00,subscriber
r-04766,b-145,Monastiraki,Syntagma,2026-01-14 08:12:00,2026-01-14 08:47:00,subscriber
r-04767,b-208,Monastiraki,Panepistimio,2026-01-13 17:01:00,2026-01-13 17:34:00,casual
r-04768,b-110,Monastiraki,Piraeus,2026-01-24 11:55:00,2026-01-24 12:41:00,casual
r-04769,b-264,Monastiraki,Panepistimio,2026-01-10 00:32:00,2026-01-10 01:41:00,subscriber
r-04770,b-181,Kifisia,Omonia,2026-01-23 01:21:00,2026-01-23 02:03:00,subscriber
r-04771,b-207,Syntagma,Monastiraki,2026-01-10 07:16:00,2026-01-10 07:24:00,casual
r-04772,b-250,Kifisia,Syntagma,2026-01-18 16:37:00,2026-01-18 17:16:00,casual
r-04773,b-020,Syntagma,Monastiraki,2026-01-26 07:33:00,2026-01-26 08:09:00,subscriber
r-04774,b-270,Monastiraki,Akropoli,2026-01-22 09:16:00,2026-01-22 10:43:00,subscriber
r-04775,b-055,Piraeus,Syntagma,2026-01-23 08:21:00,2026-01-23 08:37:00,casual
r-04776,b-265,Piraeus,Kifisia,2026-01-24 19:33:00,2026-01-24 20:25:00,casual
r-04777,b-198,Kifisia,Piraeus,2026-01-06 11:13:00,2026-01-06 11:26:00,casual
r-04778,b-102,Panepistimio,Piraeus,2026-01-17 13:07:00,2026-01-17 14:24:00,subscriber
r-04779,b-022,Kifisia,Piraeus,2026-01-20 04:00:00,2026-01-20 04:11:00,casual
r-04780,b-098,Panepistimio,Omonia,2026-01-02 14:40:00,2026-01-02 15:25:00,casual
r-04781,b-179,Monastiraki,Gazi,2026-01-17 13:26:00,2026-01-17 14:51:00,casual
r-04782,b-190,Omonia,Gazi,2026-01-16 05:20:00,2026-01-16 06:19:00,subscriber
r-04783,b-261,Panepistimio,Gazi,2026-01-17 22:23:00,2026-01-17 22:56:00,subscriber
r-04784,b-073,Piraeus,Panepistimio,2026-01-14 04:20:00,2026-01-14 04:43:00,subscriber
r-04785,b-023,Gazi,Akropoli,2026-01-22 15:19:00,2026-01-22 16:23:00,subscriber
r-04786,b-220,Akropoli,Panepistimio,2026-01-16 08:43:00,2026-01-16 09:55:00,casual
r-04787,b-104,Syntagma,Kifisia,2026-01-28 20:33:00,2026-01-28 21:02:00,subscriber
r-04788,b-081,Gazi,Monastiraki,2026-01-08 05:36:00,2026-01-08 06:44:00,casual
r-04789,b-287,Piraeus,Panepistimio,2026-01-09 11:15:00,2026-01-09 12:19:00,subscriber
r-04790,b-190,Monastiraki,Piraeus,2026-01-12 22:34:00,2026-01-12 23:17:00,subscriber
r-04791,b-266,Omonia,Kifisia,2026-01-08 19:47:00,2026-01-08 20:30:00,casual
r-04792,b-003,Monastiraki,Omonia,2026-01-14 23:29:00,2026-01-15 00:26:00,casual
r-04793,b-005,Kifisia,Monastiraki,2026-01-10 00:00:00,2026-01-10 00:03:00,casual
r-04794,b-244,Omonia,Akropoli,2026-01-11 12:24:00,2026-01-11 13:38:00,casual
r-04795,b-257,Monastiraki,Kifisia,2026-01-22 01:56:00,2026-01-22 02:13:00,casual
r-04796,b-247,Omonia,Piraeus,2026-01-07 17:08:00,2026-01-07 17:51:00,casual
r-04797,b-227,Syntagma,Monastiraki,2026-01-10 08:43:00,2026-01-10 08:46:00,subscriber
r-04798,b-073,Syntagma,Kifisia,2026-01-07 23:56:00,2026-01-08 00:08:00,casual
r-04799,b-149,Akropoli,Piraeus,2026-01-07 17:48:00,2026-01-07 18:15:00,casual
r-04800,b-248,Syntagma,Panepistimio,2026-01-11 04:35:00,2026-01-11 06:04:00,casual
r-04801,b-297,Piraeus,Syntagma,2026-01-22 16:59:00,2026-01-22 17:14:00,casual
r-04802,b-223,Gazi,Piraeus,2026-01-06 06:19:00,2026-01-06 07:10:00,casual
r-04803,b-152,Kifisia,Panepistimio,2026-01-19 11:33:00,2026-01-19 12:27:00,subscriber
r-04804,b-121,Piraeus,Akropoli,2026-01-28 23:17:00,2026-01-29 00:38:00,subscriber
r-04805,b-188,Syntagma,Monastiraki,2026-01-14 10:06:00,2026-01-14 10:43:00,subscriber
r-04806,b-195,Omonia,Piraeus,2026-01-08 16:22:00,2026-01-08 17:01:00,casual
r-04807,b-094,Panepistimio,Piraeus,2026-01-10 06:23:00,2026-01-10 07:24:00,subscriber
r-04808,b-133,Monastiraki,Kifisia,2026-01-05 08:23:00,2026-01-05 09:40:00,subscriber
r-04809,b-186,Kifisia,Syntagma,2026-01-29 17:19:00,2026-01-29 17:23:00,casual
r-04810,b-026,Panepistimio,Akropoli,2026-01-23 02:21:00,2026-01-23 03:49:00,subscriber
r-04811,b-169,Monastiraki,Syntagma,2026-01-16 13:26:00,2026-01-16 14:32:00,subscriber
r-04812,b-078,Monastiraki,Akropoli,2026-01-05 17:03:00,2026-01-05 17:11:00,casual
r-04813,b-206,Syntagma,Omonia,2026-01-01 17:44:00,2026-01-01 17:50:00,casual
r-04814,b-134,Panepistimio,Piraeus,2026-01-26 20:14:00,2026-01-26 21:30:00,casual
r-04815,b-285,Kifisia,Piraeus,2026-01-16 15:17:00,2026-01-16 16:36:00,subscriber
r-04816,b-257,Akropoli,Gazi,2026-01-11 09:00:00,2026-01-11 09:43:00,subscriber
r-04817,b-096,Monastiraki,Gazi,2026-01-17 15:12:00,2026-01-17 16:17:00,subscriber
r-04818,b-292,Piraeus,Panepistimio,2026-01-14 05:51:00,2026-01-14 07:07:00,subscriber
r-04819,b-259,Panepistimio,Piraeus,2026-01-12 19:24:00,2026-01-12 20:16:00,casual
r-04820,b-123,Akropoli,Piraeus,2026-01-30 04:01:00,2026-01-30 04:53:00,subscriber
r-04821,b-072,Monastiraki,Akropoli,2026-01-02 09:03:00,2026-01-02 09:32:00,casual
r-04822,b-266,Omonia,Kifisia,2026-01-20 14:20:00,2026-01-20 15:09:00,subscriber
r-04823,b-086,Gazi,Omonia,2026-01-15 11:00:00,2026-01-15 11:53:00,casual
r-04824,b-018,Syntagma,Monastiraki,2026-01-07 04:23:00,2026-01-07 05:03:00,subscriber
r-04825,b-026,Piraeus,Gazi,2026-01-02 06:42:00,2026-01-02 07:54:00,subscriber
r-04826,b-009,Piraeus,Kifisia,2026-01-15 04:15:00,2026-01-15 05:43:00,casual
r-04827,b-174,Syntagma,Gazi,2026-01-05 05:57:00,2026-01-05 07:15:00,casual
r-04828,b-206,Kifisia,Syntagma,2026-01-10 19:42:00,2026-01-10 20:03:00,subscriber
r-04829,b-164,Panepistimio,Monastiraki,2026-01-03 22:16:00,2026-01-03 23:41:00,casual
r-04830,b-103,Piraeus,Akropoli,2026-01-31 03:55:00,2026-01-31 04:25:00,subscriber
r-04831,b-020,Syntagma,Piraeus,2026-01-05 09:39:00,2026-01-05 09:49:00,subscriber
r-04832,b-284,Panepistimio,Syntagma,2026-01-25 06:53:00,2026-01-25 08:12:00,casual
r-04833,b-159,Syntagma,Kifisia,2026-01-25 01:06:00,2026-01-25 01:23:00,subscriber
r-04834,b-143,Panepistimio,Omonia,2026-01-09 05:29:00,2026-01-09 06:39:00,subscriber
r-04835,b-026,Omonia,Gazi,2026-01-16 14:01:00,2026-01-16 15:13:00,subscriber
r-04836,b-228,Panepistimio,Piraeus,2026-01-03 13:55:00,2026-01-03 14:31:00,casual
r-04837,b-214,Panepistimio,Kifisia,2026-01-20 15:52:00,2026-01-20 16:06:00,casual
r-04838,b-043,Syntagma,Gazi,2026-01-09 02:06:00,2026-01-09 03:17:00,subscriber
r-04839,b-035,Piraeus,Akropoli,2026-01-07 13:45:00,2026-01-07 15:14:00,casual
r-04840,b-132,Kifisia,Gazi,2026-01-27 08:51:00,2026-01-27 09:32:00,casual
r-04841,b-046,Panepistimio,Syntagma,2026-01-01 12:05:00,2026-01-01 12:52:00,subscriber
r-04842,b-126,Panepistimio,Piraeus,2026-01-17 05:02:00,2026-01-17 06:32:00,subscriber
r-04843,b-230,Kifisia,Monastiraki,2026-01-29 05:25:00,2026-01-29 06:23:00,casual
r-04844,b-158,Monastiraki,Piraeus,2026-01-07 16:22:00,2026-01-07 16:37:00,subscriber
r-04845,b-209,Panepistimio,Akropoli,2026-01-20 13:08:00,2026-01-20 14:28:00,casual
r-04846,b-249,Monastiraki,Akropoli,2026-01-30 19:23:00,2026-01-30 19:29:00,casual
r-04847,b-204,Kifisia,Panepistimio,2026-01-23 03:07:00,2026-01-23 03:22:00,subscriber
r-04848,b-121,Panepistimio,Akropoli,2026-01-31 06:55:00,2026-01-31 08:05:00,casual
r-04849,b-045,Gazi,Syntagma,2026-01-26 03:00:00,2026-01-26 04:10:00,casual
r-04850,b-089,Kifisia,Panepistimio,2026-01-30 10:55:00,2026-01-30 11:18:00,subscriber
r-04851,b-228,Piraeus,Panepistimio,2026-01-09 17:03:00,2026-01-09 18:00:00,subscriber
r-04852,b-204,Kifisia,Gazi,2026-01-27 06:27:00,2026-01-27 06:54:00,subscriber
r-04853,b-282,Omonia,Monastiraki,2026-01-19 07:38:00,2026-01-19 08:22:00,subscriber
r-04854,b-163,Panepistimio,Kifisia,2026-01-22 10:35:00,2026-01-22 11:15:00,subscriber
r-04855,b-245,Gazi,Akropoli,2026-01-07 12:05:00,2026-01-07 12:49:00,casual
r-04856,b-254,Piraeus,Omonia,2026-01-22 11:44:00,2026-01-22 12:06:00,casual
r-04857,b-190,Panepistimio,Gazi,2026-01-14 19:43:00,2026-01-14 19:49:00,subscriber
r-04858,b-149,Monastiraki,Piraeus,2026-01-15 18:20:00,2026-01-15 18:26:00,subscriber
r-04859,b-248,Piraeus,Omonia,2026-01-21 09:29:00,2026-01-21 09:45:00,subscriber
r-04860,b-181,Omonia,Gazi,2026-01-27 08:24:00,2026-01-27 08:35:00,casual
r-04861,b-059,Kifisia,Syntagma,2026-01-17 07:17:00,2026-01-17 07:31:00,casual
r-04862,b-185,Syntagma,Monastiraki,2026-01-25 06:04:00,2026-01-25 07:01:00,subscriber
r-04863,b-139,Omonia,Panepistimio,2026-01-01 12:45:00,2026-01-01 14:05:00,subscriber
r-04864,b-238,Kifisia,Omonia,2026-01-25 03:05:00,2026-01-25 04:05:00,subscriber
r-04865,b-073,Syntagma,Kifisia,2026-01-29 20:15:00,2026-01-29 20:47:00,subscriber
r-04866,b-077,Monastiraki,Piraeus,2026-01-02 03:40:00,2026-01-02 03:58:00,casual
r-04867,b-260,Monastiraki,Piraeus,2026-01-30 04:04:00,2026-01-30 04:08:00,casual
r-04868,b-088,Kifisia,Omonia,2026-01-29 19:16:00,2026-01-29 19:23:00,subscriber
r-04869,b-093,Gazi,Monastiraki,2026-01-19 14:32:00,2026-01-19 15:59:00,subscriber
r-04870,b-108,Piraeus,Akropoli,2026-01-11 16:00:00,2026-01-11 16:27:00,subscriber
r-04871,b-087,Syntagma,Akropoli,2026-01-30 04:29:00,2026-01-30 05:43:00,subscriber
r-04872,b-070,Panepistimio,Syntagma,2026-01-01 22:53:00,2026-01-01 23:59:00,casual
r-04873,b-133,Piraeus,Monastiraki,2026-01-09 04:42:00,2026-01-09 05:34:00,casual
r-04874,b-148,Kifisia,Piraeus,2026-01-17 21:01:00,2026-01-17 21:34:00,subscriber
r-04875,b-142,Monastiraki,Kifisia,2026-01-16 04:46:00,2026-01-16 05:52:00,casual
r-04876,b-254,Gazi,Panepistimio,2026-01-19 03:06:00,2026-01-19 04:33:00,casual
r-04877,b-107,Kifisia,Piraeus,2026-01-03 14:17:00,2026-01-03 15:08:00,casual
r-04878,b-113,Akropoli,Omonia,2026-01-30 17:32:00,2026-01-30 18:13:00,casual
r-04879,b-220,Akropoli,Panepistimio,2026-01-16 08:46:00,2026-01-16 08:57:00,casual
r-04880,b-138,Panepistimio,Piraeus,2026-01-17 10:35:00,2026-01-17 11:43:00,subscriber
r-04881,b-181,Panepistimio,Piraeus,2026-01-14 20:02:00,2026-01-14 21:16:00,casual
r-04882,b-254,Piraeus,Kifisia,2026-01-30 00:06:00,2026-01-30 00:29:00,subscriber
r-04883,b-161,Akropoli,Gazi,2026-01-21 02:14:00,2026-01-21 03:07:00,subscriber
r-04884,b-187,Kifisia,Panepistimio,2026-01-08 08:29:00,2026-01-08 08:35:00,casual
r-04885,b-082,Akropoli,Monastiraki,2026-01-01 12:59:00,2026-01-01 14:07:00,casual
r-04886,b-129,Panepistimio,Piraeus,2026-01-29 02:22:00,2026-01-29 03:36:00,casual
r-04887,b-275,Gazi,Kifisia,2026-01-12 10:21:00,2026-01-12 11:19:00,subscriber
r-04888,b-031,Akropoli,Omonia,2026-01-17 12:52:00,2026-01-17 12:58:00,casual
r-04889,b-138,Omonia,Gazi,2026-01-02 18:49:00,2026-01-02 20:08:00,casual
r-04890,b-235,Syntagma,Monastiraki,2026-01-22 10:14:00,2026-01-22 10:38:00,subscriber
r-04891,b-024,Panepistimio,Gazi,2026-01-14 02:13:00,2026-01-14 02:38:00,casual
r-04892,b-162,Kifisia,Monastiraki,2026-01-21 16:03:00,2026-01-21 16:35:00,casual
r-04893,b-288,Syntagma,Omonia,2026-01-30 05:31:00,2026-01-30 06:18:00,subscriber
r-04894,b-287,Omonia,Panepistimio,2026-01-04 05:17:00,2026-01-04 06:13:00,casual
r-04895,b-068,Syntagma,Piraeus,2026-01-06 08:04:00,2026-01-06 08:52:00,subscriber
r-04896,b-095,Syntagma,Piraeus,2026-01-14 23:34:00,2026-01-15 00:20:00,subscriber
r-04897,b-034,Gazi,Monastiraki,2026-01-15 12:24:00,2026-01-15 12:53:00,subscriber
r-04898,b-120,Akropoli,Kifisia,2026-01-22 10:48:00,2026-01-22 12:07:00,subscriber
r-04899,b-041,Gazi,Monastiraki,2026-01-23 16:49:00,2026-01-23 18:11:00,subscriber
r-04900,b-181,Panepistimio,Piraeus,2026-01-06 09:58:00,2026-01-06 10:19:00,subscriber
r-04901,b-095,Piraeus,Omonia,2026-01-13 20:07:00,2026-01-13 20:31:00,casual
r-04902,b-195,Piraeus,Kifisia,2026-01-13 08:34:00,2026-01-13 08:56:00,subscriber
r-04903,b-187,Syntagma,Gazi,2026-01-16 23:40:00,2026-01-16 23:57:00,casual
r-04904,b-180,Panepistimio,Gazi,2026-01-11 12:03:00,2026-01-11 13:13:00,casual
r-04905,b-221,Monastiraki,Panepistimio,2026-01-14 15:32:00,2026-01-14 16:18:00,subscriber
r-04906,b-119,Monastiraki,Gazi,2026-01-28 19:19:00,2026-01-28 20:42:00,casual
r-04907,b-156,Kifisia,Gazi,2026-01-05 14:25:00,2026-01-05 14:38:00,casual
r-04908,b-233,Panepistimio,Piraeus,2026-01-17 14:27:00,2026-01-17 15:10:00,subscriber
r-04909,b-279,Kifisia,Monastiraki,2026-01-20 08:26:00,2026-01-20 08:46:00,subscriber
r-04910,b-227,Panepistimio,Monastiraki,2026-01-20 06:05:00,2026-01-20 07:06:00,casual
r-04911,b-045,Omonia,Kifisia,2026-01-18 20:49:00,2026-01-18 21:04:00,casual
r-04912,b-086,Piraeus,Gazi,2026-01-22 23:30:00,2026-01-23 00:20:00,casual
r-04913,b-218,Omonia,Kifisia,2026-01-13 01:04:00,2026-01-13 01:19:00,subscriber
r-04914,b-227,Monastiraki,Gazi,2026-01-24 17:05:00,2026-01-24 17:40:00,casual
r-04915,b-293,Syntagma,Akropoli,2026-01-08 14:31:00,2026-01-08 14:35:00,subscriber
r-04916,b-011,Piraeus,Monastiraki,2026-01-05 03:34:00,2026-01-05 04:54:00,subscriber
r-04917,b-224,Gazi,Syntagma,2026-01-29 11:31:00,2026-01-29 12:50:00,casual
r-04918,b-169,Gazi,Syntagma,2026-01-04 00:47:00,2026-01-04 01:29:00,subscriber
r-04919,b-117,Piraeus,Panepistimio,2026-01-07 00:34:00,2026-01-07 02:03:00,subscriber
r-04920,b-118,Akropoli,Kifisia,2026-01-09 05:13:00,2026-01-09 05:43:00,subscriber
r-04921,b-047,Gazi,Kifisia,2026-01-15 09:02:00,2026-01-15 10:09:00,casual
r-04922,b-190,Syntagma,Omonia,2026-01-30 22:12:00,2026-01-30 22:34:00,subscriber
r-04923,b-075,Gazi,Syntagma,2026-01-19 13:42:00,2026-01-19 14:23:00,subscriber
r-04924,b-068,Panepistimio,Omonia,2026-01-12 03:27:00,2026-01-12 03:43:00,casual
r-04925,b-239,Kifisia,Panepistimio,2026-01-17 19:11:00,2026-01-17 20:01:00,subscriber
r-04926,b-170,Monastiraki,Syntagma,2026-01-28 22:19:00,2026-01-28 23:40:00,casual
r-04927,b-133,Akropoli,Piraeus,2026-01-28 04:57:00,2026-01-28 05:03:00,subscriber
r-04928,b-154,Panepistimio,Piraeus,2026-01-05 04:55:00,2026-01-05 06:04:00,subscriber
r-04929,b-044,Gazi,Monastiraki,2026-01-21 04:05:00,2026-01-21 05:26:00,subscriber
r-04930,b-061,Kifisia,Panepistimio,2026-01-31 01:26:00,2026-01-31 01:49:00,subscriber
r-04931,b-300,Piraeus,Monastiraki,2026-01-15 22:16:00,2026-01-15 22:21:00,subscriber
r-04932,b-174,Omonia,Akropoli,2026-01-22 14:51:00,2026-01-22 16:11:00,subscriber
r-04933,b-058,Omonia,Gazi,2026-01-21 21:36:00,2026-01-21 22:06:00,casual
r-04934,b-028,Monastiraki,Piraeus,2026-01-07 18:17:00,2026-01-07 19:47:00,casual
r-04935,b-051,Omonia,Monastiraki,2026-01-11 17:40:00,2026-01-11 19:02:00,subscriber
r-04936,b-165,Monastiraki,Kifisia,2026-01-19 09:42:00,2026-01-19 10:57:00,casual
r-04937,b-248,Kifisia,Panepistimio,2026-01-11 05:55:00,2026-01-11 07:24:00,subscriber
r-04938,b-264,Omonia,Gazi,2026-01-02 13:23:00,2026-01-02 14:11:00,casual
r-04939,b-150,Kifisia,Gazi,2026-01-23 12:17:00,2026-01-23 12:20:00,casual
r-04940,b-101,Monastiraki,Panepistimio,2026-01-28 09:44:00,2026-01-28 11:06:00,subscriber
r-04941,b-006,Gazi,Syntagma,2026-01-12 21:45:00,2026-01-12 22:23:00,subscriber
r-04942,b-267,Piraeus,Gazi,2026-01-01 14:25:00,2026-01-01 14:44:00,subscriber
r-04943,b-159,Syntagma,Omonia,2026-01-26 20:10:00,2026-01-26 21:16:00,casual
r-04944,b-205,Gazi,Akropoli,2026-01-03 20:23:00,2026-01-03 20:47:00,casual
r-04945,b-025,Panepistimio,Piraeus,2026-01-19 09:11:00,2026-01-19 09:20:00,casual
r-04946,b-209,Panepistimio,Omonia,2026-01-01 17:17:00,2026-01-01 18:37:00,casual
r-04947,b-075,Monastiraki,Gazi,2026-01-17 04:05:00,2026-01-17 04:46:00,subscriber
r-04948,b-039,Monastiraki,Syntagma,2026-01-20 15:04:00,2026-01-20 16:16:00,subscriber
r-04949,b-089,Omonia,Akropoli,2026-01-26 08:09:00,2026-01-26 09:37:00,subscriber
r-04950,b-126,Monastiraki,Omonia,2026-01-03 12:56:00,2026-01-03 13:39:00,casual
r-04951,b-159,Monastiraki,Gazi,2026-01-18 09:55:00,2026-01-18 10:05:00,subscriber
r-04952,b-275,Monastiraki,Omonia,2026-01-08 02:38:00,2026-01-08 02:41:00,subscriber
r-04953,b-282,Omonia,Syntagma,2026-01-17 19:01:00,2026-01-17 19:34:00,subscriber
r-04954,b-063,Piraeus,Akropoli,2026-01-04 19:52:00,2026-01-04 21:21:00,casual
r-04955,b-276,Syntagma,Omonia,2026-01-11 10:46:00,2026-01-11 11:42:00,subscriber
r-04956,b-195,Panepistimio,Piraeus,2026-01-30 20:20:00,2026-01-30 21:24:00,subscriber
r-04957,b-249,Akropoli,Piraeus,2026-01-22 12:50:00,2026-01-22 13:58:00,casual
r-04958,b-012,Syntagma,Monastiraki,2026-01-23 06:37:00,2026-01-23 07:03:00,casual
r-04959,b-052,Akropoli,Piraeus,2026-01-07 05:20:00,2026-01-07 05:33:00,subscriber
r-04960,b-223,Kifisia,Syntagma,2026-01-22 21:36:00,2026-01-22 21:40:00,subscriber
r-04961,b-015,Gazi,Kifisia,2026-01-13 13:48:00,2026-01-13 15:02:00,casual
r-04962,b-004,Panepistimio,Akropoli,2026-01-06 01:48:00,2026-01-06 02:14:00,casual
r-04963,b-136,Monastiraki,Gazi,2026-01-05 00:23:00,2026-01-05 00:40:00,casual
r-04964,b-242,Gazi,Panepistimio,2026-01-17 19:11:00,2026-01-17 19:47:00,subscriber
r-04965,b-200,Gazi,Omonia,2026-01-29 09:44:00,2026-01-29 10:37:00,subscriber
r-04966,b-256,Kifisia,Panepistimio,2026-01-28 15:24:00,2026-01-28 15:50:00,subscriber
r-04967,b-060,Kifisia,Gazi,2026-01-12 02:07:00,2026-01-12 03:06:00,casual
r-04968,b-182,Panepistimio,Gazi,2026-01-07 18:24:00,2026-01-07 19:21:00,casual
r-04969,b-196,Piraeus,Kifisia,2026-01-06 04:22:00,2026-01-06 04:42:00,casual
r-04970,b-187,Syntagma,Panepistimio,2026-01-26 02:05:00,2026-01-26 02:36:00,casual
r-04971,b-279,Monastiraki,Omonia,2026-01-10 18:36:00,2026-01-10 19:37:00,casual
r-04972,b-072,Omonia,Piraeus,2026-01-14 08:55:00,2026-01-14 09:03:00,subscriber
r-04973,b-155,Piraeus,Syntagma,2026-01-31 03:44:00,2026-01-31 04:23:00,casual
r-04974,b-218,Omonia,Akropoli,2026-01-19 03:03:00,2026-01-19 03:54:00,subscriber
r-04975,b-057,Akropoli,Piraeus,2026-01-11 06:33:00,2026-01-11 06:36:00,subscriber
r-04976,b-153,Monastiraki,Piraeus,2026-01-22 03:15:00,2026-01-22 04:11:00,subscriber
r-04977,b-096,Monastiraki,Panepistimio,2026-01-29 19:59:00,2026-01-29 21:27:00,casual
r-04978,b-204,Monastiraki,Gazi,2026-01-24 14:32:00,2026-01-24 15:04:00,casual
r-04979,b-014,Akropoli,Panepistimio,2026-01-10 18:19:00,2026-01-10 19:15:00,casual
r-04980,b-290,Piraeus,Akropoli,2026-01-19 00:07:00,2026-01-19 00:50:00,casual
r-04981,b-111,Kifisia,Syntagma,2026-01-28 07:53:00,2026-01-28 09:01:00,casual
r-04982,b-015,Panepistimio,Syntagma,2026-01-26 10:03:00,2026-01-26 11:17:00,casual
r-04983,b-117,Kifisia,Gazi,2026-01-25 23:13:00,2026-01-25 23:44:00,casual
r-04984,b-093,Gazi,Akropoli,2026-01-11 15:57:00,2026-01-11 16:10:00,subscriber
r-04985,b-030,Omonia,Akropoli,2026-01-28 08:39:00,2026-01-28 08:56:00,casual
r-04986,b-033,Panepistimio,Omonia,2026-01-16 08:15:00,2026-01-16 09:34:00,subscriber
r-04987,b-075,Piraeus,Gazi,2026-01-13 08:36:00,2026-01-13 08:45:00,subscriber
r-04988,b-066,Kifisia,Monastiraki,2026-01-05 01:31:00,2026-01-05 02:43:00,subscriber
r-04989,b-099,Monastiraki,Gazi,2026-01-14 02:40:00,2026-01-14 03:44:00,subscriber
r-04990,b-299,Monastiraki,Akropoli,2026-01-05 07:34:00,2026-01-05 08:45:00,casual
r-04991,b-230,Kifisia,Omonia,2026-01-31 00:09:00,2026-01-31 00:18:00,casual
r-04992,b-230,Akropoli,Gazi,2026-01-27 13:44:00,2026-01-27 14:48:00,subscriber
r-04993,b-252,Omonia,Syntagma,2026-01-15 16:51:00,2026-01-15 17:14:00,subscriber
r-04994,b-172,Piraeus,Kifisia,2026-01-06 08:33:00,2026-01-06 09:11:00,casual
r-04995,b-274,Monastiraki,Gazi,2026-01-17 12:47:00,2026-01-17 13:56:00,subscriber
r-04996,b-109,Monastiraki,Akropoli,2026-01-01 18:16:00,2026-01-01 19:14:00,casual
r-04997,b-103,Monastiraki,Akropoli,2026-01-19 19:52:00,2026-01-19 20:26:00,subscriber
r-04998,b-181,Kifisia,Omonia,2026-01-08 23:40:00,2026-01-09 00:59:00,casual
r-04999,b-157,Monastiraki,Akropoli,2026-01-09 10:25:00,2026-01-09 11:21:00,casual
r-05000,b-294,Monastiraki,Syntagma,2026-01-11 06:01:00,2026-01-11 07:06:00,subscriber
